-- MySQL dump 10.13  Distrib 5.5.43, for debian-linux-gnu (x86_64)
--
-- Host: localhost    Database: wedwise
-- ------------------------------------------------------
-- Server version	5.5.43-0ubuntu0.14.04.1

/*!40101 SET @OLD_CHARACTER_SET_CLIENT=@@CHARACTER_SET_CLIENT */;
/*!40101 SET @OLD_CHARACTER_SET_RESULTS=@@CHARACTER_SET_RESULTS */;
/*!40101 SET @OLD_COLLATION_CONNECTION=@@COLLATION_CONNECTION */;
/*!40101 SET NAMES utf8 */;
/*!40103 SET @OLD_TIME_ZONE=@@TIME_ZONE */;
/*!40103 SET TIME_ZONE='+00:00' */;
/*!40014 SET @OLD_UNIQUE_CHECKS=@@UNIQUE_CHECKS, UNIQUE_CHECKS=0 */;
/*!40014 SET @OLD_FOREIGN_KEY_CHECKS=@@FOREIGN_KEY_CHECKS, FOREIGN_KEY_CHECKS=0 */;
/*!40101 SET @OLD_SQL_MODE=@@SQL_MODE, SQL_MODE='NO_AUTO_VALUE_ON_ZERO' */;
/*!40111 SET @OLD_SQL_NOTES=@@SQL_NOTES, SQL_NOTES=0 */;

--
-- Table structure for table `auth_group`
--

DROP TABLE IF EXISTS `auth_group`;
/*!40101 SET @saved_cs_client     = @@character_set_client */;
/*!40101 SET character_set_client = utf8 */;
CREATE TABLE `auth_group` (
  `id` int(11) NOT NULL AUTO_INCREMENT,
  `name` varchar(80) NOT NULL,
  PRIMARY KEY (`id`),
  UNIQUE KEY `name` (`name`)
) ENGINE=InnoDB DEFAULT CHARSET=latin1;
/*!40101 SET character_set_client = @saved_cs_client */;

--
-- Dumping data for table `auth_group`
--

LOCK TABLES `auth_group` WRITE;
/*!40000 ALTER TABLE `auth_group` DISABLE KEYS */;
/*!40000 ALTER TABLE `auth_group` ENABLE KEYS */;
UNLOCK TABLES;

--
-- Table structure for table `auth_group_permissions`
--

DROP TABLE IF EXISTS `auth_group_permissions`;
/*!40101 SET @saved_cs_client     = @@character_set_client */;
/*!40101 SET character_set_client = utf8 */;
CREATE TABLE `auth_group_permissions` (
  `id` int(11) NOT NULL AUTO_INCREMENT,
  `group_id` int(11) NOT NULL,
  `permission_id` int(11) NOT NULL,
  PRIMARY KEY (`id`),
  UNIQUE KEY `group_id` (`group_id`,`permission_id`),
  KEY `auth_group_permissions_0e939a4f` (`group_id`),
  KEY `auth_group_permissions_8373b171` (`permission_id`),
  CONSTRAINT `auth_group_permissions_group_id_58c48ba9_fk_auth_group_id` FOREIGN KEY (`group_id`) REFERENCES `auth_group` (`id`),
  CONSTRAINT `auth_group_permissi_permission_id_23962d04_fk_auth_permission_id` FOREIGN KEY (`permission_id`) REFERENCES `auth_permission` (`id`)
) ENGINE=InnoDB DEFAULT CHARSET=latin1;
/*!40101 SET character_set_client = @saved_cs_client */;

--
-- Dumping data for table `auth_group_permissions`
--

LOCK TABLES `auth_group_permissions` WRITE;
/*!40000 ALTER TABLE `auth_group_permissions` DISABLE KEYS */;
/*!40000 ALTER TABLE `auth_group_permissions` ENABLE KEYS */;
UNLOCK TABLES;

--
-- Table structure for table `auth_permission`
--

DROP TABLE IF EXISTS `auth_permission`;
/*!40101 SET @saved_cs_client     = @@character_set_client */;
/*!40101 SET character_set_client = utf8 */;
CREATE TABLE `auth_permission` (
  `id` int(11) NOT NULL AUTO_INCREMENT,
  `name` varchar(50) NOT NULL,
  `content_type_id` int(11) NOT NULL,
  `codename` varchar(100) NOT NULL,
  PRIMARY KEY (`id`),
  UNIQUE KEY `content_type_id` (`content_type_id`,`codename`),
  KEY `auth_permission_417f1b1c` (`content_type_id`),
  CONSTRAINT `auth_permissi_content_type_id_51277a81_fk_django_content_type_id` FOREIGN KEY (`content_type_id`) REFERENCES `django_content_type` (`id`)
) ENGINE=InnoDB AUTO_INCREMENT=34 DEFAULT CHARSET=latin1;
/*!40101 SET character_set_client = @saved_cs_client */;

--
-- Dumping data for table `auth_permission`
--

LOCK TABLES `auth_permission` WRITE;
/*!40000 ALTER TABLE `auth_permission` DISABLE KEYS */;
INSERT INTO `auth_permission` VALUES (1,'Can add log entry',1,'add_logentry'),(2,'Can change log entry',1,'change_logentry'),(3,'Can delete log entry',1,'delete_logentry'),(4,'Can add permission',2,'add_permission'),(5,'Can change permission',2,'change_permission'),(6,'Can delete permission',2,'delete_permission'),(7,'Can add group',3,'add_group'),(8,'Can change group',3,'change_group'),(9,'Can delete group',3,'delete_group'),(10,'Can add user',4,'add_user'),(11,'Can change user',4,'change_user'),(12,'Can delete user',4,'delete_user'),(13,'Can add content type',5,'add_contenttype'),(14,'Can change content type',5,'change_contenttype'),(15,'Can delete content type',5,'delete_contenttype'),(16,'Can add session',6,'add_session'),(17,'Can change session',6,'change_session'),(18,'Can delete session',6,'delete_session'),(19,'Can add customer',7,'add_customer'),(20,'Can change customer',7,'change_customer'),(21,'Can delete customer',7,'delete_customer'),(22,'Can add category',8,'add_category'),(23,'Can change category',8,'change_category'),(24,'Can delete category',8,'delete_category'),(25,'Can add vendor',9,'add_vendor'),(26,'Can change vendor',9,'change_vendor'),(27,'Can delete vendor',9,'delete_vendor'),(28,'Can add vendor lead',10,'add_vendorlead'),(29,'Can change vendor lead',10,'change_vendorlead'),(30,'Can delete vendor lead',10,'delete_vendorlead'),(31,'Can add messages',11,'add_messages'),(32,'Can change messages',11,'change_messages'),(33,'Can delete messages',11,'delete_messages');
/*!40000 ALTER TABLE `auth_permission` ENABLE KEYS */;
UNLOCK TABLES;

--
-- Table structure for table `auth_user`
--

DROP TABLE IF EXISTS `auth_user`;
/*!40101 SET @saved_cs_client     = @@character_set_client */;
/*!40101 SET character_set_client = utf8 */;
CREATE TABLE `auth_user` (
  `id` int(11) NOT NULL AUTO_INCREMENT,
  `password` varchar(128) NOT NULL,
  `last_login` datetime NOT NULL,
  `is_superuser` tinyint(1) NOT NULL,
  `username` varchar(256) NOT NULL,
  `first_name` varchar(30) NOT NULL,
  `last_name` varchar(30) NOT NULL,
  `email` varchar(75) NOT NULL,
  `is_staff` tinyint(1) NOT NULL,
  `is_active` tinyint(1) NOT NULL,
  `date_joined` datetime NOT NULL,
  PRIMARY KEY (`id`),
  UNIQUE KEY `username` (`username`)
) ENGINE=InnoDB AUTO_INCREMENT=119 DEFAULT CHARSET=latin1;
/*!40101 SET character_set_client = @saved_cs_client */;

--
-- Dumping data for table `auth_user`
--

LOCK TABLES `auth_user` WRITE;
/*!40000 ALTER TABLE `auth_user` DISABLE KEYS */;
INSERT INTO `auth_user` VALUES (1,'pbkdf2_sha256$12000$cuaKF9yaj59W$PjlRnLv7o3YJMQcDRprsBw6I5x95l9KcBLvRC4JotxI=','2015-07-26 16:12:29',1,'root','','','root@gm.com',1,1,'2015-06-28 17:32:56'),(74,'pbkdf2_sha256$12000$FaXI8yhqB6wE$CS0Isi3Oj9wgM9AlaFoTF+TqPk9piLNjIT2WT73zqYg=','2015-07-11 19:45:02',0,'banquet_homotel@wedwise.in','','','',0,1,'2015-07-11 19:45:02'),(75,'pbkdf2_sha256$12000$XjizvflG96ec$EO8mU1ukHluLodbWNpdmc9vzv47ryJYWFxezxoJB1TY=','2015-07-11 19:45:40',0,'banquet_novotel@wedwise.in','','','',0,1,'2015-07-11 19:45:40'),(76,'pbkdf2_sha256$12000$8nRRBryHcRzB$kUR0GpJ6LdNlgL1D06igG73tiaYR/9TNT6hGRZn8d50=','2015-07-11 19:46:47',0,'banquet_sun_n_sand@wedwise.in','','','',0,1,'2015-07-11 19:46:47'),(77,'pbkdf2_sha256$12000$6kFzkO2z22Bk$AggNREItnL0s2aoJzqxlEfylKvqKxohNM28mC3fLszY=','2015-07-11 19:47:41',0,'photo_clyde_n_karen@wedwise.in','','','',0,1,'2015-07-11 19:47:41'),(78,'pbkdf2_sha256$12000$Cicos0glgdSk$Rg97yoTXTCsVserrnZ0cCgqD1BXF4NZK5+sd6vmJhhc=','2015-07-11 19:48:20',0,'photo_prashant@wedwise.in','','','',0,1,'2015-07-11 19:48:20'),(79,'pbkdf2_sha256$12000$qqfCqqPYKinC$UYZCC+BPozwA0G18Gig+DtNSjh7fe1+jzKTs4fpFxRE=','2015-07-11 19:48:48',0,'photo_umesh_shah@wedwise.in','','','',0,1,'2015-07-11 19:48:48'),(80,'pbkdf2_sha256$12000$SCwD8qMsQCEV$h8QKdR9Xn97sPLMA/Ii2PSmwlPI0BMkIg+eMgMen0/8=','2015-07-11 19:49:26',0,'caterer_trupti@wedwise.in','','','',0,1,'2015-07-11 19:49:26'),(81,'pbkdf2_sha256$12000$Z06oBhgLWnOq$00Zvi8LJIhqX2m8oykaaD488rJH74qgU/2PpK/XX07Q=','2015-07-11 19:49:42',0,'caterer_grand@wedwise.in','','','',0,1,'2015-07-11 19:49:42'),(82,'pbkdf2_sha256$12000$udbS9J2A8aLa$oFw0mMKiYnL6rLVNkjS4VbfOCuB2DjJDE+S1MRKBJOE=','2015-07-11 19:50:01',0,'caterer_lakahani@wedwise.in','','','',0,1,'2015-07-11 19:50:01'),(83,'pbkdf2_sha256$12000$GYS9XjWdUcGS$Lrv+gk1yPxStZeL9lPk5cBlxszUhZzQre9ihp8wh5Pw=','2015-07-11 19:56:32',0,'makeup_charmikimi@wedwise.in','','','',0,1,'2015-07-11 19:56:32'),(84,'pbkdf2_sha256$12000$Nr409qSw1gd5$oz/0FASfZy+iaXlTofTNg7UDNAy23HeyrbscWgmuBT8=','2015-07-11 20:04:50',0,'makeup_ojas@wedwise.in','','','',0,1,'2015-07-11 20:04:50'),(85,'pbkdf2_sha256$12000$CgxWvA9vnozA$2J4+KWngiuPhDD+uoF4oufEIhKVNKzbtVjXoAUNu8Dg=','2015-07-11 20:05:07',0,'makeup_khushi@wedwise.in','','','',0,1,'2015-07-11 20:05:07'),(86,'pbkdf2_sha256$12000$pGWNwDbf27NG$uZd24bRbBoRUxWEJfHSsGJSobwx7Unr2k5u2XYyq7Ic=','2015-07-11 23:46:21',0,'customer@wedwise.in','','','customer@wedwise.in',0,1,'2015-07-11 23:46:21'),(87,'pbkdf2_sha256$12000$QLkoS1f5ky1l$lusGchfKcxthunZ3wVQWAX4zeH5Kw8y8PFQvrEIDxrM=','2015-07-18 10:45:13',0,'wed@gmal.com','','','wed@gmal.com',0,1,'2015-07-18 10:45:13'),(88,'pbkdf2_sha256$12000$k4IqpNCpsbJX$VTKSC+ApGWK8xKP0yXwgEaCMUxo6EbylPZ4w82kCqZ8=','2015-07-18 11:29:15',0,'lokesh@gmal.com','','','lokesh@gmal.com',0,1,'2015-07-18 11:29:15'),(89,'pbkdf2_sha256$12000$NtxpGlk3GApr$kPDlFUe8u/Ms7tbwn6QNRLR8mAxf6EeSjp93Xk042QA=','2015-07-18 12:16:05',0,'ankur.test17@gmail.com','','','ankur.test17@gmail.com',0,1,'2015-07-18 12:16:05'),(90,'pbkdf2_sha256$12000$GDYkFcHtkORS$5NWlR+XrkVfvqMBLjQs3QArxeDBdAycJ+vNmVASGQVw=','2015-07-18 13:47:07',0,'l.s321991@gmail.com','','','l.s321991@gmail.com',0,1,'2015-07-18 13:47:07'),(91,'pbkdf2_sha256$12000$9F14EodM5qEy$QvqzboXFxUPgIar03PSmgk5lmnOL2aH1XmSVgnnD958=','2015-07-18 14:22:29',0,'customer1@wedwise.in','','','customer1@wedwise.in',0,1,'2015-07-18 14:22:29'),(92,'pbkdf2_sha256$12000$pacGmwnTmbPR$So8rKkuBxPb5cUEU1OhP54BOihqZp3vZ3Pzj7Jrjw84=','2015-07-18 16:20:08',0,'swapnil_jain05@yahoo.in','','','swapnil_jain05@yahoo.in',0,1,'2015-07-18 16:20:08'),(93,'pbkdf2_sha256$12000$LionA1dhNbOU$jr0Cz0XzWQGRcmRgCRaZMjNCUfIy0KzJ4I1H0h5qtGk=','2015-07-19 13:03:37',0,'test@gmail.com','','','test@gmail.com',0,1,'2015-07-19 13:03:37'),(94,'pbkdf2_sha256$12000$UzH3xRMJUkvW$zPzYqwdPGGORhGaiRS+aEcWk8I0FzTIVVKICtp82DEA=','2015-07-19 13:05:32',0,'vendortest@gmail.com','','','vendortest@gmail.com',0,1,'2015-07-19 13:05:32'),(95,'pbkdf2_sha256$12000$pwenw6anHgYB$7yDsj+/hmP1PbpZXPZQor1g3rUbPxDWda7nn4VFK0bA=','2015-07-21 12:20:14',0,'swapnil@gmail.com','','','swapnil@gmail.com',0,1,'2015-07-21 12:20:14'),(96,'pbkdf2_sha256$12000$E09Zhz8l9LKD$+0yWBw8wtp/HghFHmopBNXrUJ4r3VX06viG1TMFNfj0=','2015-07-22 15:01:43',0,'nishu.saxena@gmail.com','','','nishu.saxena@gmail.com',0,1,'2015-07-22 15:01:43'),(97,'pbkdf2_sha256$12000$ZRgRy2W4HVHC$BtF6PvaIQlTkmGlFvDnH9PGBqEtXA0VwMe2OJEF3Brk=','2015-07-23 19:46:28',0,'dummy_customer@wedwise.in','','','dummy_customer@wedwise.in',0,1,'2015-07-23 19:46:28'),(98,'pbkdf2_sha256$12000$cCe40VAtX6za$KHjubxsOiQrKmj+kf47p/HCEImUSC31R+yLc0NmWAMU=','2015-07-24 17:10:47',0,'swapnil_jain05d@yahoo.in','','','swapnil_jain05d@yahoo.in',0,1,'2015-07-24 17:10:47'),(99,'pbkdf2_sha256$12000$8AESg5hHphcJ$2xUesd6DxQdMnWLnHllOoF+pLGk0ayA9ZI0iZz3g/Lw=','2015-07-24 17:11:37',0,'swapnil_jain05dsd@yahoo.in','','','swapnil_jain05dsd@yahoo.in',0,1,'2015-07-24 17:11:37'),(100,'pbkdf2_sha256$12000$Si1MPjqbtLkt$8vY1Q/cIOJ8JcEivvBgPPCbPW8i3xbnnsp79tnHVj94=','2015-07-24 17:11:59',0,'swapnil_jain05dsdsd@yahoo.in','','','swapnil_jain05dsdsd@yahoo.in',0,1,'2015-07-24 17:11:59'),(101,'pbkdf2_sha256$12000$G5xABAcv7fDI$L1nCL0Px9Vt1HzvZ8kU1rwmfiUfCLqRI2q1t8bKoiFY=','2015-07-24 17:13:23',0,'swapnil_jain05asdsdsd@yahoo.in','','','swapnil_jain05asdsdsd@yahoo.in',0,1,'2015-07-24 17:13:23'),(102,'pbkdf2_sha256$12000$h6eZFA6AYqk0$9TMjOLgktpw7AbSbz4QqKg8v/++A3fwOUbfRLDh63hc=','2015-07-24 17:18:01',0,'swapnil_jain05acfsdsdsd@yahoo.in','','','swapnil_jain05acfsdsdsd@yahoo.in',0,1,'2015-07-24 17:18:01'),(103,'pbkdf2_sha256$12000$nJtVEyYl55AO$YFZ714k6YFQ75suo13lDtqnYPVUzFtZXTFgIPbKVQmI=','2015-07-24 18:32:31',0,'nishu1.saxena@gmail.com','','','nishu1.saxena@gmail.com',0,1,'2015-07-24 18:32:31'),(104,'pbkdf2_sha256$12000$tuTpOHXEauf9$H1gypLfuUsJLzMhEO05zMscYJCVXW7XZtTuT7WD2zT4=','2015-07-24 19:20:01',0,'shiva@gmail.in','','','shiva@gmail.in',0,1,'2015-07-24 19:20:01'),(105,'pbkdf2_sha256$12000$6jMWhdtHxLzN$ybVD5Tlw/4FOwsgBUAfqX1zj6eD8sPtD9iyhHnHbszg=','2015-07-24 19:29:11',0,'deepak@gmail.in','','','deepak@gmail.in',0,1,'2015-07-24 19:29:11'),(106,'pbkdf2_sha256$12000$CTLdASHVK1GK$q39UfZNoyAKlhpRKYtAb32UcApxAQWZIKegmaQGqdKE=','2015-07-24 19:46:05',0,'test@gmail.in','','','test@gmail.in',0,1,'2015-07-24 19:46:05'),(107,'pbkdf2_sha256$12000$riy9Pw9OXUrX$zT4R+4CEteyxZYAXJ97MdSi+L3Ef6yhna5jXvTAbr1M=','2015-07-24 19:52:35',0,'user@gmail.in','','','user@gmail.in',0,1,'2015-07-24 19:52:35'),(108,'pbkdf2_sha256$12000$4kAs1X9lVI7Y$RxrBlsNivHU4BcKGroGkSQWl4+Ape4haBVy2gQ5Vnbk=','2015-07-24 19:54:35',0,'test@wed.in','','','test@wed.in',0,1,'2015-07-24 19:54:35'),(109,'pbkdf2_sha256$12000$lVYA0WP8SlVf$FkKRdg0cXnIVR97nW2NLXILq6pssjkHQg0TbxAG9P2Q=','2015-07-25 06:19:06',0,'asdf@gmail.com','','','asdf@gmail.com',0,1,'2015-07-25 06:19:06'),(110,'pbkdf2_sha256$12000$AVoCPWTVa5K3$nZuR8Vs78oZ4BDDhH2sfr9sYabktRskuRqQFJr3lUY8=','2015-07-30 08:14:30',0,'dharammehta@xyz.com','','','dharammehta@xyz.com',0,1,'2015-07-30 08:14:30'),(111,'pbkdf2_sha256$12000$CooVXs49YF5X$I2Z+oLUyzBdxBMUeV72IhufmSuhIbSNH4TuaAWd/Os4=','2015-07-31 12:06:34',0,'sadd@gmail.com','','','sadd@gmail.com',0,1,'2015-07-31 12:06:34'),(113,'pbkdf2_sha256$12000$VmZCm9AkBPDH$lf31sTH/00v0rkCrYiPzObqinm8ucpKXsfOnPdwG2fk=','2015-08-04 16:39:37',0,'vendor@gmail.com','','','vendor@gmail.com',0,1,'2015-08-04 16:39:37'),(114,'pbkdf2_sha256$12000$PXYkvktlTZWo$2Ko9o8xoYqB/pehHs/uDFfLI3K4pHGT7KcdTmO+yv2E=','2015-08-04 16:44:37',0,'deepak@vendor.com','','','deepak@vendor.com',0,1,'2015-08-04 16:44:37'),(115,'pbkdf2_sha256$12000$v8cnnOfqDsti$ye7OyEmMUI63ba6CTp1f1i2SCfNQ3SjDyL4QdGFNxDk=','2015-08-06 17:18:47',0,'aap@gmail.com','','','aap@gmail.com',0,1,'2015-08-06 17:18:47'),(116,'pbkdf2_sha256$12000$awEC4Yv8RhjT$FGCxAqkgWRYjV+A9W6A4F2h0uQhY7cq8hapdllRnyJ8=','2015-08-09 21:09:48',0,'vendor@gmail.in','','','vendor@gmail.in',0,1,'2015-08-09 21:09:48'),(117,'pbkdf2_sha256$12000$AjSC3V8otNzM$b7YCX6bStDmEvmkF4y9HsIWCIRzT4Z2pcyvhF6aXWe0=','2015-08-12 12:32:49',0,'mukesh.vijay3@gmail.com','','','mukesh.vijay3@gmail.com',0,1,'2015-08-12 12:32:49'),(118,'pbkdf2_sha256$12000$rqUf3urIoBbt$k77myM3vVJtP9T8LVIX6R9LpeJE/rAkGzye6kZ4VTZk=','2015-08-12 13:09:48',0,'rksh_vijay@yahoo.com','','','rksh_vijay@yahoo.com',0,1,'2015-08-12 13:09:48');
/*!40000 ALTER TABLE `auth_user` ENABLE KEYS */;
UNLOCK TABLES;

--
-- Table structure for table `auth_user_groups`
--

DROP TABLE IF EXISTS `auth_user_groups`;
/*!40101 SET @saved_cs_client     = @@character_set_client */;
/*!40101 SET character_set_client = utf8 */;
CREATE TABLE `auth_user_groups` (
  `id` int(11) NOT NULL AUTO_INCREMENT,
  `user_id` int(11) NOT NULL,
  `group_id` int(11) NOT NULL,
  PRIMARY KEY (`id`),
  UNIQUE KEY `user_id` (`user_id`,`group_id`),
  KEY `auth_user_groups_e8701ad4` (`user_id`),
  KEY `auth_user_groups_0e939a4f` (`group_id`),
  CONSTRAINT `auth_user_groups_group_id_30a071c9_fk_auth_group_id` FOREIGN KEY (`group_id`) REFERENCES `auth_group` (`id`),
  CONSTRAINT `auth_user_groups_user_id_24702650_fk_auth_user_id` FOREIGN KEY (`user_id`) REFERENCES `auth_user` (`id`)
) ENGINE=InnoDB DEFAULT CHARSET=latin1;
/*!40101 SET character_set_client = @saved_cs_client */;

--
-- Dumping data for table `auth_user_groups`
--

LOCK TABLES `auth_user_groups` WRITE;
/*!40000 ALTER TABLE `auth_user_groups` DISABLE KEYS */;
/*!40000 ALTER TABLE `auth_user_groups` ENABLE KEYS */;
UNLOCK TABLES;

--
-- Table structure for table `auth_user_user_permissions`
--

DROP TABLE IF EXISTS `auth_user_user_permissions`;
/*!40101 SET @saved_cs_client     = @@character_set_client */;
/*!40101 SET character_set_client = utf8 */;
CREATE TABLE `auth_user_user_permissions` (
  `id` int(11) NOT NULL AUTO_INCREMENT,
  `user_id` int(11) NOT NULL,
  `permission_id` int(11) NOT NULL,
  PRIMARY KEY (`id`),
  UNIQUE KEY `user_id` (`user_id`,`permission_id`),
  KEY `auth_user_user_permissions_e8701ad4` (`user_id`),
  KEY `auth_user_user_permissions_8373b171` (`permission_id`),
  CONSTRAINT `auth_user_user_permissions_user_id_7cd7acb6_fk_auth_user_id` FOREIGN KEY (`user_id`) REFERENCES `auth_user` (`id`),
  CONSTRAINT `auth_user_user_perm_permission_id_3d7071f0_fk_auth_permission_id` FOREIGN KEY (`permission_id`) REFERENCES `auth_permission` (`id`)
) ENGINE=InnoDB DEFAULT CHARSET=latin1;
/*!40101 SET character_set_client = @saved_cs_client */;

--
-- Dumping data for table `auth_user_user_permissions`
--

LOCK TABLES `auth_user_user_permissions` WRITE;
/*!40000 ALTER TABLE `auth_user_user_permissions` DISABLE KEYS */;
/*!40000 ALTER TABLE `auth_user_user_permissions` ENABLE KEYS */;
UNLOCK TABLES;

--
-- Table structure for table `customer_customer`
--

DROP TABLE IF EXISTS `customer_customer`;
/*!40101 SET @saved_cs_client     = @@character_set_client */;
/*!40101 SET character_set_client = utf8 */;
CREATE TABLE `customer_customer` (
  `user_id` int(11) NOT NULL,
  `groom_name` varchar(100) NOT NULL,
  `bride_name` varchar(100) NOT NULL,
  `contact_number` varchar(20) NOT NULL,
  `fbid` varchar(1024) NOT NULL,
  `gid` varchar(1024) NOT NULL,
  `identifier` varchar(512) NOT NULL,
  `tentative_wedding_date` varchar(20) DEFAULT NULL,
  `forgot_code` varchar(50) DEFAULT NULL,
  PRIMARY KEY (`user_id`),
  CONSTRAINT `customer_customer_user_id_57101913_fk_auth_user_id` FOREIGN KEY (`user_id`) REFERENCES `auth_user` (`id`)
) ENGINE=InnoDB DEFAULT CHARSET=latin1;
/*!40101 SET character_set_client = @saved_cs_client */;

--
-- Dumping data for table `customer_customer`
--

LOCK TABLES `customer_customer` WRITE;
/*!40000 ALTER TABLE `customer_customer` DISABLE KEYS */;
INSERT INTO `customer_customer` VALUES (86,'Nishant','Divya','9032092000','','','customer@wedwise.in:fRITsf8kb60QSc6r3eAJqz0rqZA','2015-11-10','735565'),(87,'we','we','9876543210','','','wed@gmal.com:sN4eKpxcprAJCmKoAJEymKBZkJ8',NULL,NULL),(88,'gfd','gfd','9876543210','','','lokesh@gmal.com:kRc9kNo1ryEZC_TsfKPpmkI0GpU',NULL,NULL),(89,'aa','aa','9631245780','','','ankur.test17@gmail.com:z1vi6XbU-H4ywNr5Y75EhGYHUuw',NULL,NULL),(92,'asdcaS','AsdaS','12345678912','','','swapnil_jain05@yahoo.in:B7lfUfTD7lwT9C6bb9SV995uknc','',NULL),(93,'aa','aa','9314567852','','','test@gmail.com:HZ8I4kgzUG7PTeuTbunNn13CvX0',NULL,NULL),(95,'lokesh','lokesh','1234567890','','','swapnil@gmail.com:6yuGQccQs0eWVTmuFHrvFXh8INU',NULL,NULL),(96,'Nishant','Divya','9032090900','','','nishu.saxena@gmail.com:-aXxfMHFNWGP9SY6d6DStZ0qDnY','',NULL),(97,'Internal','Use','9999999999','','','dummy_customer@wedwise.in:KvCM4H9tpjc14ATIzml-3Po1KU8','',NULL),(98,'asdcaS','AsdaS','12345678912','','','swapnil_jain05d@yahoo.in:aCasmxDvLfan7pJDpXUTrKu_Eoo','',NULL),(99,'asdcaS','AsdaS','12345678912','','','swapnil_jain05dsd@yahoo.in:QtlQiFlKd_K9lpa1K2NFSd7sSMU','',NULL),(100,'asdcaS','AsdaS','12345678912','','','swapnil_jain05dsdsd@yahoo.in:7qp101Krb-F4TyYlukO_0uUKD_E','',NULL),(101,'asdcaS','AsdaS','12345678912','','','swapnil_jain05asdsdsd@yahoo.in:fGl0-b8O1rS8QPPoCecNeeJ834s','',NULL),(102,'asdcaS','AsdaS','12345678912','','','swapnil_jain05acfsdsdsd@yahoo.in:OH7KnZzuWZVwADeCgffBB7pCNGo','',NULL),(103,'nishu','sslkl','90910909090','','','nishu1.saxena@gmail.com:XwBw8xM_HaZ9xVxOZkevt0rTgl0','',NULL),(104,'shiva','nisha','1234567890','','','shiva@gmail.in:1DN52k2dAyeWplGT1vscotD2pyA','','255635'),(105,'deepka','angel','1234567890','','','deepak@gmail.in:QPFehKvCQ3WhLN1rUKoDlT46qRQ','',NULL),(106,'tester','testing','1234567890','','','test@gmail.in:W1E2JWZnATNIJDLfVxtoybgmQDM','',NULL),(107,'groom','bride','1234567890','','','user@gmail.in:KHW0aLK181w8PZqi-fbE_cK-0ck','',NULL),(108,'groom','bride','1234567890','','','test@wed.in:6dmczdOjYvvYSgzHv8g5DZYaSbA','2015-07-29',NULL),(109,'aa','aa','1234567890','','','asdf@gmail.com:tu4RiSBgjWg9jjncY6extoaJ2bY','',NULL),(110,'Dharam Mehta','Avani Mehta','1234567890','','','dharammehta@xyz.com:_mScqUsfVFOv9nH3w-AMXy2U7Fo','',NULL),(111,'add','add','1234567890','','','sadd@gmail.com:vBBclO-DBzmImsAGCYeW-qofRSY','',NULL),(115,'aa','bb','1234567890','','','aap@gmail.com:XRO9m7BaOp7nHGi0KG90ON9IRKY','',NULL);
/*!40000 ALTER TABLE `customer_customer` ENABLE KEYS */;
UNLOCK TABLES;

--
-- Table structure for table `customer_favorites`
--

DROP TABLE IF EXISTS `customer_favorites`;
/*!40101 SET @saved_cs_client     = @@character_set_client */;
/*!40101 SET character_set_client = utf8 */;
CREATE TABLE `customer_favorites` (
  `id` int(11) NOT NULL AUTO_INCREMENT,
  `favorite` varchar(2) NOT NULL,
  `customer_id` int(11) NOT NULL,
  `vendor_id` int(11) NOT NULL,
  PRIMARY KEY (`id`),
  KEY `customer_favorites_cb24373b` (`customer_id`),
  KEY `customer_favorites_96b1f972` (`vendor_id`),
  CONSTRAINT `customer_favorite_vendor_id_11913d96c51dd3a6_fk_vendor_vendor_id` FOREIGN KEY (`vendor_id`) REFERENCES `vendor_vendor` (`id`),
  CONSTRAINT `custom_customer_id_19e440efb94da3ea_fk_customer_customer_user_id` FOREIGN KEY (`customer_id`) REFERENCES `customer_customer` (`user_id`)
) ENGINE=InnoDB AUTO_INCREMENT=4 DEFAULT CHARSET=utf8;
/*!40101 SET character_set_client = @saved_cs_client */;

--
-- Dumping data for table `customer_favorites`
--

LOCK TABLES `customer_favorites` WRITE;
/*!40000 ALTER TABLE `customer_favorites` DISABLE KEYS */;
INSERT INTO `customer_favorites` VALUES (2,'1',86,18),(3,'1',86,19);
/*!40000 ALTER TABLE `customer_favorites` ENABLE KEYS */;
UNLOCK TABLES;

--
-- Table structure for table `django_admin_log`
--

DROP TABLE IF EXISTS `django_admin_log`;
/*!40101 SET @saved_cs_client     = @@character_set_client */;
/*!40101 SET character_set_client = utf8 */;
CREATE TABLE `django_admin_log` (
  `id` int(11) NOT NULL AUTO_INCREMENT,
  `action_time` datetime NOT NULL,
  `object_id` longtext,
  `object_repr` varchar(200) NOT NULL,
  `action_flag` smallint(5) unsigned NOT NULL,
  `change_message` longtext NOT NULL,
  `content_type_id` int(11) DEFAULT NULL,
  `user_id` int(11) NOT NULL,
  PRIMARY KEY (`id`),
  KEY `django_admin_log_417f1b1c` (`content_type_id`),
  KEY `django_admin_log_e8701ad4` (`user_id`),
  CONSTRAINT `django_admin_log_user_id_1c5f563_fk_auth_user_id` FOREIGN KEY (`user_id`) REFERENCES `auth_user` (`id`),
  CONSTRAINT `django_admin__content_type_id_5151027a_fk_django_content_type_id` FOREIGN KEY (`content_type_id`) REFERENCES `django_content_type` (`id`)
) ENGINE=InnoDB AUTO_INCREMENT=158 DEFAULT CHARSET=latin1;
/*!40101 SET character_set_client = @saved_cs_client */;

--
-- Dumping data for table `django_admin_log`
--

LOCK TABLES `django_admin_log` WRITE;
/*!40000 ALTER TABLE `django_admin_log` DISABLE KEYS */;
INSERT INTO `django_admin_log` VALUES (1,'2015-07-11 18:17:43','5','Others',3,'',8,1),(2,'2015-07-11 18:19:36','3','Decorators',2,'Changed image.',8,1),(3,'2015-07-11 19:10:15','3','Hair & Makeup',2,'Changed name and key.',8,1),(4,'2015-07-11 19:12:32','17','vendor2@test.com belong to vendor Banquets (as )',3,'',9,1),(5,'2015-07-11 19:12:32','16','sljlsd@gm.com belong to vendor Banquets (as )',3,'',9,1),(6,'2015-07-11 19:12:32','15','sandeepgaddam123@gmail.com belong to vendor Banquets (as )',3,'',9,1),(7,'2015-07-11 19:12:32','14','iamcoder7@gmail.com belong to vendor Hair & Makeup (as )',3,'',9,1),(8,'2015-07-11 19:12:32','13','abc@abc.com belong to vendor Banquets (as )',3,'',9,1),(9,'2015-07-11 19:12:32','12','atttt@ttt.com belong to vendor Banquets (as )',3,'',9,1),(10,'2015-07-11 19:12:32','11','aattyy@aa.com belong to vendor Banquets (as )',3,'',9,1),(11,'2015-07-11 19:12:32','10','test11@test.com belong to vendor Banquets (as )',3,'',9,1),(12,'2015-07-11 19:12:32','9','aa@aa.com belong to vendor Banquets (as )',3,'',9,1),(13,'2015-07-11 19:12:32','8','common@test.com belong to vendor Banquets (as )',3,'',9,1),(14,'2015-07-11 19:12:32','7','test2@test2.com belong to vendor Banquets (as )',3,'',9,1),(15,'2015-07-11 19:12:32','6','test1@test1.com belong to vendor Banquets (as )',3,'',9,1),(16,'2015-07-11 19:12:32','5','vendor1@test.com belong to vendor Banquets (as )',3,'',9,1),(17,'2015-07-11 19:12:32','4','test@test.com belong to vendor Banquets (as )',3,'',9,1),(18,'2015-07-11 19:12:32','3','vendor@test.com belong to vendor Banquets (as )',3,'',9,1),(19,'2015-07-11 19:12:32','1','nishusaxena@gmail.com belong to vendor Banquets (as )',3,'',9,1),(20,'2015-07-11 19:12:55','2','root belong to vendor Banquets (as Admin)',3,'',9,1),(21,'2015-07-11 19:13:45','61','aa@aa.com',3,'',4,1),(22,'2015-07-11 19:13:45','65','aattyy@aa.com',3,'',4,1),(23,'2015-07-11 19:13:45','68','abc@abc.com',3,'',4,1),(24,'2015-07-11 19:13:45','66','atttt@ttt.com',3,'',4,1),(25,'2015-07-11 19:13:45','38','ccc',3,'',4,1),(26,'2015-07-11 19:13:45','60','common@test.com',3,'',4,1),(27,'2015-07-11 19:13:45','53','customer@test.com',3,'',4,1),(28,'2015-07-11 19:13:45','62','deepak@gmail.in',3,'',4,1),(29,'2015-07-11 19:13:45','69','iamcoder7@gmail.com',3,'',4,1),(30,'2015-07-11 19:13:45','44','nishu.saxena@gmail.com',3,'',4,1),(31,'2015-07-11 19:13:45','34','nishu.ssddccsaxenadd@gmail.com',3,'',4,1),(32,'2015-07-11 19:13:45','37','nishu.ssddsaasccsaxenadd@gmail.com',3,'',4,1),(33,'2015-07-11 19:13:45','33','nishu.ssddsaxenadd@gmail.com',3,'',4,1),(34,'2015-07-11 19:13:45','36','nishu.ssddssccsaxenadd@gmail.com',3,'',4,1),(35,'2015-07-11 19:13:45','51','nishusaxena@gmail.com',3,'',4,1),(36,'2015-07-11 19:13:45','71','sandeepgaddam123@gmail.com',3,'',4,1),(37,'2015-07-11 19:13:45','70','sandeeproy.465@gmail.com',3,'',4,1),(38,'2015-07-11 19:13:45','72','sljlsd@gm.com',3,'',4,1),(39,'2015-07-11 19:13:45','41','ss@gm.com',3,'',4,1),(40,'2015-07-11 19:13:45','42','ssdd@gm.com',3,'',4,1),(41,'2015-07-11 19:13:45','43','ssdsssd@gm.com',3,'',4,1),(42,'2015-07-11 19:13:45','39','sss@gm.com',3,'',4,1),(43,'2015-07-11 19:13:45','40','ssss@gm.com',3,'',4,1),(44,'2015-07-11 19:13:45','59','tedt@test.com',3,'',4,1),(45,'2015-07-11 19:13:45','63','test11@test.com',3,'',4,1),(46,'2015-07-11 19:13:45','64','test12@test.com',3,'',4,1),(47,'2015-07-11 19:13:45','67','test13@test.com',3,'',4,1),(48,'2015-07-11 19:13:45','56','test1@test1.com',3,'',4,1),(49,'2015-07-11 19:13:45','57','test2@test2.com',3,'',4,1),(50,'2015-07-11 19:13:45','54','test@test.com',3,'',4,1),(51,'2015-07-11 19:13:45','58','test@test1.com',3,'',4,1),(52,'2015-07-11 19:13:45','55','vendor1@test.com',3,'',4,1),(53,'2015-07-11 19:13:45','73','vendor2@test.com',3,'',4,1),(54,'2015-07-11 19:13:45','52','vendor@test.com',3,'',4,1),(55,'2015-07-11 19:45:02','74','banquet_homotel',1,'',4,1),(56,'2015-07-11 19:45:40','75','banquet_novotel',1,'',4,1),(57,'2015-07-11 19:46:47','76','banquet_sun_and_sand',1,'',4,1),(58,'2015-07-11 19:47:41','77','photographer_clyde_and_karen',1,'',4,1),(59,'2015-07-11 19:48:20','78','photographer_prashant',1,'',4,1),(60,'2015-07-11 19:48:48','79','photographer_umesh_shah',1,'',4,1),(61,'2015-07-11 19:49:26','80','caterer_trupti',1,'',4,1),(62,'2015-07-11 19:49:30','80','caterer_trupti',2,'No fields changed.',4,1),(63,'2015-07-11 19:49:42','81','caterer_grand',1,'',4,1),(64,'2015-07-11 19:49:47','81','caterer_grand',2,'No fields changed.',4,1),(65,'2015-07-11 19:50:01','82','caterer_lakahani',1,'',4,1),(66,'2015-07-11 19:50:14','74','banquet_homotel@wedwise.in',2,'Changed username.',4,1),(67,'2015-07-11 19:50:29','75','banquet_novotel@wedwise.in',2,'Changed username.',4,1),(68,'2015-07-11 19:50:43','76','banquet_sun_n_sand@wedwise.in',2,'Changed username.',4,1),(69,'2015-07-11 19:50:49','81','caterer_grand@wedwise.in',2,'Changed username.',4,1),(70,'2015-07-11 19:51:00','82','caterer_lakahani@wedwise.in',2,'Changed username.',4,1),(71,'2015-07-11 19:51:05','80','caterer_trupti@wedwise.in',2,'Changed username.',4,1),(72,'2015-07-11 19:51:37','77','photo_clyde_n_karen@wedwise.n',2,'Changed username.',4,1),(73,'2015-07-11 19:51:47','78','photo_prashant@wedwise.in',2,'Changed username.',4,1),(74,'2015-07-11 19:51:59','79','photo_umesh_shah@wedwise.in',2,'Changed username.',4,1),(75,'2015-07-11 19:52:35','74','banquet_homotel@wedwise.in',2,'Changed password.',4,1),(76,'2015-07-11 19:52:52','74','banquet_homotel@wedwise.in',2,'Changed password.',4,1),(77,'2015-07-11 19:53:16','75','banquet_novotel@wedwise.in',2,'Changed password.',4,1),(78,'2015-07-11 19:53:29','76','banquet_sun_n_sand@wedwise.in',2,'Changed password.',4,1),(79,'2015-07-11 19:53:42','76','banquet_sun_n_sand@wedwise.in',2,'Changed password.',4,1),(80,'2015-07-11 19:53:55','81','caterer_grand@wedwise.in',2,'Changed password.',4,1),(81,'2015-07-11 19:54:10','82','caterer_lakahani@wedwise.in',2,'Changed password.',4,1),(82,'2015-07-11 19:54:24','80','caterer_trupti@wedwise.in',2,'Changed password.',4,1),(83,'2015-07-11 19:54:40','77','photo_clyde_n_karen@wedwise.n',2,'Changed password.',4,1),(84,'2015-07-11 19:54:57','78','photo_prashant@wedwise.in',2,'Changed password.',4,1),(85,'2015-07-11 19:55:18','79','photo_umesh_shah@wedwise.in',2,'Changed password.',4,1),(86,'2015-07-11 19:56:32','83','makeup_charmikimi@wedwise.in',1,'',4,1),(87,'2015-07-11 20:04:50','84','makeup_ojas@wedwise.in',1,'',4,1),(88,'2015-07-11 20:05:07','85','makeup_khushi@wedwise.in',1,'',4,1),(89,'2015-07-11 20:10:10','18','banquet_homotel@wedwise.in belong to vendor Banquets (as Admin)',1,'',9,1),(90,'2015-07-11 20:13:48','19','banquet_novotel@wedwise.in belong to vendor Banquets (as Admin)',1,'',9,1),(91,'2015-07-11 20:15:46','20','banquet_sun_n_sand@wedwise.in belong to vendor Banquets (as Admin)',1,'',9,1),(92,'2015-07-11 20:19:14','21','caterer_grand@wedwise.in belong to vendor Catereres (as Admin)',1,'',9,1),(93,'2015-07-11 20:21:25','22','caterer_lakahani@wedwise.in belong to vendor Catereres (as Admin)',1,'',9,1),(94,'2015-07-11 20:22:58','23','caterer_trupti@wedwise.in belong to vendor Catereres (as Admin)',1,'',9,1),(95,'2015-07-11 20:24:48','24','makeup_charmikimi@wedwise.in belong to vendor Hair & Makeup (as Admin)',1,'',9,1),(96,'2015-07-11 20:46:29','24','makeup_charmikimi@wedwise.in belong to vendor Hair & Makeup (as Admin)',2,'Changed dynamic_info.',9,1),(97,'2015-07-11 20:47:41','24','makeup_charmikimi@wedwise.in belong to vendor Hair & Makeup (as Admin)',2,'Changed dynamic_info.',9,1),(98,'2015-07-11 20:48:25','24','makeup_charmikimi@wedwise.in belong to vendor Hair & Makeup (as Admin)',2,'Changed dynamic_info.',9,1),(99,'2015-07-11 20:58:36','24','makeup_charmikimi@wedwise.in belong to vendor Hair & Makeup (as Admin)',2,'Changed dynamic_info.',9,1),(100,'2015-07-11 20:58:53','23','caterer_trupti@wedwise.in belong to vendor Catereres (as Admin)',2,'Changed dynamic_info.',9,1),(101,'2015-07-11 20:59:22','22','caterer_lakahani@wedwise.in belong to vendor Catereres (as Admin)',2,'Changed dynamic_info.',9,1),(102,'2015-07-11 20:59:50','21','caterer_grand@wedwise.in belong to vendor Catereres (as Admin)',2,'Changed dynamic_info.',9,1),(103,'2015-07-11 21:01:57','21','caterer_grand@wedwise.in belong to vendor Catereres (as Admin)',2,'No fields changed.',9,1),(104,'2015-07-11 21:02:19','20','banquet_sun_n_sand@wedwise.in belong to vendor Banquets (as Admin)',2,'Changed address.',9,1),(105,'2015-07-11 21:02:43','19','banquet_novotel@wedwise.in belong to vendor Banquets (as Admin)',2,'Changed dynamic_info.',9,1),(106,'2015-07-11 22:20:00','18','banquet_homotel@wedwise.in belong to vendor Banquets (as Admin)',2,'Changed dynamic_info.',9,1),(107,'2015-07-11 22:20:37','20','banquet_sun_n_sand@wedwise.in belong to vendor Banquets (as Admin)',2,'No fields changed.',9,1),(108,'2015-07-11 22:22:34','20','banquet_sun_n_sand@wedwise.in belong to vendor Banquets (as Admin)',2,'Changed dynamic_info.',9,1),(109,'2015-07-11 22:23:53','20','banquet_sun_n_sand@wedwise.in belong to vendor Banquets (as Admin)',2,'Changed address.',9,1),(110,'2015-07-11 22:29:39','20','banquet_sun_n_sand@wedwise.in belong to vendor Banquets (as Admin)',2,'Changed address.',9,1),(111,'2015-07-11 22:31:37','20','banquet_sun_n_sand@wedwise.in belong to vendor Banquets (as Admin)',2,'Changed address.',9,1),(112,'2015-07-11 22:33:22','20','banquet_sun_n_sand@wedwise.in belong to vendor Banquets (as Admin)',2,'Changed address.',9,1),(113,'2015-07-11 22:34:14','20','banquet_sun_n_sand@wedwise.in belong to vendor Banquets (as Admin)',2,'Changed address.',9,1),(114,'2015-07-11 22:34:38','20','banquet_sun_n_sand@wedwise.in belong to vendor Banquets (as Admin)',2,'Changed address.',9,1),(115,'2015-07-11 22:43:52','20','banquet_sun_n_sand@wedwise.in belong to vendor Banquets (as Admin)',2,'Changed address and dynamic_info.',9,1),(116,'2015-07-11 22:48:20','20','banquet_sun_n_sand@wedwise.in belong to vendor Banquets (as Admin)',2,'Changed address.',9,1),(117,'2015-07-11 22:48:56','20','banquet_sun_n_sand@wedwise.in belong to vendor Banquets (as Admin)',3,'',9,1),(118,'2015-07-11 22:54:07','25','makeup_khushi@wedwise.in belong to vendor Hair & Makeup (as Admin)',1,'',9,1),(119,'2015-07-11 22:56:39','25','makeup_khushi@wedwise.in belong to vendor Hair & Makeup (as Admin)',2,'Changed dynamic_info.',9,1),(120,'2015-07-11 22:57:16','25','makeup_khushi@wedwise.in belong to vendor Hair & Makeup (as Admin)',2,'Changed dynamic_info.',9,1),(121,'2015-07-11 23:02:13','26','makeup_ojas@wedwise.in belong to vendor Hair & Makeup (as Admin)',1,'',9,1),(122,'2015-07-11 23:02:27','26','makeup_ojas@wedwise.in belong to vendor Hair & Makeup (as Admin)',2,'Changed address.',9,1),(123,'2015-07-11 23:05:17','26','makeup_ojas@wedwise.in belong to vendor Hair & Makeup (as Admin)',2,'Changed address.',9,1),(124,'2015-07-11 23:07:06','26','makeup_ojas@wedwise.in belong to vendor Hair & Makeup (as Admin)',2,'Changed address.',9,1),(125,'2015-07-11 23:07:19','26','makeup_ojas@wedwise.in belong to vendor Hair & Makeup (as Admin)',2,'Changed address.',9,1),(126,'2015-07-11 23:07:45','26','makeup_ojas@wedwise.in belong to vendor Hair & Makeup (as Admin)',2,'Changed dynamic_info.',9,1),(127,'2015-07-11 23:09:07','26','makeup_ojas@wedwise.in belong to vendor Hair & Makeup (as Admin)',2,'Changed dynamic_info.',9,1),(128,'2015-07-11 23:09:38','26','makeup_ojas@wedwise.in belong to vendor Hair & Makeup (as Admin)',2,'Changed dynamic_info.',9,1),(129,'2015-07-11 23:12:09','27','banquet_sun_n_sand@wedwise.in belong to vendor Banquets (as Admin)',1,'',9,1),(130,'2015-07-11 23:14:28','27','banquet_sun_n_sand@wedwise.in belong to vendor Banquets (as Admin)',3,'',9,1),(131,'2015-07-11 23:16:23','77','photo_clyde_n_karen@wedwise.in',2,'Changed username.',4,1),(132,'2015-07-11 23:21:30','28','photo_clyde_n_karen@wedwise.in belong to vendor Photographers (as Admin)',1,'',9,1),(133,'2015-07-11 23:22:14','28','photo_clyde_n_karen@wedwise.in belong to vendor Photographers (as Admin)',2,'Changed dynamic_info.',9,1),(134,'2015-07-11 23:27:02','29','photo_prashant@wedwise.in belong to vendor Photographers (as Admin)',1,'',9,1),(135,'2015-07-11 23:27:56','29','photo_prashant@wedwise.in belong to vendor Photographers (as Admin)',2,'Changed dynamic_info.',9,1),(136,'2015-07-11 23:30:28','29','photo_prashant@wedwise.in belong to vendor Photographers (as Admin)',2,'Changed dynamic_info.',9,1),(137,'2015-07-11 23:31:04','29','photo_prashant@wedwise.in belong to vendor Photographers (as Admin)',2,'Changed dynamic_info.',9,1),(138,'2015-07-18 18:37:24','18','banquet_homotel@wedwise.in belong to vendor Banquets (as Admin)',2,'Changed dynamic_info.',9,1),(139,'2015-07-18 18:41:36','18','banquet_homotel@wedwise.in belong to vendor Banquets (as Admin)',2,'Changed dynamic_info.',9,1),(140,'2015-07-18 19:01:03','18','banquet_homotel@wedwise.in belong to vendor Banquets (as Admin)',2,'Changed dynamic_info.',9,1),(141,'2015-07-18 21:48:00','18','banquet_homotel@wedwise.in belong to vendor Banquets (as Admin)',2,'Changed dynamic_info.',9,1),(142,'2015-07-18 21:50:50','18','banquet_homotel@wedwise.in belong to vendor Banquets (as Admin)',2,'Changed dynamic_info.',9,1),(143,'2015-07-18 21:58:04','18','banquet_homotel@wedwise.in belong to vendor Banquets (as Admin)',2,'Changed dynamic_info.',9,1),(144,'2015-07-18 22:00:01','18','banquet_homotel@wedwise.in belong to vendor Banquets (as Admin)',2,'Changed dynamic_info.',9,1),(145,'2015-07-18 22:06:11','18','banquet_homotel@wedwise.in belong to vendor Banquets (as Admin)',2,'Changed dynamic_info.',9,1),(146,'2015-07-21 13:06:26','18','banquet_homotel@wedwise.in belong to vendor Banquets (as Admin)',2,'Changed dynamic_info.',9,1),(147,'2015-07-25 09:38:18','19','banquet_novotel@wedwise.in belong to vendor Banquets (as Admin)',2,'Changed dynamic_info.',9,1),(148,'2015-07-25 10:45:17','19','banquet_novotel@wedwise.in belong to vendor Banquets (as Admin)',2,'Changed dynamic_info.',9,1),(149,'2015-07-25 10:46:58','19','banquet_novotel@wedwise.in belong to vendor Banquets (as Admin)',2,'Changed dynamic_info.',9,1),(150,'2015-07-25 10:58:46','19','banquet_novotel@wedwise.in belong to vendor Banquets (as Admin)',2,'Changed dynamic_info.',9,1),(151,'2015-07-25 20:49:32','18','banquet_homotel@wedwise.in belong to vendor Banquets (as Admin)',2,'Changed dynamic_info.',9,1),(152,'2015-07-25 20:51:20','18','banquet_homotel@wedwise.in belong to vendor Banquets (as Admin)',2,'Changed dynamic_info.',9,1),(153,'2015-07-25 21:15:47','18','banquet_homotel@wedwise.in belong to vendor Banquets (as Admin)',2,'Changed dynamic_info.',9,1),(154,'2015-07-26 12:09:31','18','banquet_homotel@wedwise.in belong to vendor Banquets (as Admin)',2,'Changed dynamic_info.',9,1),(155,'2015-07-26 18:41:14','18','banquet_homotel@wedwise.in belong to vendor Banquets (as Admin)',2,'Changed dynamic_info.',9,1),(156,'2015-07-26 18:41:59','18','banquet_homotel@wedwise.in belong to vendor Banquets (as Admin)',2,'Changed dynamic_info.',9,1),(157,'2015-07-26 19:01:44','18','banquet_homotel@wedwise.in belong to vendor Banquets (as Admin)',2,'Changed dynamic_info.',9,1);
/*!40000 ALTER TABLE `django_admin_log` ENABLE KEYS */;
UNLOCK TABLES;

--
-- Table structure for table `django_content_type`
--

DROP TABLE IF EXISTS `django_content_type`;
/*!40101 SET @saved_cs_client     = @@character_set_client */;
/*!40101 SET character_set_client = utf8 */;
CREATE TABLE `django_content_type` (
  `id` int(11) NOT NULL AUTO_INCREMENT,
  `name` varchar(100) NOT NULL,
  `app_label` varchar(100) NOT NULL,
  `model` varchar(100) NOT NULL,
  PRIMARY KEY (`id`),
  UNIQUE KEY `django_content_type_app_label_3ec8c61c_uniq` (`app_label`,`model`)
) ENGINE=InnoDB AUTO_INCREMENT=12 DEFAULT CHARSET=latin1;
/*!40101 SET character_set_client = @saved_cs_client */;

--
-- Dumping data for table `django_content_type`
--

LOCK TABLES `django_content_type` WRITE;
/*!40000 ALTER TABLE `django_content_type` DISABLE KEYS */;
INSERT INTO `django_content_type` VALUES (1,'log entry','admin','logentry'),(2,'permission','auth','permission'),(3,'group','auth','group'),(4,'user','auth','user'),(5,'content type','contenttypes','contenttype'),(6,'session','sessions','session'),(7,'customer','customer','customer'),(8,'category','vendor','category'),(9,'vendor','vendor','vendor'),(10,'vendor lead','vendor','vendorlead'),(11,'messages','wedwise_messages','messages');
/*!40000 ALTER TABLE `django_content_type` ENABLE KEYS */;
UNLOCK TABLES;

--
-- Table structure for table `django_migrations`
--

DROP TABLE IF EXISTS `django_migrations`;
/*!40101 SET @saved_cs_client     = @@character_set_client */;
/*!40101 SET character_set_client = utf8 */;
CREATE TABLE `django_migrations` (
  `id` int(11) NOT NULL AUTO_INCREMENT,
  `app` varchar(255) NOT NULL,
  `name` varchar(255) NOT NULL,
  `applied` datetime NOT NULL,
  PRIMARY KEY (`id`)
) ENGINE=InnoDB AUTO_INCREMENT=27 DEFAULT CHARSET=latin1;
/*!40101 SET character_set_client = @saved_cs_client */;

--
-- Dumping data for table `django_migrations`
--

LOCK TABLES `django_migrations` WRITE;
/*!40000 ALTER TABLE `django_migrations` DISABLE KEYS */;
INSERT INTO `django_migrations` VALUES (1,'contenttypes','0001_initial','2015-06-28 17:31:36'),(2,'auth','0001_initial','2015-06-28 17:31:50'),(3,'admin','0001_initial','2015-06-28 17:31:52'),(4,'customer','0001_initial','2015-06-28 17:31:53'),(5,'sessions','0001_initial','2015-06-28 17:31:54'),(6,'vendor','0001_initial','2015-06-28 17:31:59'),(7,'customer','0002_auto_20150629_1300','2015-06-29 07:32:28'),(8,'customer','0003_auto_20150629_1301','2015-06-29 07:32:28'),(9,'customer','0004_auto_20150629_1301','2015-06-29 07:32:29'),(10,'vendor','0002_auto_20150702_1849','2015-07-02 13:19:48'),(11,'vendor','0003_vendorlead_name','2015-07-02 13:19:49'),(12,'vendor','0004_auto_20150702_1850','2015-07-02 13:20:46'),(13,'vendor','0005_auto_20150702_1920','2015-07-02 13:50:15'),(14,'vendor','0006_vendor_identifier','2015-07-02 14:36:28'),(15,'vendor','0007_vendor_dynamic_info','2015-07-02 17:58:44'),(16,'vendor','0008_auto_20150704_0910','2015-07-04 09:10:55'),(17,'wedwise_messages','0001_initial','2015-07-04 19:53:45'),(18,'wedwise_messages','0002_auto_20150704_2010','2015-07-04 20:10:14'),(19,'vendor','0009_remove_vendor_email','2015-07-07 16:34:47'),(20,'wedwise_messages','0003_auto_20150707_1431','2015-07-07 16:34:47'),(21,'wedwise_messages','0004_auto_20150709_1426','2015-07-09 14:36:28'),(22,'wedwise_messages','0005_auto_20150709_1706','2015-07-09 17:07:08'),(23,'wedwise_messages','0006_auto_20150709_1710','2015-07-09 17:10:13'),(24,'wedwise_messages','0007_remove_messages_msg_type','2015-07-09 18:01:06'),(25,'wedwise_messages','0008_messages_msg_type','2015-07-09 18:01:06'),(26,'wedwise_messages','0009_auto_20150713_1159','2015-07-13 12:00:03');
/*!40000 ALTER TABLE `django_migrations` ENABLE KEYS */;
UNLOCK TABLES;

--
-- Table structure for table `django_session`
--

DROP TABLE IF EXISTS `django_session`;
/*!40101 SET @saved_cs_client     = @@character_set_client */;
/*!40101 SET character_set_client = utf8 */;
CREATE TABLE `django_session` (
  `session_key` varchar(40) NOT NULL,
  `session_data` longtext NOT NULL,
  `expire_date` datetime NOT NULL,
  PRIMARY KEY (`session_key`),
  KEY `django_session_de54fa62` (`expire_date`)
) ENGINE=InnoDB DEFAULT CHARSET=latin1;
/*!40101 SET character_set_client = @saved_cs_client */;

--
-- Dumping data for table `django_session`
--

LOCK TABLES `django_session` WRITE;
/*!40000 ALTER TABLE `django_session` DISABLE KEYS */;
INSERT INTO `django_session` VALUES ('c4hwsmt121sphyb2th3bc3eap9fyhjof','YTRiZmM4NzY2YTAzM2I1YTU2ZmMyZThmMWEwZWUxMTRjNmNlODdhYTp7Il9hdXRoX3VzZXJfYmFja2VuZCI6ImRqYW5nby5jb250cmliLmF1dGguYmFja2VuZHMuTW9kZWxCYWNrZW5kIiwiX2F1dGhfdXNlcl9oYXNoIjoiOGNkOWE2NGM3NDM4MTRhMGRiNWViZTI0OWUwMjNjNTg5ZDM1ZTE4MyIsIl9hdXRoX3VzZXJfaWQiOjEsIl9tZXNzYWdlcyI6IltbXCJfX2pzb25fbWVzc2FnZVwiLDAsMjUsXCJUaGUgdmVuZG9yIFxcXCJiYW5xdWV0X2hvbW90ZWxAd2Vkd2lzZS5pbiBiZWxvbmcgdG8gdmVuZG9yIEJhbnF1ZXRzIChhcyBBZG1pbilcXFwiIHdhcyBjaGFuZ2VkIHN1Y2Nlc3NmdWxseS4gWW91IG1heSBlZGl0IGl0IGFnYWluIGJlbG93LlwiXSxbXCJfX2pzb25fbWVzc2FnZVwiLDAsMjUsXCJUaGUgdmVuZG9yIFxcXCJiYW5xdWV0X2hvbW90ZWxAd2Vkd2lzZS5pbiBiZWxvbmcgdG8gdmVuZG9yIEJhbnF1ZXRzIChhcyBBZG1pbilcXFwiIHdhcyBjaGFuZ2VkIHN1Y2Nlc3NmdWxseS4gWW91IG1heSBlZGl0IGl0IGFnYWluIGJlbG93LlwiXV0ifQ==','2015-08-09 19:01:44'),('caes1rbu1uihbo0nssd33u3sm1p775ln','NzQyYWZhNzhlNmFiZmM5ZDZlOWRhMmNiZjczNDQ3NGFmNGMzZjJlMDp7Il9hdXRoX3VzZXJfaGFzaCI6IjhjZDlhNjRjNzQzODE0YTBkYjVlYmUyNDllMDIzYzU4OWQzNWUxODMiLCJfYXV0aF91c2VyX2JhY2tlbmQiOiJkamFuZ28uY29udHJpYi5hdXRoLmJhY2tlbmRzLk1vZGVsQmFja2VuZCIsIl9hdXRoX3VzZXJfaWQiOjF9','2015-08-01 18:30:57'),('f5lrvul9rgdb2tpphmokcxzpaw8bhcd6','NzQyYWZhNzhlNmFiZmM5ZDZlOWRhMmNiZjczNDQ3NGFmNGMzZjJlMDp7Il9hdXRoX3VzZXJfaGFzaCI6IjhjZDlhNjRjNzQzODE0YTBkYjVlYmUyNDllMDIzYzU4OWQzNWUxODMiLCJfYXV0aF91c2VyX2JhY2tlbmQiOiJkamFuZ28uY29udHJpYi5hdXRoLmJhY2tlbmRzLk1vZGVsQmFja2VuZCIsIl9hdXRoX3VzZXJfaWQiOjF9','2015-08-04 12:46:51'),('q4ui5k158ykuh1fx0mqfd1e16r6cqsye','NzQyYWZhNzhlNmFiZmM5ZDZlOWRhMmNiZjczNDQ3NGFmNGMzZjJlMDp7Il9hdXRoX3VzZXJfaGFzaCI6IjhjZDlhNjRjNzQzODE0YTBkYjVlYmUyNDllMDIzYzU4OWQzNWUxODMiLCJfYXV0aF91c2VyX2JhY2tlbmQiOiJkamFuZ28uY29udHJpYi5hdXRoLmJhY2tlbmRzLk1vZGVsQmFja2VuZCIsIl9hdXRoX3VzZXJfaWQiOjF9','2015-07-16 02:52:28'),('r1vkrmu4npshuhvfdxs5nbgoknombnsg','YjEzOTc4OTJlNDVkZjk3ZDEyYzQ5OTQ4M2JiNzkzOGMwOGMwZTkwMzp7Il9hdXRoX3VzZXJfYmFja2VuZCI6ImRqYW5nby5jb250cmliLmF1dGguYmFja2VuZHMuTW9kZWxCYWNrZW5kIiwiX2F1dGhfdXNlcl9oYXNoIjoiOGNkOWE2NGM3NDM4MTRhMGRiNWViZTI0OWUwMjNjNTg5ZDM1ZTE4MyIsIl9hdXRoX3VzZXJfaWQiOjEsIl9tZXNzYWdlcyI6IltbXCJfX2pzb25fbWVzc2FnZVwiLDAsMjUsXCJUaGUgdXNlciBcXFwiYmFucXVldF9ob21vdGVsQHdlZHdpc2UuaW5cXFwiIHdhcyBjaGFuZ2VkIHN1Y2Nlc3NmdWxseS5cIl0sW1wiX19qc29uX21lc3NhZ2VcIiwwLDI1LFwiVGhlIHVzZXIgXFxcImJhbnF1ZXRfbm92b3RlbEB3ZWR3aXNlLmluXFxcIiB3YXMgY2hhbmdlZCBzdWNjZXNzZnVsbHkuXCJdLFtcIl9fanNvbl9tZXNzYWdlXCIsMCwyNSxcIlRoZSB1c2VyIFxcXCJiYW5xdWV0X3N1bl9uX3NhbmRAd2Vkd2lzZS5pblxcXCIgd2FzIGNoYW5nZWQgc3VjY2Vzc2Z1bGx5LlwiXSxbXCJfX2pzb25fbWVzc2FnZVwiLDAsMjUsXCJUaGUgdXNlciBcXFwiY2F0ZXJlcl9ncmFuZEB3ZWR3aXNlLmluXFxcIiB3YXMgY2hhbmdlZCBzdWNjZXNzZnVsbHkuIFlvdSBtYXkgYWRkIGFub3RoZXIgdXNlciBiZWxvdy5cIl0sW1wiX19qc29uX21lc3NhZ2VcIiwwLDI1LFwiVGhlIHVzZXIgXFxcImNhdGVyZXJfbGFrYWhhbmlAd2Vkd2lzZS5pblxcXCIgd2FzIGNoYW5nZWQgc3VjY2Vzc2Z1bGx5LlwiXSxbXCJfX2pzb25fbWVzc2FnZVwiLDAsMjUsXCJUaGUgdXNlciBcXFwiY2F0ZXJlcl90cnVwdGlAd2Vkd2lzZS5pblxcXCIgd2FzIGNoYW5nZWQgc3VjY2Vzc2Z1bGx5LlwiXSxbXCJfX2pzb25fbWVzc2FnZVwiLDAsMjUsXCJUaGUgdXNlciBcXFwicGhvdG9fY2x5ZGVfbl9rYXJlbkB3ZWR3aXNlLm5cXFwiIHdhcyBjaGFuZ2VkIHN1Y2Nlc3NmdWxseS5cIl0sW1wiX19qc29uX21lc3NhZ2VcIiwwLDI1LFwiVGhlIHVzZXIgXFxcInBob3RvX3ByYXNoYW50QHdlZHdpc2UuaW5cXFwiIHdhcyBjaGFuZ2VkIHN1Y2Nlc3NmdWxseS5cIl0sW1wiX19qc29uX21lc3NhZ2VcIiwwLDI1LFwiVGhlIHVzZXIgXFxcInBob3RvX3VtZXNoX3NoYWhAd2Vkd2lzZS5pblxcXCIgd2FzIGNoYW5nZWQgc3VjY2Vzc2Z1bGx5LlwiXSxbXCJfX2pzb25fbWVzc2FnZVwiLDAsMjUsXCJQYXNzd29yZCBjaGFuZ2VkIHN1Y2Nlc3NmdWxseS5cIl0sW1wiX19qc29uX21lc3NhZ2VcIiwwLDI1LFwiUGFzc3dvcmQgY2hhbmdlZCBzdWNjZXNzZnVsbHkuXCJdLFtcIl9fanNvbl9tZXNzYWdlXCIsMCwyNSxcIlBhc3N3b3JkIGNoYW5nZWQgc3VjY2Vzc2Z1bGx5LlwiXSxbXCJfX2pzb25fbWVzc2FnZVwiLDAsMjUsXCJQYXNzd29yZCBjaGFuZ2VkIHN1Y2Nlc3NmdWxseS5cIl0sW1wiX19qc29uX21lc3NhZ2VcIiwwLDI1LFwiUGFzc3dvcmQgY2hhbmdlZCBzdWNjZXNzZnVsbHkuXCJdLFtcIl9fanNvbl9tZXNzYWdlXCIsMCwyNSxcIlBhc3N3b3JkIGNoYW5nZWQgc3VjY2Vzc2Z1bGx5LlwiXSxbXCJfX2pzb25fbWVzc2FnZVwiLDAsMjUsXCJQYXNzd29yZCBjaGFuZ2VkIHN1Y2Nlc3NmdWxseS5cIl0sW1wiX19qc29uX21lc3NhZ2VcIiwwLDI1LFwiUGFzc3dvcmQgY2hhbmdlZCBzdWNjZXNzZnVsbHkuXCJdLFtcIl9fanNvbl9tZXNzYWdlXCIsMCwyNSxcIlBhc3N3b3JkIGNoYW5nZWQgc3VjY2Vzc2Z1bGx5LlwiXSxbXCJfX2pzb25fbWVzc2FnZVwiLDAsMjUsXCJQYXNzd29yZCBjaGFuZ2VkIHN1Y2Nlc3NmdWxseS5cIl0sW1wiX19qc29uX21lc3NhZ2VcIiwwLDI1LFwiUGFzc3dvcmQgY2hhbmdlZCBzdWNjZXNzZnVsbHkuXCJdLFtcIl9fanNvbl9tZXNzYWdlXCIsMCwyNSxcIlRoZSB1c2VyIFxcXCJtYWtldXBfY2hhcm1pa2ltaUB3ZWR3aXNlLmluXFxcIiB3YXMgYWRkZWQgc3VjY2Vzc2Z1bGx5LiBZb3UgbWF5IGFkZCBhbm90aGVyIHVzZXIgYmVsb3cuXCJdLFtcIl9fanNvbl9tZXNzYWdlXCIsMCwyNSxcIlRoZSB1c2VyIFxcXCJtYWtldXBfb2phc0B3ZWR3aXNlLmluXFxcIiB3YXMgYWRkZWQgc3VjY2Vzc2Z1bGx5LiBZb3UgbWF5IGFkZCBhbm90aGVyIHVzZXIgYmVsb3cuXCJdLFtcIl9fanNvbl9tZXNzYWdlXCIsMCwyNSxcIlRoZSB1c2VyIFxcXCJtYWtldXBfa2h1c2hpQHdlZHdpc2UuaW5cXFwiIHdhcyBhZGRlZCBzdWNjZXNzZnVsbHkuIFlvdSBtYXkgZWRpdCBpdCBhZ2FpbiBiZWxvdy5cIl0sW1wiX19qc29uX21lc3NhZ2VcIiwwLDI1LFwiVGhlIHZlbmRvciBcXFwiYmFucXVldF9ob21vdGVsQHdlZHdpc2UuaW4gYmVsb25nIHRvIHZlbmRvciBCYW5xdWV0cyAoYXMgQWRtaW4pXFxcIiB3YXMgYWRkZWQgc3VjY2Vzc2Z1bGx5LiBZb3UgbWF5IGFkZCBhbm90aGVyIHZlbmRvciBiZWxvdy5cIl0sW1wiX19qc29uX21lc3NhZ2VcIiwwLDI1LFwiVGhlIHZlbmRvciBcXFwiYmFucXVldF9ub3ZvdGVsQHdlZHdpc2UuaW4gYmVsb25nIHRvIHZlbmRvciBCYW5xdWV0cyAoYXMgQWRtaW4pXFxcIiB3YXMgYWRkZWQgc3VjY2Vzc2Z1bGx5LiBZb3UgbWF5IGFkZCBhbm90aGVyIHZlbmRvciBiZWxvdy5cIl0sW1wiX19qc29uX21lc3NhZ2VcIiwwLDI1LFwiVGhlIHZlbmRvciBcXFwiYmFucXVldF9zdW5fbl9zYW5kQHdlZHdpc2UuaW4gYmVsb25nIHRvIHZlbmRvciBCYW5xdWV0cyAoYXMgQWRtaW4pXFxcIiB3YXMgYWRkZWQgc3VjY2Vzc2Z1bGx5LiBZb3UgbWF5IGFkZCBhbm90aGVyIHZlbmRvciBiZWxvdy5cIl0sW1wiX19qc29uX21lc3NhZ2VcIiwwLDI1LFwiVGhlIHZlbmRvciBcXFwiY2F0ZXJlcl9ncmFuZEB3ZWR3aXNlLmluIGJlbG9uZyB0byB2ZW5kb3IgQ2F0ZXJlcmVzIChhcyBBZG1pbilcXFwiIHdhcyBhZGRlZCBzdWNjZXNzZnVsbHkuIFlvdSBtYXkgYWRkIGFub3RoZXIgdmVuZG9yIGJlbG93LlwiXSxbXCJfX2pzb25fbWVzc2FnZVwiLDAsMjUsXCJUaGUgdmVuZG9yIFxcXCJjYXRlcmVyX2xha2FoYW5pQHdlZHdpc2UuaW4gYmVsb25nIHRvIHZlbmRvciBDYXRlcmVyZXMgKGFzIEFkbWluKVxcXCIgd2FzIGFkZGVkIHN1Y2Nlc3NmdWxseS4gWW91IG1heSBhZGQgYW5vdGhlciB2ZW5kb3IgYmVsb3cuXCJdLFtcIl9fanNvbl9tZXNzYWdlXCIsMCwyNSxcIlRoZSB2ZW5kb3IgXFxcImNhdGVyZXJfdHJ1cHRpQHdlZHdpc2UuaW4gYmVsb25nIHRvIHZlbmRvciBDYXRlcmVyZXMgKGFzIEFkbWluKVxcXCIgd2FzIGFkZGVkIHN1Y2Nlc3NmdWxseS4gWW91IG1heSBhZGQgYW5vdGhlciB2ZW5kb3IgYmVsb3cuXCJdLFtcIl9fanNvbl9tZXNzYWdlXCIsMCwyNSxcIlRoZSB2ZW5kb3IgXFxcIm1ha2V1cF9jaGFybWlraW1pQHdlZHdpc2UuaW4gYmVsb25nIHRvIHZlbmRvciBIYWlyICYgTWFrZXVwIChhcyBBZG1pbilcXFwiIHdhcyBhZGRlZCBzdWNjZXNzZnVsbHkuXCJdLFtcIl9fanNvbl9tZXNzYWdlXCIsMCwyNSxcIlRoZSB2ZW5kb3IgXFxcIm1ha2V1cF9jaGFybWlraW1pQHdlZHdpc2UuaW4gYmVsb25nIHRvIHZlbmRvciBIYWlyICYgTWFrZXVwIChhcyBBZG1pbilcXFwiIHdhcyBjaGFuZ2VkIHN1Y2Nlc3NmdWxseS5cIl0sW1wiX19qc29uX21lc3NhZ2VcIiwwLDI1LFwiVGhlIHZlbmRvciBcXFwibWFrZXVwX2NoYXJtaWtpbWlAd2Vkd2lzZS5pbiBiZWxvbmcgdG8gdmVuZG9yIEhhaXIgJiBNYWtldXAgKGFzIEFkbWluKVxcXCIgd2FzIGNoYW5nZWQgc3VjY2Vzc2Z1bGx5LlwiXSxbXCJfX2pzb25fbWVzc2FnZVwiLDAsMjUsXCJUaGUgdmVuZG9yIFxcXCJtYWtldXBfY2hhcm1pa2ltaUB3ZWR3aXNlLmluIGJlbG9uZyB0byB2ZW5kb3IgSGFpciAmIE1ha2V1cCAoYXMgQWRtaW4pXFxcIiB3YXMgY2hhbmdlZCBzdWNjZXNzZnVsbHkuXCJdLFtcIl9fanNvbl9tZXNzYWdlXCIsMCwyNSxcIlRoZSB2ZW5kb3IgXFxcIm1ha2V1cF9jaGFybWlraW1pQHdlZHdpc2UuaW4gYmVsb25nIHRvIHZlbmRvciBIYWlyICYgTWFrZXVwIChhcyBBZG1pbilcXFwiIHdhcyBjaGFuZ2VkIHN1Y2Nlc3NmdWxseS5cIl0sW1wiX19qc29uX21lc3NhZ2VcIiwwLDI1LFwiVGhlIHZlbmRvciBcXFwiY2F0ZXJlcl90cnVwdGlAd2Vkd2lzZS5pbiBiZWxvbmcgdG8gdmVuZG9yIENhdGVyZXJlcyAoYXMgQWRtaW4pXFxcIiB3YXMgY2hhbmdlZCBzdWNjZXNzZnVsbHkuXCJdLFtcIl9fanNvbl9tZXNzYWdlXCIsMCwyNSxcIlRoZSB2ZW5kb3IgXFxcImNhdGVyZXJfbGFrYWhhbmlAd2Vkd2lzZS5pbiBiZWxvbmcgdG8gdmVuZG9yIENhdGVyZXJlcyAoYXMgQWRtaW4pXFxcIiB3YXMgY2hhbmdlZCBzdWNjZXNzZnVsbHkuXCJdLFtcIl9fanNvbl9tZXNzYWdlXCIsMCwyNSxcIlRoZSB2ZW5kb3IgXFxcImNhdGVyZXJfZ3JhbmRAd2Vkd2lzZS5pbiBiZWxvbmcgdG8gdmVuZG9yIENhdGVyZXJlcyAoYXMgQWRtaW4pXFxcIiB3YXMgY2hhbmdlZCBzdWNjZXNzZnVsbHkuXCJdLFtcIl9fanNvbl9tZXNzYWdlXCIsMCwyNSxcIlRoZSB2ZW5kb3IgXFxcImNhdGVyZXJfZ3JhbmRAd2Vkd2lzZS5pbiBiZWxvbmcgdG8gdmVuZG9yIENhdGVyZXJlcyAoYXMgQWRtaW4pXFxcIiB3YXMgY2hhbmdlZCBzdWNjZXNzZnVsbHkuXCJdLFtcIl9fanNvbl9tZXNzYWdlXCIsMCwyNSxcIlRoZSB2ZW5kb3IgXFxcImJhbnF1ZXRfc3VuX25fc2FuZEB3ZWR3aXNlLmluIGJlbG9uZyB0byB2ZW5kb3IgQmFucXVldHMgKGFzIEFkbWluKVxcXCIgd2FzIGNoYW5nZWQgc3VjY2Vzc2Z1bGx5LlwiXSxbXCJfX2pzb25fbWVzc2FnZVwiLDAsMjUsXCJUaGUgdmVuZG9yIFxcXCJiYW5xdWV0X25vdm90ZWxAd2Vkd2lzZS5pbiBiZWxvbmcgdG8gdmVuZG9yIEJhbnF1ZXRzIChhcyBBZG1pbilcXFwiIHdhcyBjaGFuZ2VkIHN1Y2Nlc3NmdWxseS5cIl0sW1wiX19qc29uX21lc3NhZ2VcIiwwLDI1LFwiVGhlIHZlbmRvciBcXFwiYmFucXVldF9ob21vdGVsQHdlZHdpc2UuaW4gYmVsb25nIHRvIHZlbmRvciBCYW5xdWV0cyAoYXMgQWRtaW4pXFxcIiB3YXMgY2hhbmdlZCBzdWNjZXNzZnVsbHkuXCJdLFtcIl9fanNvbl9tZXNzYWdlXCIsMCwyNSxcIlRoZSB2ZW5kb3IgXFxcImJhbnF1ZXRfc3VuX25fc2FuZEB3ZWR3aXNlLmluIGJlbG9uZyB0byB2ZW5kb3IgQmFucXVldHMgKGFzIEFkbWluKVxcXCIgd2FzIGNoYW5nZWQgc3VjY2Vzc2Z1bGx5LlwiXSxbXCJfX2pzb25fbWVzc2FnZVwiLDAsMjUsXCJUaGUgdmVuZG9yIFxcXCJiYW5xdWV0X3N1bl9uX3NhbmRAd2Vkd2lzZS5pbiBiZWxvbmcgdG8gdmVuZG9yIEJhbnF1ZXRzIChhcyBBZG1pbilcXFwiIHdhcyBjaGFuZ2VkIHN1Y2Nlc3NmdWxseS5cIl0sW1wiX19qc29uX21lc3NhZ2VcIiwwLDI1LFwiVGhlIHZlbmRvciBcXFwiYmFucXVldF9zdW5fbl9zYW5kQHdlZHdpc2UuaW4gYmVsb25nIHRvIHZlbmRvciBCYW5xdWV0cyAoYXMgQWRtaW4pXFxcIiB3YXMgY2hhbmdlZCBzdWNjZXNzZnVsbHkuXCJdLFtcIl9fanNvbl9tZXNzYWdlXCIsMCwyNSxcIlRoZSB2ZW5kb3IgXFxcImJhbnF1ZXRfc3VuX25fc2FuZEB3ZWR3aXNlLmluIGJlbG9uZyB0byB2ZW5kb3IgQmFucXVldHMgKGFzIEFkbWluKVxcXCIgd2FzIGNoYW5nZWQgc3VjY2Vzc2Z1bGx5LlwiXSxbXCJfX2pzb25fbWVzc2FnZVwiLDAsMjUsXCJUaGUgdmVuZG9yIFxcXCJiYW5xdWV0X3N1bl9uX3NhbmRAd2Vkd2lzZS5pbiBiZWxvbmcgdG8gdmVuZG9yIEJhbnF1ZXRzIChhcyBBZG1pbilcXFwiIHdhcyBjaGFuZ2VkIHN1Y2Nlc3NmdWxseS5cIl0sW1wiX19qc29uX21lc3NhZ2VcIiwwLDI1LFwiVGhlIHZlbmRvciBcXFwiYmFucXVldF9zdW5fbl9zYW5kQHdlZHdpc2UuaW4gYmVsb25nIHRvIHZlbmRvciBCYW5xdWV0cyAoYXMgQWRtaW4pXFxcIiB3YXMgY2hhbmdlZCBzdWNjZXNzZnVsbHkuXCJdLFtcIl9fanNvbl9tZXNzYWdlXCIsMCwyNSxcIlRoZSB2ZW5kb3IgXFxcImJhbnF1ZXRfc3VuX25fc2FuZEB3ZWR3aXNlLmluIGJlbG9uZyB0byB2ZW5kb3IgQmFucXVldHMgKGFzIEFkbWluKVxcXCIgd2FzIGNoYW5nZWQgc3VjY2Vzc2Z1bGx5LlwiXSxbXCJfX2pzb25fbWVzc2FnZVwiLDAsMjUsXCJUaGUgdmVuZG9yIFxcXCJiYW5xdWV0X3N1bl9uX3NhbmRAd2Vkd2lzZS5pbiBiZWxvbmcgdG8gdmVuZG9yIEJhbnF1ZXRzIChhcyBBZG1pbilcXFwiIHdhcyBjaGFuZ2VkIHN1Y2Nlc3NmdWxseS5cIl0sW1wiX19qc29uX21lc3NhZ2VcIiwwLDI1LFwiVGhlIHZlbmRvciBcXFwiYmFucXVldF9zdW5fbl9zYW5kQHdlZHdpc2UuaW4gYmVsb25nIHRvIHZlbmRvciBCYW5xdWV0cyAoYXMgQWRtaW4pXFxcIiB3YXMgY2hhbmdlZCBzdWNjZXNzZnVsbHkuXCJdLFtcIl9fanNvbl9tZXNzYWdlXCIsMCwyNSxcIlRoZSB2ZW5kb3IgXFxcImJhbnF1ZXRfc3VuX25fc2FuZEB3ZWR3aXNlLmluIGJlbG9uZyB0byB2ZW5kb3IgQmFucXVldHMgKGFzIEFkbWluKVxcXCIgd2FzIGNoYW5nZWQgc3VjY2Vzc2Z1bGx5LlwiXSxbXCJfX2pzb25fbWVzc2FnZVwiLDAsMjUsXCJTdWNjZXNzZnVsbHkgZGVsZXRlZCAxIHZlbmRvci5cIl0sW1wiX19qc29uX21lc3NhZ2VcIiwwLDI1LFwiVGhlIHZlbmRvciBcXFwibWFrZXVwX2todXNoaUB3ZWR3aXNlLmluIGJlbG9uZyB0byB2ZW5kb3IgSGFpciAmIE1ha2V1cCAoYXMgQWRtaW4pXFxcIiB3YXMgYWRkZWQgc3VjY2Vzc2Z1bGx5LlwiXSxbXCJfX2pzb25fbWVzc2FnZVwiLDAsMjUsXCJUaGUgdmVuZG9yIFxcXCJtYWtldXBfa2h1c2hpQHdlZHdpc2UuaW4gYmVsb25nIHRvIHZlbmRvciBIYWlyICYgTWFrZXVwIChhcyBBZG1pbilcXFwiIHdhcyBjaGFuZ2VkIHN1Y2Nlc3NmdWxseS5cIl0sW1wiX19qc29uX21lc3NhZ2VcIiwwLDI1LFwiVGhlIHZlbmRvciBcXFwibWFrZXVwX2todXNoaUB3ZWR3aXNlLmluIGJlbG9uZyB0byB2ZW5kb3IgSGFpciAmIE1ha2V1cCAoYXMgQWRtaW4pXFxcIiB3YXMgY2hhbmdlZCBzdWNjZXNzZnVsbHkuXCJdLFtcIl9fanNvbl9tZXNzYWdlXCIsMCwyNSxcIlRoZSB2ZW5kb3IgXFxcIm1ha2V1cF9vamFzQHdlZHdpc2UuaW4gYmVsb25nIHRvIHZlbmRvciBIYWlyICYgTWFrZXVwIChhcyBBZG1pbilcXFwiIHdhcyBhZGRlZCBzdWNjZXNzZnVsbHkuXCJdLFtcIl9fanNvbl9tZXNzYWdlXCIsMCwyNSxcIlRoZSB2ZW5kb3IgXFxcIm1ha2V1cF9vamFzQHdlZHdpc2UuaW4gYmVsb25nIHRvIHZlbmRvciBIYWlyICYgTWFrZXVwIChhcyBBZG1pbilcXFwiIHdhcyBjaGFuZ2VkIHN1Y2Nlc3NmdWxseS5cIl0sW1wiX19qc29uX21lc3NhZ2VcIiwwLDI1LFwiVGhlIHZlbmRvciBcXFwibWFrZXVwX29qYXNAd2Vkd2lzZS5pbiBiZWxvbmcgdG8gdmVuZG9yIEhhaXIgJiBNYWtldXAgKGFzIEFkbWluKVxcXCIgd2FzIGNoYW5nZWQgc3VjY2Vzc2Z1bGx5LlwiXSxbXCJfX2pzb25fbWVzc2FnZVwiLDAsMjUsXCJUaGUgdmVuZG9yIFxcXCJtYWtldXBfb2phc0B3ZWR3aXNlLmluIGJlbG9uZyB0byB2ZW5kb3IgSGFpciAmIE1ha2V1cCAoYXMgQWRtaW4pXFxcIiB3YXMgY2hhbmdlZCBzdWNjZXNzZnVsbHkuXCJdLFtcIl9fanNvbl9tZXNzYWdlXCIsMCwyNSxcIlRoZSB2ZW5kb3IgXFxcIm1ha2V1cF9vamFzQHdlZHdpc2UuaW4gYmVsb25nIHRvIHZlbmRvciBIYWlyICYgTWFrZXVwIChhcyBBZG1pbilcXFwiIHdhcyBjaGFuZ2VkIHN1Y2Nlc3NmdWxseS5cIl0sW1wiX19qc29uX21lc3NhZ2VcIiwwLDI1LFwiVGhlIHZlbmRvciBcXFwibWFrZXVwX29qYXNAd2Vkd2lzZS5pbiBiZWxvbmcgdG8gdmVuZG9yIEhhaXIgJiBNYWtldXAgKGFzIEFkbWluKVxcXCIgd2FzIGNoYW5nZWQgc3VjY2Vzc2Z1bGx5LlwiXSxbXCJfX2pzb25fbWVzc2FnZVwiLDAsMjUsXCJUaGUgdmVuZG9yIFxcXCJtYWtldXBfb2phc0B3ZWR3aXNlLmluIGJlbG9uZyB0byB2ZW5kb3IgSGFpciAmIE1ha2V1cCAoYXMgQWRtaW4pXFxcIiB3YXMgY2hhbmdlZCBzdWNjZXNzZnVsbHkuXCJdLFtcIl9fanNvbl9tZXNzYWdlXCIsMCwyNSxcIlRoZSB2ZW5kb3IgXFxcIm1ha2V1cF9vamFzQHdlZHdpc2UuaW4gYmVsb25nIHRvIHZlbmRvciBIYWlyICYgTWFrZXVwIChhcyBBZG1pbilcXFwiIHdhcyBjaGFuZ2VkIHN1Y2Nlc3NmdWxseS5cIl0sW1wiX19qc29uX21lc3NhZ2VcIiwwLDI1LFwiVGhlIHZlbmRvciBcXFwiYmFucXVldF9zdW5fbl9zYW5kQHdlZHdpc2UuaW4gYmVsb25nIHRvIHZlbmRvciBCYW5xdWV0cyAoYXMgQWRtaW4pXFxcIiB3YXMgYWRkZWQgc3VjY2Vzc2Z1bGx5LlwiXSxbXCJfX2pzb25fbWVzc2FnZVwiLDAsMjUsXCJUaGUgdmVuZG9yIFxcXCJiYW5xdWV0X3N1bl9uX3NhbmRAd2Vkd2lzZS5pbiBiZWxvbmcgdG8gdmVuZG9yIEJhbnF1ZXRzIChhcyBBZG1pbilcXFwiIHdhcyBkZWxldGVkIHN1Y2Nlc3NmdWxseS5cIl0sW1wiX19qc29uX21lc3NhZ2VcIiwwLDI1LFwiVGhlIHVzZXIgXFxcInBob3RvX2NseWRlX25fa2FyZW5Ad2Vkd2lzZS5pblxcXCIgd2FzIGNoYW5nZWQgc3VjY2Vzc2Z1bGx5LlwiXSxbXCJfX2pzb25fbWVzc2FnZVwiLDAsMjUsXCJUaGUgdmVuZG9yIFxcXCJwaG90b19jbHlkZV9uX2thcmVuQHdlZHdpc2UuaW4gYmVsb25nIHRvIHZlbmRvciBQaG90b2dyYXBoZXJzIChhcyBBZG1pbilcXFwiIHdhcyBhZGRlZCBzdWNjZXNzZnVsbHkuXCJdLFtcIl9fanNvbl9tZXNzYWdlXCIsMCwyNSxcIlRoZSB2ZW5kb3IgXFxcInBob3RvX2NseWRlX25fa2FyZW5Ad2Vkd2lzZS5pbiBiZWxvbmcgdG8gdmVuZG9yIFBob3RvZ3JhcGhlcnMgKGFzIEFkbWluKVxcXCIgd2FzIGNoYW5nZWQgc3VjY2Vzc2Z1bGx5LlwiXSxbXCJfX2pzb25fbWVzc2FnZVwiLDAsMjUsXCJUaGUgdmVuZG9yIFxcXCJwaG90b19wcmFzaGFudEB3ZWR3aXNlLmluIGJlbG9uZyB0byB2ZW5kb3IgUGhvdG9ncmFwaGVycyAoYXMgQWRtaW4pXFxcIiB3YXMgYWRkZWQgc3VjY2Vzc2Z1bGx5LlwiXSxbXCJfX2pzb25fbWVzc2FnZVwiLDAsMjUsXCJUaGUgdmVuZG9yIFxcXCJwaG90b19wcmFzaGFudEB3ZWR3aXNlLmluIGJlbG9uZyB0byB2ZW5kb3IgUGhvdG9ncmFwaGVycyAoYXMgQWRtaW4pXFxcIiB3YXMgY2hhbmdlZCBzdWNjZXNzZnVsbHkuXCJdLFtcIl9fanNvbl9tZXNzYWdlXCIsMCwyNSxcIlRoZSB2ZW5kb3IgXFxcInBob3RvX3ByYXNoYW50QHdlZHdpc2UuaW4gYmVsb25nIHRvIHZlbmRvciBQaG90b2dyYXBoZXJzIChhcyBBZG1pbilcXFwiIHdhcyBjaGFuZ2VkIHN1Y2Nlc3NmdWxseS5cIl0sW1wiX19qc29uX21lc3NhZ2VcIiwwLDI1LFwiVGhlIHZlbmRvciBcXFwicGhvdG9fcHJhc2hhbnRAd2Vkd2lzZS5pbiBiZWxvbmcgdG8gdmVuZG9yIFBob3RvZ3JhcGhlcnMgKGFzIEFkbWluKVxcXCIgd2FzIGNoYW5nZWQgc3VjY2Vzc2Z1bGx5LlwiXV0ifQ==','2015-07-25 23:31:04'),('uxkd3jnmogya9x4uu8hd0x5ht0xn62o9','YTM3MTRhM2Q5YWY1NTQ2YjMxZjdjZWIwZDhjOGZhYzViNzcxY2M2Zjp7fQ==','2015-07-18 20:20:21'),('wo0igfzr6zjetr1c0rxljssn96kf3blz','NzQyYWZhNzhlNmFiZmM5ZDZlOWRhMmNiZjczNDQ3NGFmNGMzZjJlMDp7Il9hdXRoX3VzZXJfaGFzaCI6IjhjZDlhNjRjNzQzODE0YTBkYjVlYmUyNDllMDIzYzU4OWQzNWUxODMiLCJfYXV0aF91c2VyX2JhY2tlbmQiOiJkamFuZ28uY29udHJpYi5hdXRoLmJhY2tlbmRzLk1vZGVsQmFja2VuZCIsIl9hdXRoX3VzZXJfaWQiOjF9','2015-08-09 16:12:29');
/*!40000 ALTER TABLE `django_session` ENABLE KEYS */;
UNLOCK TABLES;

--
-- Table structure for table `vendor_category`
--

DROP TABLE IF EXISTS `vendor_category`;
/*!40101 SET @saved_cs_client     = @@character_set_client */;
/*!40101 SET character_set_client = utf8 */;
CREATE TABLE `vendor_category` (
  `id` int(11) NOT NULL AUTO_INCREMENT,
  `name` varchar(250) NOT NULL,
  `key` varchar(250) NOT NULL,
  `image` varchar(100) NOT NULL,
  PRIMARY KEY (`id`)
) ENGINE=InnoDB AUTO_INCREMENT=5 DEFAULT CHARSET=latin1;
/*!40101 SET character_set_client = @saved_cs_client */;

--
-- Dumping data for table `vendor_category`
--

LOCK TABLES `vendor_category` WRITE;
/*!40000 ALTER TABLE `vendor_category` DISABLE KEYS */;
INSERT INTO `vendor_category` VALUES (1,'Banquets','banquets',''),(2,'Catereres','caterers',''),(3,'Hair & Makeup','hairmakeup','media/vendor_image/favicon.ico'),(4,'Photographers','photographers','');
/*!40000 ALTER TABLE `vendor_category` ENABLE KEYS */;
UNLOCK TABLES;

--
-- Table structure for table `vendor_vendor`
--

DROP TABLE IF EXISTS `vendor_vendor`;
/*!40101 SET @saved_cs_client     = @@character_set_client */;
/*!40101 SET character_set_client = utf8 */;
CREATE TABLE `vendor_vendor` (
  `id` int(11) NOT NULL AUTO_INCREMENT,
  `name` varchar(250) NOT NULL,
  `contact_number` varchar(50) NOT NULL,
  `address` longtext NOT NULL,
  `role` varchar(100) NOT NULL,
  `user_id` int(11) NOT NULL,
  `vendor_type_id` int(11) DEFAULT NULL,
  `identifier` varchar(512) NOT NULL,
  `dynamic_info` longtext NOT NULL,
  `fbid` varchar(1024) NOT NULL,
  `gid` varchar(1024) NOT NULL,
  `forgot_code` varchar(50) DEFAULT NULL,
  `availability` longtext,
  PRIMARY KEY (`id`),
  UNIQUE KEY `user_id` (`user_id`),
  KEY `vendor_vendor_96b1f972` (`vendor_type_id`),
  CONSTRAINT `vendor_vendor_user_id_73675de7_fk_auth_user_id` FOREIGN KEY (`user_id`) REFERENCES `auth_user` (`id`),
  CONSTRAINT `vendor_vendor_vendor_type_id_6f6c99e_fk_vendor_category_id` FOREIGN KEY (`vendor_type_id`) REFERENCES `vendor_category` (`id`)
) ENGINE=InnoDB AUTO_INCREMENT=41 DEFAULT CHARSET=latin1;
/*!40101 SET character_set_client = @saved_cs_client */;

--
-- Dumping data for table `vendor_vendor`
--

LOCK TABLES `vendor_vendor` WRITE;
/*!40000 ALTER TABLE `vendor_vendor` DISABLE KEYS */;
INSERT INTO `vendor_vendor` VALUES (18,'Grand Homotel Malad','42797979','Sun-n-Sand Mumbai, 39, Juhu Beach, Mumbai - 400 049','Admin',74,1,'banquet_homotel@wedwise.in:ni-ZYm7L8xzNoyhafIJkKE3GIs0','{\r\n  \"bid\": {\r\n    \"type\": \"bid\",\r\n    \"event_date\": \"1\",\r\n    \"flexible_date\": \"Flexible Date\",\r\n    \"time_slot\": {\r\n      \"name\": \"Time Slot\",\r\n      \"value\": [\r\n        [\r\n          \"morning\",\r\n          \"Morning\"\r\n        ],\r\n        [\r\n          \"evening\",\r\n          \"Evening\"\r\n        ]\r\n      ]\r\n    },\r\n    \"package\": {\r\n      \"name\": \"Package\",\r\n      \"value\": \"500 Rs per plate minimum 100 persons required\",\r\n      \"package_list\": {\r\n        \"veg_package_1\": {\r\n          \"select_val\": \"Veg Pakackage 1\",\r\n          \"description\": \"Description about veg package 1\"\r\n        },\r\n        \"veg_package_2\": {\r\n          \"select_val\": \"Veg Pakackage 2\",\r\n          \"description\": \"Description about veg package 2\"\r\n        }\r\n      },\r\n      \"package_order\": [\r\n        \"veg_package_1\",\r\n        \"veg_package_2\"\r\n      ]\r\n    },\r\n    \"quoted\": {\r\n      \"name\": \"Package\",\r\n      \"value\": \"450 Rs per plate minimum 100 persons required\"\r\n    },\r\n    \"bid_options\": {\r\n      \"name\": \"Bid Price\",\r\n      \"min_per_unit\": 430.5,\r\n      \"quantity\": {\r\n        \"label\": \"Persons\",\r\n        \"min\": {\r\n          \"value\": 50,\r\n          \"message\": \"Book for least 50 people\"\r\n        },\r\n        \"max\": 1500\r\n      },\r\n      \"item\": {\r\n        \"label\": \"Per plate\",\r\n        \"min\": 400,\r\n        \"max\": 500\r\n      }\r\n    },\r\n    \"text\": \"Some terms and conditions text at the end\",\r\n    \"button\": \"BID\"\r\n  },\r\n  \"book\": {\r\n    \"type\": \"book\",\r\n    \"event_date\": 1,\r\n    \"time_slot\": {\r\n      \"name\": \"Time Slot\",\r\n      \"value\": [\r\n        [\r\n          \"morning\",\r\n          \"Morning\"\r\n        ],\r\n        [\r\n          \"evening\",\r\n          \"Evening\"\r\n        ]\r\n      ]\r\n    },\r\n    \"package\": {\r\n      \"name\": \"Package\",\r\n      \"value\": \"500 Rs per plate minimum 100 persons required\",\r\n      \"package_list\": {\r\n        \"veg_package_1\": {\r\n          \"select_val\": \"Veg Pakackage 1\",\r\n          \"description\": \"Description about veg package 1\"\r\n        },\r\n        \"veg_package_2\": {\r\n          \"select_val\": \"Veg Pakackage 2\",\r\n          \"description\": \"Description about veg package 2\"\r\n        }\r\n      },\r\n      \"package_order\": [\r\n        \"veg_package_1\",\r\n        \"veg_package_2\"\r\n      ]\r\n    },\r\n    \"button\": \"BOOK\"\r\n  },\r\n  \"info\": {\r\n    \"contact\": \"8298298982\",\r\n    \"starting_price\": \"250000/-\",\r\n    \"Hall Rental (If Any)\": \"none /-\",\r\n    \"top_name\": \"Grand Homotel Malad\",\r\n    \"hero_imgs\": [\r\n      \"/media/apps/ios/2x/category/banquets.jpg\",\r\n      \"/media/apps/ios/2x/category/decorators.jpg\",\r\n      \"/media/apps/ios/2x/category/others.jpg\"\r\n    ],\r\n    \"360_imgs\": [\r\n      \"/media/apps/ios/2x/category/banquets.jpg\",\r\n      \"/media/apps/ios/2x/category/decorators.jpg\",\r\n      \"/media/apps/ios/2x/category/others.jpg\"\r\n    ],\r\n    \"top_address\": \"Sun-n-Sand Mumbai, 39, Juhu Beach, Mumbai - 400 049\",\r\n    \"video_links\": [\r\n      \"https://www.youtube.com/watch?v=75xp_31ET-U\",\r\n      \"https://www.youtube.com/watch?v=HwYKxmxU5NA\"\r\n    ],\r\n    \"email\": \"banquet_homotel@wedwise.in\",\r\n    \"name\": \"Grand Homotel Malad\"\r\n  },\r\n  \"sections\": [\r\n    {\r\n      \"heading\": \"General Information Changed\",\r\n      \"data_display\": [\r\n        {\r\n          \"type\": \"key_value\",\r\n          \"key_values\": [\r\n            {\r\n              \"Location\": \"Malad West\"\r\n            },\r\n            {\r\n              \"Capactiy\": \"200 - 400\"\r\n            },\r\n            {\r\n              \"Venue Type\": \"Hotel Banquet\"\r\n            }\r\n          ],\r\n          \"read_more\": [\r\n            {\r\n              \"heading\": \"General Information\",\r\n              \"data_display\": [\r\n                {\r\n                  \"type\": \"key_value\",\r\n                  \"key_values\": [\r\n                    {\r\n                      \"Name\": \"Grand Homotel\"\r\n                    },\r\n                    {\r\n                      \"Address\": \"Mind Space,Malad, Mumbai 4000064\"\r\n                    },\r\n                    {\r\n                      \"Phone\": \"42797979\"\r\n                    },\r\n                    {\r\n                      \"Neighbourhood\": \"\"\r\n                    },\r\n                    {\r\n                      \"GPS Co-Ordinates\": \"\"\r\n                    },\r\n                    {\r\n                      \"Capacity(floating)\": \"400\"\r\n                    },\r\n                    {\r\n                      \"Veg\": \"Available\"\r\n                    },\r\n                    {\r\n                      \"Jain\": \"Available\"\r\n                    },\r\n                    {\r\n                      \"Non-Veg\": \"Available\"\r\n                    },\r\n                    {\r\n                      \"Alcohol\": \"Available\"\r\n                    },\r\n                    {\r\n                      \"Parking Spots\": \"Available\"\r\n                    },\r\n                    {\r\n                      \"AC/Non-Ac\": \"AC/Non-Ac\"\r\n                    },\r\n                    {\r\n                      \"Speciliaty Cuisine\": \"Mexican, Italian, Chinese\"\r\n                    },\r\n                    {\r\n                      \"Venu Type\": \"Roof top Banquet and Hall  \"\r\n                    },\r\n                    {\r\n                      \"Outside Catering\": \"Not Allowed\"\r\n                    }\r\n                  ]\r\n                }\r\n              ]\r\n            }\r\n          ]\r\n        }\r\n      ]\r\n    },\r\n    {\r\n      \"heading\": \"Locate us on map\",\r\n      \"data_display\": [\r\n        {\r\n          \"lat\": \"19.1777352\",\r\n          \"type\": \"map\",\r\n          \"long\": \"72.8343873\"\r\n        }\r\n      ]\r\n    },\r\n    {\r\n      \"heading\": \"Food Packages\",\r\n      \"data_display\": [\r\n        {\r\n          \"type\": \"key_value\",\r\n          \"key_values\": [\r\n            {\r\n              \"Package 1 (Lunch)\": \"600 /- per plate\"\r\n            },\r\n            {\r\n              \"Package 2 (Dinner)\": \"900 /- per plate\"\r\n            },\r\n            {\r\n              \"Package 3 (Lunch/Dinner)\": \"1100 /- per plate minimum 300 peoples\"\r\n            }\r\n          ],\r\n          \"read_more\": [\r\n            {\r\n              \"heading\": \"Food Packages\",\r\n              \"data_display\": [\r\n                {\r\n                  \"type\": \"packages\",\r\n                  \"Lunch\": {\r\n                    \"package_values\": [\r\n                      {\r\n                        \"quoted\": {\r\n                          \"Quoted Price\": \"1800\"\r\n                        },\r\n                        \"minimum\": {\r\n                          \"Minimum Price\": \"1600\"\r\n                        },\r\n                        \"label\": \"Veg Package 1 ( 600 /- per plate)\",\r\n                        \"options\": [\r\n                          {\r\n                            \"Welcome Drink (2)\": \"Pepsi / Coke / Jaljeera /\"\r\n                          },\r\n                          {\r\n                            \"Starters (4)\": \"Veg manchurian / Hara bhara kabab / paneer pakoda\"\r\n                          },\r\n                          {\r\n                            \"Salads (4)\": \"Veg\"\r\n                          },\r\n                          {\r\n                            \"Soup (2)\": \"Veg\"\r\n                          },\r\n                          {\r\n                            \"Breads (4)\": \"Veg\"\r\n                          },\r\n                          {\r\n                            \"Main Courses (4)\": \"Veg\"\r\n                          },\r\n                          {\r\n                            \"Dal (1)\": \"Veg\"\r\n                          },\r\n                          {\r\n                            \"Rice (2)\": \"Veg\"\r\n                          },\r\n                          {\r\n                            \"Raita (1)\": \"Veg\"\r\n                          },\r\n                          {\r\n                            \"Desert (3)\": \"Veg\"\r\n                          },\r\n                          {\r\n                            \"Live Stations (1)\": \"Veg\"\r\n                          }\r\n                        ]\r\n                      },\r\n                      {\r\n                        \"quoted\": {\r\n                          \"Quoted Price\": \"2200\"\r\n                        },\r\n                        \"minimum\": {\r\n                          \"Minimum Price\": \"2000\"\r\n                        },\r\n                        \"label\": \"Veg Package 2 ( 900 /- per plate)\",\r\n                        \"options\": [\r\n                          {\r\n                            \"Welcome Drink (3)\": \"Pepsi / Coke / Jaljeera /\"\r\n                          },\r\n                          {\r\n                            \"Starters (5)\": \"Veg manchurian / Hara bhara kabab / paneer pakoda\"\r\n                          },\r\n                          {\r\n                            \"Salads (5)\": \"Veg\"\r\n                          },\r\n                          {\r\n                            \"Soup (4)\": \"Veg\"\r\n                          },\r\n                          {\r\n                            \"Breads (4)\": \"Veg\"\r\n                          },\r\n                          {\r\n                            \"Main Courses (6)\": \"Veg\"\r\n                          },\r\n                          {\r\n                            \"Dal (2)\": \"Veg\"\r\n                          },\r\n                          {\r\n                            \"Rice (2)\": \"Veg\"\r\n                          },\r\n                          {\r\n                            \"Raita (1)\": \"Veg\"\r\n                          },\r\n                          {\r\n                            \"Desert (5)\": \"Veg\"\r\n                          },\r\n                          {\r\n                            \"Live Stations (2)\": \"Veg\"\r\n                          }\r\n                        ]\r\n                      },\r\n                      {\r\n                        \"quoted\": {\r\n                          \"Quoted Price\": \"2300\"\r\n                        },\r\n                        \"minimum\": {\r\n                          \"Minimum Price\": \"2100\"\r\n                        },\r\n                        \"label\": \"Non Veg Package 1 ( 1100 /- per plate)\",\r\n                        \"options\": [\r\n                          {\r\n                            \"Welcome Drink (2)\": \"Pepsi / Coke / Jaljeera /\"\r\n                          },\r\n                          {\r\n                            \"Starters (4)\": \"Veg manchurian / Hara bhara kabab / paneer pakoda\"\r\n                          },\r\n                          {\r\n                            \"Salads (4)\": \"Veg\"\r\n                          },\r\n                          {\r\n                            \"Soup (2)\": \"Veg\"\r\n                          },\r\n                          {\r\n                            \"Breads (4)\": \"Veg\"\r\n                          },\r\n                          {\r\n                            \"Main Courses (4)\": \"Veg\"\r\n                          },\r\n                          {\r\n                            \"Dal (1)\": \"Veg\"\r\n                          },\r\n                          {\r\n                            \"Rice (2)\": \"Veg\"\r\n                          },\r\n                          {\r\n                            \"Raita (1)\": \"Veg\"\r\n                          },\r\n                          {\r\n                            \"Desert (3)\": \"Veg\"\r\n                          },\r\n                          {\r\n                            \"Live Stations (1)\": \"Veg\"\r\n                          }\r\n                        ]\r\n                      },\r\n                      {\r\n                        \"quoted\": {\r\n                          \"Quoted Price\": \"2500\"\r\n                        },\r\n                        \"minimum\": {\r\n                          \"Minimum Price\": \"2300\"\r\n                        },\r\n                        \"label\": \"Non Veg Package 2 ( 600 /- per plate)\",\r\n                        \"options\": [\r\n                          {\r\n                            \"Welcome Drink (3)\": \"Pepsi / Coke / Jaljeera /\"\r\n                          },\r\n                          {\r\n                            \"Starters (5)\": \"Veg manchurian / Hara bhara kabab / paneer pakoda\"\r\n                          },\r\n                          {\r\n                            \"Salads (5)\": \"Veg\"\r\n                          },\r\n                          {\r\n                            \"Soup (4)\": \"Veg\"\r\n                          },\r\n                          {\r\n                            \"Breads (4)\": \"Veg\"\r\n                          },\r\n                          {\r\n                            \"Main Courses (6)\": \"Veg\"\r\n                          },\r\n                          {\r\n                            \"Dal (2)\": \"Veg\"\r\n                          },\r\n                          {\r\n                            \"Rice (2)\": \"Veg\"\r\n                          },\r\n                          {\r\n                            \"Raita (1)\": \"Veg\"\r\n                          },\r\n                          {\r\n                            \"Desert (5)\": \"Veg\"\r\n                          },\r\n                          {\r\n                            \"Live Stations (2)\": \"Veg\"\r\n                          }\r\n                        ]\r\n                      }\r\n                    ]\r\n                  },\r\n                  \"Dinner\": {\r\n                    \"package_values\": [\r\n                      {\r\n                        \"quoted\": {\r\n                          \"Quoted Price\": \"1800\"\r\n                        },\r\n                        \"minimum\": {\r\n                          \"Minimum Price\": \"1600\"\r\n                        },\r\n                        \"label\": \"Veg Package 1 ( 600 /- per plate)\",\r\n                        \"options\": [\r\n                          {\r\n                            \"Welcome Drink (2)\": \"Pepsi / Coke /\"\r\n                          },\r\n                          {\r\n                            \"Starters (4)\": \"Veg manchurian / Hara bhara kabab / paneer pakoda\"\r\n                          },\r\n                          {\r\n                            \"Salads (4)\": \"Veg\"\r\n                          },\r\n                          {\r\n                            \"Soup (2)\": \"Veg\"\r\n                          },\r\n                          {\r\n                            \"Breads (4)\": \"Veg\"\r\n                          },\r\n                          {\r\n                            \"Main Courses (4)\": \"Veg\"\r\n                          },\r\n                          {\r\n                            \"Dal (1)\": \"Veg\"\r\n                          },\r\n                          {\r\n                            \"Rice (2)\": \"Veg\"\r\n                          },\r\n                          {\r\n                            \"Raita (1)\": \"Veg\"\r\n                          },\r\n                          {\r\n                            \"Desert (3)\": \"Veg\"\r\n                          },\r\n                          {\r\n                            \"Live Stations (1)\": \"Veg\"\r\n                          }\r\n                        ]\r\n                      },\r\n                      {\r\n                        \"quoted\": {\r\n                          \"Quoted Price\": \"2200\"\r\n                        },\r\n                        \"minimum\": {\r\n                          \"Minimum Price\": \"2000\"\r\n                        },\r\n                        \"label\": \"Veg Package 2 ( 600 /- per plate)\",\r\n                        \"options\": [\r\n                          {\r\n                            \"Welcome Drink (3)\": \"Pepsi / Coke / Jaljeera /\"\r\n                          },\r\n                          {\r\n                            \"Starters (5)\": \"Veg manchurian / Hara bhara kabab / paneer pakoda\"\r\n                          },\r\n                          {\r\n                            \"Salads (5)\": \"Veg\"\r\n                          },\r\n                          {\r\n                            \"Soup (4)\": \"Veg\"\r\n                          },\r\n                          {\r\n                            \"Breads (6)\": \"Veg\"\r\n                          },\r\n                          {\r\n                            \"Main Courses (6)\": \"Veg\"\r\n                          },\r\n                          {\r\n                            \"Dal (2)\": \"Veg\"\r\n                          },\r\n                          {\r\n                            \"Rice (2)\": \"Veg\"\r\n                          },\r\n                          {\r\n                            \"Raita (1)\": \"Veg\"\r\n                          },\r\n                          {\r\n                            \"Desert (5)\": \"Veg\"\r\n                          },\r\n                          {\r\n                            \"Live Stations (2)\": \"Veg\"\r\n                          }\r\n                        ]\r\n                      },\r\n                      {\r\n                        \"quoted\": {\r\n                          \"Quoted Price\": \"2300\"\r\n                        },\r\n                        \"minimum\": {\r\n                          \"Minimum Price\": \"2100\"\r\n                        },\r\n                        \"label\": \"Non Veg Package 1 ( 600 /- per plate)\",\r\n                        \"options\": [\r\n                          {\r\n                            \"Welcome Drink (2)\": \"Pepsi / Coke /\"\r\n                          },\r\n                          {\r\n                            \"Starters (4)\": \"Veg manchurian / Hara bhara kabab / paneer pakoda\"\r\n                          },\r\n                          {\r\n                            \"Salads (4)\": \"Veg\"\r\n                          },\r\n                          {\r\n                            \"Soup (2)\": \"Veg\"\r\n                          },\r\n                          {\r\n                            \"Breads (4)\": \"Veg\"\r\n                          },\r\n                          {\r\n                            \"Main Courses (4)\": \"Veg\"\r\n                          },\r\n                          {\r\n                            \"Dal (1)\": \"Veg\"\r\n                          },\r\n                          {\r\n                            \"Rice (2)\": \"Veg\"\r\n                          },\r\n                          {\r\n                            \"Raita (1)\": \"Veg\"\r\n                          },\r\n                          {\r\n                            \"Desert (3)\": \"Veg\"\r\n                          },\r\n                          {\r\n                            \"Live Stations (1)\": \"Veg\"\r\n                          }\r\n                        ]\r\n                      },\r\n                      {\r\n                        \"quoted\": {\r\n                          \"Quoted Price\": \"2500\"\r\n                        },\r\n                        \"minimum\": {\r\n                          \"Minimum Price\": \"2300\"\r\n                        },\r\n                        \"label\": \"Non Veg Package 2 ( 600 /- per plate)\",\r\n                        \"options\": [\r\n                          {\r\n                            \"Welcome Drink (3)\": \"Pepsi / Coke / Jaljeera /\"\r\n                          },\r\n                          {\r\n                            \"Starters (5)\": \"Veg manchurian / Hara bhara kabab / paneer pakoda\"\r\n                          },\r\n                          {\r\n                            \"Salads (5)\": \"Veg\"\r\n                          },\r\n                          {\r\n                            \"Soup (4)\": \"Veg\"\r\n                          },\r\n                          {\r\n                            \"Breads (4)\": \"Veg\"\r\n                          },\r\n                          {\r\n                            \"Main Courses (6)\": \"Veg\"\r\n                          },\r\n                          {\r\n                            \"Dal (2)\": \"Veg\"\r\n                          },\r\n                          {\r\n                            \"Rice (2)\": \"Veg\"\r\n                          },\r\n                          {\r\n                            \"Raita (1)\": \"Veg\"\r\n                          },\r\n                          {\r\n                            \"Desert (5)\": \"Veg\"\r\n                          },\r\n                          {\r\n                            \"Live Stations (2)\": \"Veg\"\r\n                          }\r\n                        ]\r\n                      }\r\n                    ]\r\n                  }\r\n                }\r\n              ]\r\n            }\r\n          ]\r\n        }\r\n      ]\r\n    },\r\n    {\r\n      \"heading\": \"Other Services\",\r\n      \"data_display\": [\r\n        {\r\n          \"type\": \"key_value\",\r\n          \"key_values\": [\r\n            {\r\n              \"Valet Service\": \"Availabe\"\r\n            },\r\n            {\r\n              \"Projector\": \"Availabe\"\r\n            },\r\n            {\r\n              \"Sound System\": \"Availabe\"\r\n            }\r\n          ],\r\n          \"read_more\": [\r\n            {\r\n              \"heading\": \"General Information\",\r\n              \"data_display\": [\r\n                {\r\n                  \"type\": \"key_value\",\r\n                  \"key_values\": [\r\n                    {\r\n                      \"Valet Service\": \"Availabe\"\r\n                    },\r\n                    {\r\n                      \"Projector\": \"Availabe\"\r\n                    },\r\n                    {\r\n                      \"Sound System\": \"Availabe\"\r\n                    },\r\n                    {\r\n                      \"Mike\": \"Available\"\r\n                    }\r\n                  ]\r\n                }\r\n              ]\r\n            }\r\n          ]\r\n        }\r\n      ]\r\n    },\r\n    {\r\n      \"heading\": \"Food & Drinks\",\r\n      \"data_display\": [\r\n        {\r\n          \"type\": \"key_value\",\r\n          \"key_values\": [\r\n            {\r\n              \"Jain Preperation\": \"YES\"\r\n            },\r\n            {\r\n              \"Non Veg\": \"YES\"\r\n            },\r\n            {\r\n              \"Outside General Catering\": \"NO\"\r\n            }\r\n          ],\r\n          \"read_more\": [\r\n            {\r\n              \"heading\": \"Food &  Drinks\",\r\n              \"data_display\": [\r\n                {\r\n                  \"type\": \"key_value\",\r\n                  \"key_values\": [\r\n                    {\r\n                      \"Valet Service\": \"Availabe\"\r\n                    },\r\n                    {\r\n                      \"Projector\": \"Availabe\"\r\n                    },\r\n                    {\r\n                      \"Sound System\": \"Availabe\"\r\n                    },\r\n                    {\r\n                      \"Mike\": \"Available\"\r\n                    }\r\n                  ]\r\n                }\r\n              ]\r\n            }\r\n          ]\r\n          \r\n        }\r\n      ]\r\n    },\r\n    {\r\n      \"heading\": \"Saftey\",\r\n      \"data_display\": [\r\n        {\r\n          \"type\": \"key_value\",\r\n          \"key_values\": [\r\n            {\r\n              \"First Aid Kit\": \"YES\"\r\n            },\r\n            {\r\n              \"Fire Fighting\": \"YES\"\r\n            },\r\n            {\r\n              \"Sprinkler\": \"YES\"\r\n            },\r\n            {\r\n              \"On Call Doctor\": \"YES\"\r\n            }\r\n          ]\r\n        }\r\n      ]\r\n    },\r\n    {\r\n      \"heading\": \"Capcity\",\r\n      \"data_display\": [\r\n        {\r\n          \"type\": \"key_value\",\r\n          \"key_values\": [\r\n            {\r\n              \"Floating\": \"400\"\r\n            },\r\n            {\r\n              \"U Shape\": \"60\"\r\n            },\r\n            {\r\n              \"Cluster\": \"125\"\r\n            },\r\n            {\r\n              \"Theater\": \"175\"\r\n            },\r\n            {\r\n              \"Class\": \"80\"\r\n            },\r\n            {\r\n              \"Car Park\": \"150\"\r\n            },\r\n            {\r\n              \"Bike Park\": \"50\"\r\n            },\r\n            {\r\n              \"Valet Parking\": \"YES\"\r\n            }\r\n          ]\r\n        }\r\n      ]\r\n    },\r\n    {\r\n      \"heading\": \"AV/Music\",\r\n      \"data_display\": [\r\n        {\r\n          \"type\": \"key_value\",\r\n          \"key_values\": [\r\n            {\r\n              \"Music System\": \"YES\"\r\n            },\r\n            {\r\n              \"DJ Setup\": \"NO\"\r\n            },\r\n            {\r\n              \"Party Lights\": \"NO\"\r\n            },\r\n            {\r\n              \"Mike\": \"NO\"\r\n            },\r\n            {\r\n              \"Projector\": \"YES\"\r\n            },\r\n            {\r\n              \"License Liasion\": \"YES\"\r\n            }\r\n          ]\r\n        }\r\n      ]\r\n    },\r\n    {\r\n      \"heading\": \"Facilities\",\r\n      \"data_display\": [\r\n        {\r\n          \"type\": \"key_value\",\r\n          \"key_values\": [\r\n            {\r\n              \"Venue Type\": \"Hotel\"\r\n            },\r\n            {\r\n              \"AC\": \"YES\"\r\n            },\r\n            {\r\n              \"Power Back Up\": \"YES\"\r\n            },\r\n            {\r\n              \"Restrooms\": \"YES\"\r\n            },\r\n            {\r\n              \"Shower\": \"YES\"\r\n            },\r\n            {\r\n              \"Bridal Room\": \"YES\"\r\n            },\r\n            {\r\n              \"Elevator\": \"YES\"\r\n            },\r\n            {\r\n              \"Ramp\": \"NO\"\r\n            },\r\n            {\r\n              \"Wheelchair\": \"YES\"\r\n            },\r\n            {\r\n              \"Chairs\": \"400\"\r\n            },\r\n            {\r\n              \"Chair Covers\": \"YES\"\r\n            },\r\n            {\r\n              \"Table\": \"200\"\r\n            },\r\n            {\r\n              \"Table Covers\": \"YES\"\r\n            },\r\n            {\r\n              \"Pool Side\": \"YES\"\r\n            },\r\n            {\r\n              \"Overnight Rooms\": \"YES\"\r\n            }\r\n          ]\r\n        }\r\n      ]\r\n    },\r\n    {\r\n      \"heading\": \"Payment Terms\",\r\n      \"data_display\": [\r\n        {\r\n          \"type\": \"key_value\",\r\n          \"key_values\": [\r\n            {\r\n              \"Book Advance\": \"50% of total billing\"\r\n            },\r\n            {\r\n              \"2nd Payment\": \"30 days before event\"\r\n            },\r\n            {\r\n              \"Last Payment\": \"15 days before event\"\r\n            },\r\n            {\r\n              \"Cancellation Policy\": \"Loses booking advance\"\r\n            }\r\n          ]\r\n        }\r\n      ]\r\n    },\r\n    {\r\n      \"heading\": \"Tie- Ups\",\r\n      \"data_display\": [\r\n        {\r\n          \"type\": \"key_value\",\r\n          \"key_values\": [\r\n            {\r\n              \"Decorators\": \"National(26183412),Samani(26133456)\"\r\n            },\r\n            {\r\n              \"Other Allowed\": \"NO\"\r\n            },\r\n            {\r\n              \"Caterers\": \"Hotel,Contact\"\r\n            },\r\n            {\r\n              \"Florists\": \"Florista(43449000/65260000),,Pooja Florists(26543789)\"\r\n            },\r\n            {\r\n              \"Other Allowed\": \"NO\"\r\n            }\r\n          ]\r\n        }\r\n      ]\r\n    }\r\n  ]\r\n}','-1','-1',NULL,'{u\'2015-08-13\': u\'ongoing_enquiry_morning\', u\'2015-08-12\': u\'available_evening\', u\'2015-08-11\': u\'ongoing_enquiry_morning\', u\'2015-08-10\': u\'ongoing_enquiry_morning\', u\'2014-11-10\': u\'ongoing_enquiry_evening\', u\'2015-08-09\': u\'ongoing_enquiry_morning\', u\'2015-08-14\': u\'ongoing_enquiry_morning\', u\'2015-08-04\': u\'available_evening\', u\'2015-08-05\': u\'available_evening\', u\'2015-08-19\': u\'ongoing_enquiry_morning\', u\'2015-08-07\': u\'ongoing_enquiry_morning\', u\'2015-08-26\': u\'ongoing_enquiry_morning\', u\'2015-08-27\': u\'available_morning\', u\'2015-08-02\': u\'ongoing_enquiry_morning\', u\'2015-08-03\': u\'ongoing_enquiry_morning\', u\'2015-11-09\': u\'ongoing_enquiry_morning\', u\'2015-08-24\': u\'ongoing_enquiry_morning\', u\'2015-08-25\': u\'ongoing_enquiry_morning\', u\'2015-08-21\': u\'available_morning\', u\'2014-11-11\': u\'available_all_day\', u\'2015-09-17\': u\'booked_evening\', u\'2015-09-11\': u\'ongoing_enquiry_evening\', u\'2015-08-06\': u\'available_evening\', u\'2015-09-12\': u\'ongoing_enquiry_evening\', u\'morning\': [u\'2014-11-10\'], u\'2015-09-10\': u\'ongoing_enquiry_evening\', u\'2015-08-22\': u\'available_morning\', u\'2015-09-05\': u\'ongoing_enquiry_evening\', u\'2015-09-04\': u\'ongoing_enquiry_evening\', u\'2015-09-16\': u\'ongoing_enquiry_evening\', u\'2015-08-23\': u\'ongoing_enquiry_morning\', u\'2014-11-18\': u\'available_all_day\', u\'2015-09-24\': u\'booked_evening\', u\'2015-08-28\': u\'available_evening\', u\'2015-08-20\': u\'ongoing_enquiry_morning\', u\'2015-09-09\': u\'ongoing_enquiry_evening\'}'),(19,'Novotel Mumbai','022 6693 4444','Balraj Sahani Marg, Juhu Beach, Mumbai, Maharashtra 400049','Admin',75,1,'banquet_novotel@wedwise.in:aFC5IGjftFa2gkrYoR2oNuHLMCg','{\r\n  \"bid\": {\r\n    \"type\": \"bid\",\r\n    \"event_date\": 1,\r\n    \"time_slot\": {\r\n      \"name\": \"Time Slot\",\r\n      \"value\": [\r\n        [\r\n          \"morning\",\r\n          \"Morning\"\r\n        ],\r\n        [\r\n          \"evening\",\r\n          \"Evening\"\r\n        ]\r\n      ]\r\n    },\r\n    \"package\": {\r\n      \"name\": \"Package\",\r\n      \"value\": \"500 Rs per plate minimum 100 persons required\"\r\n    },\r\n    \"quoted\": {\r\n      \"name\": \"Package\",\r\n      \"value\": \"450 Rs per plate minimum 100 persons required\"\r\n    },\r\n    \"bid_options\": {\r\n      \"name\": \"Bid Price\",\r\n      \"min_per_unit\": 430.5,\r\n      \"quantity\": {\r\n        \"label\": \"Persons\",\r\n        \"min\": {\r\n          \"value\": 50,\r\n          \"message\": \"Book for least 50 people\"\r\n        },\r\n        \"max\": 1500\r\n      },\r\n      \"item\": {\r\n        \"label\": \"Per plate\",\r\n        \"min\": 400,\r\n        \"max\": 500\r\n      }\r\n    },\r\n    \"text\": \"Some terms and conditions text at the end\",\r\n    \"button\": \"BID\"\r\n  },\r\n  \"book\": {\r\n    \"type\": \"book\",\r\n    \"event_date\": 1,\r\n    \"time_slot\": {\r\n      \"name\": \"Time Slot\",\r\n      \"value\": [\r\n        [\r\n          \"morning\",\r\n          \"Morning\"\r\n        ],\r\n        [\r\n          \"evening\",\r\n          \"Evening\"\r\n        ]\r\n      ]\r\n    },\r\n    \"package\": {\r\n      \"name\": \"Package\",\r\n      \"value\": \"500 Rs per plate minimum 100 persons required\"\r\n    },\r\n    \"button\": \"BOOK\"\r\n  },\r\n  \"info\": {\r\n    \"contact\": \"022 6693 4444\",\r\n    \"starting_price\": \"2200/-\",\r\n    \"Hall Rental (If Any)\": \"none /-\",\r\n    \"top_name\": \"Novotel Mumbai\",\r\n    \"hero_imgs\": [\r\n      \"/media/apps/ios/2x/category/banquets.jpg\",\r\n      \"/media/apps/ios/2x/category/decorators.jpg\",\r\n      \"/media/apps/ios/2x/category/others.jpg\"\r\n    ],\r\n    \"360_imgs\": [\r\n      \"/media/apps/ios/2x/category/banquets.jpg\",\r\n      \"/media/apps/ios/2x/category/decorators.jpg\",\r\n      \"/media/apps/ios/2x/category/others.jpg\"\r\n    ],\r\n    \"top_address\": \"Balraj Sahani Marg, Juhu Beach, Mumbai, Maharashtra 400049\",\r\n    \"video_links\": [\r\n      \"https://www.youtube.com/watch?v=75xp_31ET-U\",\r\n      \"https://www.youtube.com/watch?v=HwYKxmxU5NA\"\r\n    ],\r\n    \"email\": \"banquet_novotel@wedwise.in\",\r\n    \"name\": \"Novotel Mumbai\"\r\n  },\r\n  \"sections\": [\r\n    {\r\n      \"heading\": \"Basic Info\",\r\n      \"data_display\": [\r\n        {\r\n          \"type\": \"key_value\",\r\n          \"key_values\": [\r\n            {\r\n              \"Veg\": \"Yes (Spc Kitchen)\"\r\n            },\r\n            {\r\n              \"Jain\": \"Yes (Spc Kitchen)\"\r\n            },\r\n            {\r\n              \"Non-Veg\": \"Yes\"\r\n            }\r\n          ],\r\n          \"read_more\": [\r\n            {\r\n              \"heading\": \"Basic Info\",\r\n              \"data_display\": [\r\n                {\r\n                  \"type\": \"key_value\",\r\n                  \"key_values\": [\r\n                    {\r\n                      \"Name\": \"Novotel Mumbai\"\r\n                    },\r\n                    {\r\n                      \"Address\": \"Balraj Sahani Marg, Juhu Beach, Mumbai, Maharashtra 400049\"\r\n                    },\r\n                    {\r\n                      \"Phone\": \"022 6693 4444\"\r\n                    },\r\n                    {\r\n                      \"Neighbourhood\": \"Juhu Beach\"\r\n                    },\r\n                    {\r\n                      \"Capacity(floating)\": \"500\"\r\n                    },\r\n                    {\r\n                      \"Veg\": \"Yes (Spc Kitchen)\"\r\n                    },\r\n                    {\r\n                      \"Jain\": \"Yes (Spc Kitchen)\"\r\n                    },\r\n                    {\r\n                      \"Non-Veg\": \"Yes\"\r\n                    },\r\n                    {\r\n                      \"Alcohol\": \"Available, Only In-House\"\r\n                    },\r\n                    {\r\n                      \"Parking Spots\": \"Available\"\r\n                    },\r\n                    {\r\n                      \"AC/Non-Ac\": \"100% AC\"\r\n                    },\r\n                    {\r\n                      \"Speciliaty Cuisine\": \"Marwari, Gujurati, Continental, Chinese\"\r\n                    },\r\n                    {\r\n                      \"Venu Type\": \"Indoor AC Banquets\"\r\n                    },\r\n                    {\r\n                      \"Outside Catering\": \"Not Allowed\"\r\n                    }\r\n                  ]\r\n                }\r\n              ]\r\n            }\r\n          ]\r\n        }\r\n      ]\r\n    },\r\n    {\r\n      \"heading\": \"Locate us on map\",\r\n      \"data_display\": [\r\n        {\r\n          \"lat\": [\r\n            \"75\",\r\n            \"58\",\r\n            \"E\"\r\n          ],\r\n          \"type\": \"map\",\r\n          \"long\": [\r\n            \"20\",\r\n            \"15\",\r\n            \"N\"\r\n          ]\r\n        },\r\n        {\r\n          \"text\": \"Description how to reach\",\r\n          \"type\": \"para\"\r\n        }\r\n      ]\r\n    },\r\n    {\r\n      \"heading\": \"Food Packages\",\r\n      \"data_display\": [\r\n        {\r\n          \"type\": \"key_value\",\r\n          \"key_values\": [\r\n            {\r\n              \"Veg Package\": \"From 2,200\"\r\n            },\r\n            {\r\n              \"Non-Veg Package\": \"From 2,400\"\r\n            }\r\n          ],\r\n          \"read_more\": [\r\n            {\r\n              \"heading\": \"Food Packages\",\r\n              \"data_display\": [\r\n                {\r\n                  \"type\": \"packages\",\r\n                  \"Lunch\": {\r\n                    \"package_values\": [\r\n                      {\r\n                        \"quoted\": {\r\n                          \"Start Price\": \"2200\"\r\n                        },\r\n                        \"minimum\": {\r\n                          \"Minimum Price\": \"1800\"\r\n                        },\r\n                        \"label\": \"Veg Package\",\r\n                        \"options\": [\r\n                          {\r\n                            \"Welcome Drink (2)\": \"Pepsi,Coke,Jaljeera,etc.\"\r\n                          },\r\n                          {\r\n                            \"Starters (4)\": \"Paneer Tikka, Hara bhara kabab, Crispy Vegetables, etc.\"\r\n                          },\r\n                          {\r\n                            \"Salads (4)\": \"Greek, Cesar, Italian, etc.\"\r\n                          },\r\n                          {\r\n                            \"Soup (2)\": \"Hot&Sour, Manchow, Corn Cream, etc.\"\r\n                          },\r\n                          {\r\n                            \"Breads (4)\": \"Ciabatta, Sourdough, Baguette, etc.\"\r\n                          },\r\n                          {\r\n                            \"Main Courses (4)\": \"Shahi Paneer, Malai Kofta, Methi Mutter, etc. \"\r\n                          },\r\n                          {\r\n                            \"Dal (1)\": \"Dal Makhani, Kali Dal, etc.\"\r\n                          },\r\n                          {\r\n                            \"Rice (2)\": \"Jeera Rica, Veg Pulao\"\r\n                          },\r\n                          {\r\n                            \"Raita (1)\": \"Pineappl Raita, Boondi Raita, etc.\"\r\n                          },\r\n                          {\r\n                            \"Desert (3)\": \"Badam Halwa, Malpua, Brownie, etc.\"\r\n                          },\r\n                          {\r\n                            \"Live Stations(2)\": \"Pasta, Appam, Chat, etc.\"\r\n                          }\r\n                        ]\r\n                      },\r\n                      {\r\n                        \"quoted\": {\r\n                          \"Quoted Price\": \"2400\"\r\n                        },\r\n                        \"minimum\": {\r\n                          \"Minimum Price\": \"2000\"\r\n                        },\r\n                        \"label\": \"Non Veg Package\",\r\n                        \"options\": [\r\n                          {\r\n                            \"Welcome Drink (3)\": \"Pepsi, Coke, Limbu Paani, etc.\"\r\n                          },\r\n                          {\r\n                            \"Starters (5)\": \"Veg manchurian, Hara bhara kabab, paneer pakoda\"\r\n                          },\r\n                          {\r\n                            \"Salads (5)\":\"\"\r\n                          },\r\n                          {\r\n                            \"Soup (4)\": \"\"\r\n                          },\r\n                          {\r\n                            \"Breads (4)\": \"\"\r\n                          },\r\n                          {\r\n                            \"Main Courses (6)\": \"\"\r\n                          },\r\n                          {\r\n                            \"Dal (2)\": \"\"\r\n                          },\r\n                          {\r\n                            \"Rice (2)\": \"\"\r\n                          },\r\n                          {\r\n                            \"Raita (1)\": \"\"\r\n                          },\r\n                          {\r\n                            \"Desert (5)\": \"\"\r\n                          },\r\n                          {\r\n                            \"Live Stations (2)\": \"\"\r\n                          }\r\n                        ]\r\n                      },\r\n                      {\r\n                        \"quoted\": {\r\n                          \"Quoted Price\": \"3000\"\r\n                        },\r\n                        \"minimum\": {\r\n                          \"Minimum Price\": \"2700\"\r\n                        },\r\n                        \"label\": \"Maharaja Package\",\r\n                        \"options\": [\r\n                          {\r\n                            \"Welcome Drink (3)\": \"Pepsi / Coke / Jaljeera /\"\r\n                          },\r\n                          {\r\n                            \"Starters (5)\": \"Veg manchurian / Hara bhara kabab / paneer pakoda\"\r\n                          },\r\n                          {\r\n                            \"Salads (5)\": \"Veg\"\r\n                          },\r\n                          {\r\n                            \"Soup (4)\": \"Veg\"\r\n                          },\r\n                          {\r\n                            \"Breads (4)\": \"Veg\"\r\n                          },\r\n                          {\r\n                            \"Main Courses (6)\": \"Veg\"\r\n                          },\r\n                          {\r\n                            \"Dal (2)\": \"Veg\"\r\n                          },\r\n                          {\r\n                            \"Rice (2)\": \"Veg\"\r\n                          },\r\n                          {\r\n                            \"Raita (1)\": \"Veg\"\r\n                          },\r\n                          {\r\n                            \"Desert (5)\": \"Veg\"\r\n                          },\r\n                          {\r\n                            \"Live Stations (2)\": \"Veg\"\r\n                          }\r\n                        ]\r\n                      }\r\n                    ]\r\n                  },\r\n                  \"Dinner\": {\r\n                    \"package_values\": [\r\n                      {\r\n                        \"quoted\": {\r\n                          \"Quoted Price\": \"2000\"\r\n                        },\r\n                        \"minimum\": {\r\n                          \"Minimum Price\": \"1800\"\r\n                        },\r\n                        \"label\": \"Veg Package 1 ( 600 /- per plate)\",\r\n                        \"options\": [\r\n                          {\r\n                            \"Welcome Drink (2)\": \"Pepsi / Coke /\"\r\n                          },\r\n                          {\r\n                            \"Starters (4)\": \"Veg manchurian / Hara bhara kabab / paneer pakoda\"\r\n                          },\r\n                          {\r\n                            \"Salads (4)\": \"Veg\"\r\n                          },\r\n                          {\r\n                            \"Soup (2)\": \"Veg\"\r\n                          },\r\n                          {\r\n                            \"Breads (4)\": \"Veg\"\r\n                          },\r\n                          {\r\n                            \"Main Courses (4)\": \"Veg\"\r\n                          },\r\n                          {\r\n                            \"Dal (1)\": \"Veg\"\r\n                          },\r\n                          {\r\n                            \"Rice (2)\": \"Veg\"\r\n                          },\r\n                          {\r\n                            \"Raita (1)\": \"Veg\"\r\n                          },\r\n                          {\r\n                            \"Desert (3)\": \"Veg\"\r\n                          },\r\n                          {\r\n                            \"Live Stations (1)\": \"Veg\"\r\n                          }\r\n                        ]\r\n                      },\r\n                      {\r\n                        \"quoted\": {\r\n                          \"Quoted Price\": \"2500\"\r\n                        },\r\n                        \"minimum\": {\r\n                          \"Minimum Price\": \"2200\"\r\n                        },\r\n                        \"label\": \"Veg Package 2 ( 600 /- per plate)\",\r\n                        \"options\": [\r\n                          {\r\n                            \"Welcome Drink (3)\": \"Pepsi / Coke / Jaljeera /\"\r\n                          },\r\n                          {\r\n                            \"Starters (5)\": \"Veg manchurian / Hara bhara kabab / paneer pakoda\"\r\n                          },\r\n                          {\r\n                            \"Salads (5)\": \"Veg\"\r\n                          },\r\n                          {\r\n                            \"Soup (4)\": \"Veg\"\r\n                          },\r\n                          {\r\n                            \"Breads (6)\": \"Veg\"\r\n                          },\r\n                          {\r\n                            \"Main Courses (6)\": \"Veg\"\r\n                          },\r\n                          {\r\n                            \"Dal (2)\": \"Veg\"\r\n                          },\r\n                          {\r\n                            \"Rice (2)\": \"Veg\"\r\n                          },\r\n                          {\r\n                            \"Raita (1)\": \"Veg\"\r\n                          },\r\n                          {\r\n                            \"Desert (5)\": \"Veg\"\r\n                          },\r\n                          {\r\n                            \"Live Stations (2)\": \"Veg\"\r\n                          }\r\n                        ]\r\n                      },\r\n                      {\r\n                        \"quoted\": {\r\n                          \"Quoted Price\": \"2500\"\r\n                        },\r\n                        \"minimum\": {\r\n                          \"Minimum Price\": \"2200\"\r\n                        },\r\n                        \"label\": \"Non Veg Package 1 ( 600 /- per plate)\",\r\n                        \"options\": [\r\n                          {\r\n                            \"Welcome Drink (2)\": \"Pepsi / Coke /\"\r\n                          },\r\n                          {\r\n                            \"Starters (4)\": \"Veg manchurian / Hara bhara kabab / paneer pakoda\"\r\n                          },\r\n                          {\r\n                            \"Salads (4)\": \"Veg\"\r\n                          },\r\n                          {\r\n                            \"Soup (2)\": \"Veg\"\r\n                          },\r\n                          {\r\n                            \"Breads (4)\": \"Veg\"\r\n                          },\r\n                          {\r\n                            \"Main Courses (4)\": \"Veg\"\r\n                          },\r\n                          {\r\n                            \"Dal (1)\": \"Veg\"\r\n                          },\r\n                          {\r\n                            \"Rice (2)\": \"Veg\"\r\n                          },\r\n                          {\r\n                            \"Raita (1)\": \"Veg\"\r\n                          },\r\n                          {\r\n                            \"Desert (3)\": \"Veg\"\r\n                          },\r\n                          {\r\n                            \"Live Stations (1)\": \"Veg\"\r\n                          }\r\n                        ]\r\n                      },\r\n                      {\r\n                        \"quoted\": {\r\n                          \"Quoted Price\": \"3000\"\r\n                        },\r\n                        \"minimum\": {\r\n                          \"Minimum Price\": \"2700\"\r\n                        },\r\n                        \"label\": \"Non Veg Package 2 ( 600 /- per plate)\",\r\n                        \"options\": [\r\n                          {\r\n                            \"Welcome Drink (3)\": \"Pepsi / Coke / Jaljeera /\"\r\n                          },\r\n                          {\r\n                            \"Starters (5)\": \"Veg manchurian / Hara bhara kabab / paneer pakoda\"\r\n                          },\r\n                          {\r\n                            \"Salads (5)\": \"Veg\"\r\n                          },\r\n                          {\r\n                            \"Soup (4)\": \"Veg\"\r\n                          },\r\n                          {\r\n                            \"Breads (4)\": \"Veg\"\r\n                          },\r\n                          {\r\n                            \"Main Courses (6)\": \"Veg\"\r\n                          },\r\n                          {\r\n                            \"Dal (2)\": \"Veg\"\r\n                          },\r\n                          {\r\n                            \"Rice (2)\": \"Veg\"\r\n                          },\r\n                          {\r\n                            \"Raita (1)\": \"Veg\"\r\n                          },\r\n                          {\r\n                            \"Desert (5)\": \"Veg\"\r\n                          },\r\n                          {\r\n                            \"Live Stations (2)\": \"Veg\"\r\n                          }\r\n                        ]\r\n                      }\r\n                    ]\r\n                  }\r\n                }\r\n              ]\r\n            }\r\n          ]\r\n        }\r\n      ]\r\n    },\r\n    {\r\n      \"heading\": \"Other/Extras (Only if applicable)\",\r\n      \"data_display\": [\r\n        {\r\n          \"type\": \"key_value\",\r\n          \"key_values\": [\r\n            {\r\n              \"Valet Service\": \"Availabe\"\r\n            },\r\n            {\r\n              \"Projector\": \"Availabe & Chargeable\"\r\n            },\r\n            {\r\n              \"Sound System\": \"Availabe\"\r\n            },\r\n            {\r\n              \"Mike\": \"Not Available\"\r\n            }\r\n          ]\r\n        }\r\n      ]\r\n    },\r\n    {\r\n      \"heading\": \"Food & Drinks\",\r\n      \"data_display\": [\r\n        {\r\n          \"type\": \"key_value\",\r\n          \"key_values\": [\r\n            {\r\n              \"Jain Preperation\": \"Yes\"\r\n            },\r\n            {\r\n              \"Non Veg\": \"Yes\"\r\n            },\r\n            {\r\n              \"Outside General Catering\": \"NO\"\r\n            },\r\n            {\r\n              \"Outside Specialty Catering\": \"NO\"\r\n            },\r\n            {\r\n              \"Foreign Alcohol Permit\": \"Yes\"\r\n            },\r\n            {\r\n              \"Outside Alcohol\": \"NO\"\r\n            }\r\n          ]\r\n        }\r\n      ]\r\n    },\r\n    {\r\n      \"heading\": \"Saftey\",\r\n      \"data_display\": [\r\n        {\r\n          \"type\": \"key_value\",\r\n          \"key_values\": [\r\n            {\r\n              \"First Aid Kit\": \"Yes\"\r\n            },\r\n            {\r\n              \"Fire Fighting\": \"YES\"\r\n            },\r\n            {\r\n              \"Sprinkler\": \"Yes\"\r\n            },\r\n            {\r\n              \"On Call Doctor\": \"YES\"\r\n            }\r\n          ]\r\n        }\r\n      ]\r\n    },\r\n    {\r\n      \"heading\": \"Capcity\",\r\n      \"data_display\": [\r\n        {\r\n          \"type\": \"key_value\",\r\n          \"key_values\": [\r\n            {\r\n              \"Floating\": \"300-2000\"\r\n            },\r\n            {\r\n              \"U Shape\": \"500\"\r\n            },\r\n            {\r\n              \"Cluster\": \"500\"\r\n            },\r\n            {\r\n              \"Theater\": \"400\"\r\n            },\r\n            {\r\n              \"Class\": \"200\"\r\n            },\r\n            {\r\n              \"Car Park\": \"150\"\r\n            },\r\n            {\r\n              \"Bike Park\": \"50\"\r\n            },\r\n            {\r\n              \"Valet Parking\": \"YES\"\r\n            }\r\n          ]\r\n        }\r\n      ]\r\n    },\r\n    {\r\n      \"heading\": \"AV/Music\",\r\n      \"data_display\": [\r\n        {\r\n          \"type\": \"key_value\",\r\n          \"key_values\": [\r\n            {\r\n              \"Music System\": \"Yes\"\r\n            },\r\n            {\r\n              \"DJ Setup\": \"YES\"\r\n            },\r\n            {\r\n              \"Party Lights\": \"YES\"\r\n            },\r\n            {\r\n              \"Mike\": \"No\"\r\n            },\r\n            {\r\n              \"Projector\": \"NO\"\r\n            },\r\n            {\r\n              \"License Liasion\": \"NO\"\r\n            }\r\n          ]\r\n        }\r\n      ]\r\n    },\r\n    {\r\n      \"heading\": \"Facilities\",\r\n      \"data_display\": [\r\n        {\r\n          \"type\": \"key_value\",\r\n          \"key_values\": [\r\n            {\r\n              \"Venue Type\": \"Hotel\"\r\n            },\r\n            {\r\n              \"AC\": \"YES\"\r\n            },\r\n            {\r\n              \"Power Back Up\": \"YES\"\r\n            },\r\n            {\r\n              \"Restrooms\": \"YES\"\r\n            },\r\n            {\r\n              \"Shower\": \"YES\"\r\n            },\r\n            {\r\n              \"Bridal Room\": \"YES\"\r\n            },\r\n            {\r\n              \"Elevator\": \"YES\"\r\n            },\r\n            {\r\n              \"Ramp\": \"NO\"\r\n            },\r\n            {\r\n              \"Wheelchair\": \"YES\"\r\n            },\r\n            {\r\n              \"Chairs\": \"400\"\r\n            },\r\n            {\r\n              \"Chair Covers\": \"YES\"\r\n            },\r\n            {\r\n              \"Table\": \"200\"\r\n            },\r\n            {\r\n              \"Table Covers\": \"YES\"\r\n            },\r\n            {\r\n              \"Pool Side\": \"YES\"\r\n            },\r\n            {\r\n              \"Overnight Rooms\": \"YES\"\r\n            }\r\n          ]\r\n        }\r\n      ]\r\n    },\r\n    {\r\n      \"heading\": \"Payment Terms\",\r\n      \"data_display\": [\r\n        {\r\n          \"type\": \"key_value\",\r\n          \"key_values\": [\r\n            {\r\n              \"Advance Payment\": \"20% for booking confirmation\"\r\n            },\r\n            {\r\n              \"2nd Payment\": \"50% 30 days before event\"\r\n            },\r\n            {\r\n              \"Last Payment\": \"40% 3 days before event\"\r\n            },\r\n            {\r\n              \"Cancellation Policy\": \"50% of expected booking\"\r\n            }\r\n          ]\r\n        }\r\n      ]\r\n    },\r\n    {\r\n      \"heading\": \"Tie- Ups\",\r\n      \"data_display\": [\r\n        {\r\n          \"type\": \"key_value\",\r\n          \"key_values\": [\r\n            {\r\n              \"Decorators\": \"National(022-26183412), Samani(022-26133456),Perfect Dcor(022-25276672)\"\r\n            },\r\n            {\r\n              \"Other Allowed\": \"NO\"\r\n            },\r\n            {\r\n              \"Caterers\": \"Hotel,Contact\"\r\n            },\r\n            {\r\n              \"Florists\": \"Florista(022-43449000),Ferns & petals(09833863401),Pooja Florists(26543789)\"\r\n            },\r\n            {\r\n              \"Other Allowed\": \"NO\"\r\n            }\r\n          ]\r\n        }\r\n      ]\r\n    }\r\n  ]\r\n}','-1','-1',NULL,NULL),(21,'Jafer Bhai\'s Delhi Darbar','23715656','Noor Baug','Admin',81,2,'caterer_grand@wedwise.in:reExNuTFnIYDiqxbE4PnaBczEEI','{\r\n  \"bid\": {\r\n    \"type\": \"bid\",\r\n    \"event_date\": 1,\r\n    \"time_slot\": {\r\n      \"name\": \"Time Slot\",\r\n      \"value\": [\r\n        [\r\n          \"morning\",\r\n          \"Morning\"\r\n        ],\r\n        [\r\n          \"evening\",\r\n          \"Evening\"\r\n        ]\r\n      ]\r\n    },\r\n    \"package\": {\r\n      \"name\": \"Package\",\r\n      \"value\": \"500 Rs per plate minimum 100 persons required\"\r\n    },\r\n    \"quoted\": {\r\n      \"name\": \"Package\",\r\n      \"value\": \"450 Rs per plate minimum 100 persons required\"\r\n    },\r\n    \"bid_options\": {\r\n      \"name\": \"Bid Price\",\r\n      \"min_per_unit\": 430.5,\r\n      \"quantity\": {\r\n        \"label\": \"Persons\",\r\n        \"min\": {\r\n          \"value\": 50,\r\n          \"message\": \"Book for least 50 people\"\r\n        },\r\n        \"max\": 1500\r\n      },\r\n      \"item\": {\r\n        \"label\": \"Per plate\",\r\n        \"min\": 400,\r\n        \"max\": 500\r\n      }\r\n    },\r\n    \"text\": \"Some terms and conditions text at the end\",\r\n    \"button\": \"BID\"\r\n  },\r\n  \"book\": {\r\n    \"type\": \"book\",\r\n    \"event_date\": 1,\r\n    \"time_slot\": {\r\n      \"name\": \"Time Slot\",\r\n      \"value\": [\r\n        [\r\n          \"morning\",\r\n          \"Morning\"\r\n        ],\r\n        [\r\n          \"evening\",\r\n          \"Evening\"\r\n        ]\r\n      ]\r\n    },\r\n    \"package\": {\r\n      \"name\": \"Package\",\r\n      \"value\": \"500 Rs per plate minimum 100 persons required\"\r\n    },\r\n    \"button\": \"BOOK\"\r\n  },\r\n  \"info\": {\r\n    \"contact\": \"23715656\",\r\n    \"starting_price\": \"300 /-\",\r\n    \"top_name\": \"Jafer Bhai\'s Delhi Darbar\",\r\n    \"hero_imgs\": [\r\n      \"/media/apps/ios/2x/category/banquets.jpg\",\r\n      \"/media/apps/ios/2x/category/decorators.jpg\",\r\n      \"/media/apps/ios/2x/category/others.jpg\"\r\n    ],\r\n    \"360_imgs\": [\r\n      \"/media/apps/ios/2x/category/banquets.jpg\",\r\n      \"/media/apps/ios/2x/category/decorators.jpg\",\r\n      \"/media/apps/ios/2x/category/others.jpg\"\r\n    ],\r\n    \"top_address\": \"Noor Baug\",\r\n    \"video_links\": [\r\n      \"https://www.youtube.com/watch?v=75xp_31ET-U\",\r\n      \"https://www.youtube.com/watch?v=HwYKxmxU5NA\"\r\n    ],\r\n    \"email\": \"caterer_grand@wedwise.in\",\r\n    \"name\": \"Jafer Bhai\'s Delhi Darbar\"\r\n  },\r\n  \"sections\": [\r\n    {\r\n      \"heading\": \"Basic Info\",\r\n      \"data_display\": [\r\n        {\r\n          \"type\": \"key_value\",\r\n          \"key_values\": [\r\n            {\r\n              \"Veg\": \"YES\"\r\n            },\r\n            {\r\n              \"Jain only\": \"YES\"\r\n            },\r\n            {\r\n              \"Non-Veg\": \"YES\"\r\n            }\r\n          ],\r\n          \"read_more\": [\r\n            {\r\n              \"heading\": \"Basic Info\",\r\n              \"data_display\": [\r\n                {\r\n                  \"type\": \"key_value\",\r\n                  \"key_values\": [\r\n                    {\r\n                      \"Name\": \"Jafer Bhai\'s Delhi Darbar\"\r\n                    },\r\n                    {\r\n                      \"Address\": \"Noor Baug\"\r\n                    },\r\n                    {\r\n                      \"Phone\": 23715656\r\n                    },\r\n                    {\r\n                      \"Veg\": \"YES\"\r\n                    },\r\n                    {\r\n                      \"Jain only\": \"YES\"\r\n                    },\r\n                    {\r\n                      \"Non-Veg\": \"YES\"\r\n                    },\r\n                    {\r\n                      \"Speciliaty Cuisine\": \"Moughlai, Indian\"\r\n                    },\r\n                    {\r\n                      \"Years in Business\": \"35\"\r\n                    }\r\n                  ]\r\n                }\r\n              ]\r\n            }\r\n          ]\r\n        }\r\n      ]\r\n    },\r\n    {\r\n      \"heading\": \"Locate us on map\",\r\n      \"data_display\": [\r\n        {\r\n          \"lat\": [\r\n            \"75\",\r\n            \"58\",\r\n            \"E\"\r\n          ],\r\n          \"type\": \"map\",\r\n          \"long\": [\r\n            \"20\",\r\n            \"15\",\r\n            \"N\"\r\n          ]\r\n        },\r\n        {\r\n          \"text\": \"Description how to reach\",\r\n          \"type\": \"para\"\r\n        }\r\n      ]\r\n    },\r\n    {\r\n      \"heading\": \"Food Packages\",\r\n      \"data_display\": [\r\n        {\r\n          \"type\": \"key_value\",\r\n          \"key_values\": [\r\n            {\r\n              \"Package 1 (Lunch)\": \"600 /- per plate\"\r\n            },\r\n            {\r\n              \"Package 2 (Dinner)\": \"900 /- per plate\"\r\n            },\r\n            {\r\n              \"Package 3 (Lunch/Dinner)\": \"1100 /- per plate minimum 300 peoples\"\r\n            }\r\n          ],\r\n          \"read_more\": [\r\n            {\r\n              \"heading\": \"Food Packages\",\r\n              \"data_display\": [\r\n                {\r\n                  \"type\": \"packages\",\r\n                  \"Lunch\": {\r\n                    \"package_values\": [\r\n                      {\r\n                        \"quoted\": {\r\n                          \"Quoted Price\": \"1200\"\r\n                        },\r\n                        \"minimum\": {\r\n                          \"Minimum Price\": \"1100\"\r\n                        },\r\n                        \"label\": \"Veg Package 1 ( 600 /- per plate)\",\r\n                        \"options\": [\r\n                          {\r\n                            \"Welcome Drink (Any 3)\": \"Pepsi / Coke / Jaljeera /\"\r\n                          },\r\n                          {\r\n                            \"Starters (Any 4)\": \"Veg manchurian / Hara bhara kabab / paneer pakoda\"\r\n                          },\r\n                          {\r\n                            \"Salads (Any 4)\": \"Veg\"\r\n                          },\r\n                          {\r\n                            \"Soup (Any 2)\": \"Veg\"\r\n                          },\r\n                          {\r\n                            \"Breads (Any 4)\": \"Veg\"\r\n                          },\r\n                          {\r\n                            \"Main Courses (Any 3)\": \"Veg\"\r\n                          },\r\n                          {\r\n                            \"Dal (1)\": \"Veg\"\r\n                          },\r\n                          {\r\n                            \"Rice (2)\": \"Veg\"\r\n                          },\r\n                          {\r\n                            \"Raita (3)\": \"Veg\"\r\n                          },\r\n                          {\r\n                            \"Desert (4)\": \"Veg\"\r\n                          },\r\n                          {\r\n                            \"Live Stations (2)\": \"Veg\"\r\n                          }\r\n                        ]\r\n                      },\r\n                      {\r\n                        \"quoted\": {\r\n                          \"Quoted Price\": \"1500\"\r\n                        },\r\n                        \"minimum\": {\r\n                          \"Minimum Price\": \"1400\"\r\n                        },\r\n                        \"label\": \"Veg Package 2 ( 600 /- per plate)\",\r\n                        \"options\": [\r\n                          {\r\n                            \"Welcome Drink (Any 4)\": \"Pepsi / Coke / Jaljeera /\"\r\n                          },\r\n                          {\r\n                            \"Starters (Any 5)\": \"Veg manchurian / Hara bhara kabab / paneer pakoda\"\r\n                          },\r\n                          {\r\n                            \"Salads (Any 5)\": \"Veg\"\r\n                          },\r\n                          {\r\n                            \"Soup (Any 3)\": \"Veg\"\r\n                          },\r\n                          {\r\n                            \"Breads (Any 4)\": \"Veg\"\r\n                          },\r\n                          {\r\n                            \"Main Courses (Any 4)\": \"Veg\"\r\n                          },\r\n                          {\r\n                            \"Dal (2)\": \"Veg\"\r\n                          },\r\n                          {\r\n                            \"Rice (2)\": \"Veg\"\r\n                          },\r\n                          {\r\n                            \"Raita (4)\": \"Veg\"\r\n                          },\r\n                          {\r\n                            \"Desert (5)\": \"Veg\"\r\n                          },\r\n                          {\r\n                            \"Live Stations (3)\": \"Veg\"\r\n                          }\r\n                        ]\r\n                      },\r\n                      {\r\n                        \"quoted\": {\r\n                          \"Quoted Price\": \"1700\"\r\n                        },\r\n                        \"minimum\": {\r\n                          \"Minimum Price\": \"1600\"\r\n                        },\r\n                        \"label\": \"Non Veg Package 1 ( 600 /- per plate)\",\r\n                        \"options\": [\r\n                          {\r\n                            \"Welcome Drink (Any 3)\": \"Pepsi / Coke / Jaljeera /\"\r\n                          },\r\n                          {\r\n                            \"Starters (Any 4)\": \"Veg manchurian / Hara bhara kabab / paneer pakoda\"\r\n                          },\r\n                          {\r\n                            \"Salads (Any 4)\": \"Veg\"\r\n                          },\r\n                          {\r\n                            \"Soup (Any 2)\": \"Veg\"\r\n                          },\r\n                          {\r\n                            \"Breads (Any 4)\": \"Veg\"\r\n                          },\r\n                          {\r\n                            \"Main Courses (Any 3)\": \"Veg\"\r\n                          },\r\n                          {\r\n                            \"Dal (1)\": \"Veg\"\r\n                          },\r\n                          {\r\n                            \"Rice (2)\": \"Veg\"\r\n                          },\r\n                          {\r\n                            \"Raita (3)\": \"Veg\"\r\n                          },\r\n                          {\r\n                            \"Desert (4)\": \"Veg\"\r\n                          },\r\n                          {\r\n                            \"Live Stations (2)\": \"Veg\"\r\n                          }\r\n                        ]\r\n                      },\r\n                      {\r\n                        \"quoted\": {\r\n                          \"Quoted Price\": \"1900\"\r\n                        },\r\n                        \"minimum\": {\r\n                          \"Minimum Price\": \"1800\"\r\n                        },\r\n                        \"label\": \"Non Veg Package 2 ( 600 /- per plate)\",\r\n                        \"options\": [\r\n                          {\r\n                            \"Welcome Drink (Any 4)\": \"Pepsi / Coke / Jaljeera /\"\r\n                          },\r\n                          {\r\n                            \"Starters (Any 5)\": \"Veg manchurian / Hara bhara kabab / paneer pakoda\"\r\n                          },\r\n                          {\r\n                            \"Salads (Any 5)\": \"Veg\"\r\n                          },\r\n                          {\r\n                            \"Soup (Any 3)\": \"Veg\"\r\n                          },\r\n                          {\r\n                            \"Breads (Any 4)\": \"Veg\"\r\n                          },\r\n                          {\r\n                            \"Main Courses (Any 4)\": \"Veg\"\r\n                          },\r\n                          {\r\n                            \"Dal (2)\": \"Veg\"\r\n                          },\r\n                          {\r\n                            \"Rice (2)\": \"Veg\"\r\n                          },\r\n                          {\r\n                            \"Raita (4)\": \"Veg\"\r\n                          },\r\n                          {\r\n                            \"Desert (5)\": \"Veg\"\r\n                          },\r\n                          {\r\n                            \"Live Stations (3)\": \"Veg\"\r\n                          }\r\n                        ]\r\n                      }\r\n                    ]\r\n                  },\r\n                  \"Dinner\": {\r\n                    \"package_values\": [\r\n                      {\r\n                        \"quoted\": {\r\n                          \"Quoted Price\": \"1200\"\r\n                        },\r\n                        \"minimum\": {\r\n                          \"Minimum Price\": \"1100\"\r\n                        },\r\n                        \"label\": \"Veg Package 1 ( 600 /- per plate)\",\r\n                        \"options\": [\r\n                          {\r\n                            \"Welcome Drink (Any 3)\": \"Pepsi / Coke / Jaljeera /\"\r\n                          },\r\n                          {\r\n                            \"Starters (Any 4)\": \"Veg manchurian / Hara bhara kabab / paneer pakoda\"\r\n                          },\r\n                          {\r\n                            \"Salads (Any 4)\": \"Veg\"\r\n                          },\r\n                          {\r\n                            \"Soup (Any 2)\": \"Veg\"\r\n                          },\r\n                          {\r\n                            \"Breads (Any 4)\": \"Veg\"\r\n                          },\r\n                          {\r\n                            \"Main Courses (Any 3)\": \"Veg\"\r\n                          },\r\n                          {\r\n                            \"Dal (1)\": \"Veg\"\r\n                          },\r\n                          {\r\n                            \"Rice (2)\": \"Veg\"\r\n                          },\r\n                          {\r\n                            \"Raita (3)\": \"Veg\"\r\n                          },\r\n                          {\r\n                            \"Desert (4)\": \"Veg\"\r\n                          },\r\n                          {\r\n                            \"Live Stations (2)\": \"Veg\"\r\n                          }\r\n                        ]\r\n                      },\r\n                      {\r\n                        \"quoted\": {\r\n                          \"Quoted Price\": \"1500\"\r\n                        },\r\n                        \"minimum\": {\r\n                          \"Minimum Price\": \"1400\"\r\n                        },\r\n                        \"label\": \"Veg Package 2 ( 600 /- per plate)\",\r\n                        \"options\": [\r\n                          {\r\n                            \"Welcome Drink (Any 4)\": \"Pepsi / Coke / Jaljeera /\"\r\n                          },\r\n                          {\r\n                            \"Starters (Any 5)\": \"Veg manchurian / Hara bhara kabab / paneer pakoda\"\r\n                          },\r\n                          {\r\n                            \"Salads (Any 5)\": \"Veg\"\r\n                          },\r\n                          {\r\n                            \"Soup (Any 3)\": \"Veg\"\r\n                          },\r\n                          {\r\n                            \"Breads (Any 4)\": \"Veg\"\r\n                          },\r\n                          {\r\n                            \"Main Courses (Any 4)\": \"Veg\"\r\n                          },\r\n                          {\r\n                            \"Dal (2)\": \"Veg\"\r\n                          },\r\n                          {\r\n                            \"Rice (2)\": \"Veg\"\r\n                          },\r\n                          {\r\n                            \"Raita (4)\": \"Veg\"\r\n                          },\r\n                          {\r\n                            \"Desert (5)\": \"Veg\"\r\n                          },\r\n                          {\r\n                            \"Live Stations (3)\": \"Veg\"\r\n                          }\r\n                        ]\r\n                      },\r\n                      {\r\n                        \"quoted\": {\r\n                          \"Quoted Price\": \"1700\"\r\n                        },\r\n                        \"minimum\": {\r\n                          \"Minimum Price\": \"1600\"\r\n                        },\r\n                        \"label\": \"Non Veg Package 1 ( 600 /- per plate)\",\r\n                        \"options\": [\r\n                          {\r\n                            \"Welcome Drink (Any 3)\": \"Pepsi / Coke / Jaljeera /\"\r\n                          },\r\n                          {\r\n                            \"Starters (Any 4)\": \"Veg manchurian / Hara bhara kabab / paneer pakoda\"\r\n                          },\r\n                          {\r\n                            \"Salads (Any 4)\": \"Veg\"\r\n                          },\r\n                          {\r\n                            \"Soup (Any 2)\": \"Veg\"\r\n                          },\r\n                          {\r\n                            \"Breads (Any 4)\": \"Veg\"\r\n                          },\r\n                          {\r\n                            \"Main Courses (Any 3)\": \"Veg\"\r\n                          },\r\n                          {\r\n                            \"Dal (1)\": \"Veg\"\r\n                          },\r\n                          {\r\n                            \"Rice (2)\": \"Veg\"\r\n                          },\r\n                          {\r\n                            \"Raita (3)\": \"Veg\"\r\n                          },\r\n                          {\r\n                            \"Desert (4)\": \"Veg\"\r\n                          },\r\n                          {\r\n                            \"Live Stations (2)\": \"Veg\"\r\n                          }\r\n                        ]\r\n                      },\r\n                      {\r\n                        \"quoted\": {\r\n                          \"Quoted Price\": \"1900\"\r\n                        },\r\n                        \"minimum\": {\r\n                          \"Minimum Price\": \"1800\"\r\n                        },\r\n                        \"label\": \"Non Veg Package 2 ( 600 /- per plate)\",\r\n                        \"options\": [\r\n                          {\r\n                            \"Welcome Drink (Any 3)\": \"Pepsi / Coke / Jaljeera /\"\r\n                          },\r\n                          {\r\n                            \"Starters (Any 4)\": \"Veg manchurian / Hara bhara kabab / paneer pakoda\"\r\n                          },\r\n                          {\r\n                            \"Salads (Any 4)\": \"Veg\"\r\n                          },\r\n                          {\r\n                            \"Soup (Any 2)\": \"Veg\"\r\n                          },\r\n                          {\r\n                            \"Breads (Any 4)\": \"Veg\"\r\n                          },\r\n                          {\r\n                            \"Main Courses (Any 3)\": \"Veg\"\r\n                          },\r\n                          {\r\n                            \"Dal (1)\": \"Veg\"\r\n                          },\r\n                          {\r\n                            \"Rice (2)\": \"Veg\"\r\n                          },\r\n                          {\r\n                            \"Raita (3)\": \"Veg\"\r\n                          },\r\n                          {\r\n                            \"Desert (4)\": \"Veg\"\r\n                          },\r\n                          {\r\n                            \"Live Stations (2)\": \"Veg\"\r\n                          }\r\n                        ]\r\n                      }\r\n                    ]\r\n                  }\r\n                }\r\n              ]\r\n            }\r\n          ]\r\n        },\r\n        {\r\n          \"heading\": \"Payment Terms\",\r\n          \"data_display\": [\r\n            {\r\n              \"type\": \"key_value\",\r\n              \"key_values\": [\r\n                {\r\n                  \"Book Advance\": \"50% of total billing\"\r\n                },\r\n                {\r\n                  \"2nd Payment\": \"30 days before event\"\r\n                },\r\n                {\r\n                  \"Last Payment\": \"15 days before event\"\r\n                },\r\n                {\r\n                  \"Cancellation Policy\": \"Loses booking advance\"\r\n                }\r\n              ]\r\n            }\r\n          ]\r\n        },\r\n        {\r\n          \"heading\": \"Other Specialities\",\r\n          \"data_display\": [\r\n            {\r\n              \"type\": \"key_value\",\r\n              \"key_values\": [\r\n                {\r\n                  \"Juice Bar \": \"Availabe\"\r\n                },\r\n                {\r\n                  \"Imported Fruit Counter \": \"Availabe\"\r\n                },\r\n                {\r\n                  \"Dryfruit Counters \": \"NA\"\r\n                },\r\n                {\r\n                  \"Specila Kid Menus \": \"Available\"\r\n                }\r\n              ]\r\n            }\r\n          ]\r\n        }\r\n      ]\r\n    }\r\n  ]\r\n}\r\n','-1','-1',NULL,NULL),(22,'Lakhani Caterers','22402179','Kalbadevi','Admin',82,2,'caterer_lakahani@wedwise.in','{\r\n  \"bid\": {\r\n    \"type\": \"bid\",\r\n    \"event_date\": 1,\r\n    \"time_slot\": {\r\n      \"name\": \"Time Slot\",\r\n      \"value\": [\r\n        [\r\n          \"morning\",\r\n          \"Morning\"\r\n        ],\r\n        [\r\n          \"evening\",\r\n          \"Evening\"\r\n        ]\r\n      ]\r\n    },\r\n    \"package\": {\r\n      \"name\": \"Package\",\r\n      \"value\": \"500 Rs per plate minimum 100 persons required\"\r\n    },\r\n    \"quoted\": {\r\n      \"name\": \"Package\",\r\n      \"value\": \"450 Rs per plate minimum 100 persons required\"\r\n    },\r\n    \"bid_options\": {\r\n      \"name\": \"Bid Price\",\r\n      \"min_per_unit\": 430.5,\r\n      \"quantity\": {\r\n        \"label\": \"Persons\",\r\n        \"min\": {\r\n          \"value\": 50,\r\n          \"message\": \"Book for least 50 people\"\r\n        },\r\n        \"max\": 1500\r\n      },\r\n      \"item\": {\r\n        \"label\": \"Per plate\",\r\n        \"min\": 400,\r\n        \"max\": 500\r\n      }\r\n    },\r\n    \"text\": \"Some terms and conditions text at the end\",\r\n    \"button\": \"BID\"\r\n  },\r\n  \"book\": {\r\n    \"type\": \"book\",\r\n    \"event_date\": 1,\r\n    \"time_slot\": {\r\n      \"name\": \"Time Slot\",\r\n      \"value\": [\r\n        [\r\n          \"morning\",\r\n          \"Morning\"\r\n        ],\r\n        [\r\n          \"evening\",\r\n          \"Evening\"\r\n        ]\r\n      ]\r\n    },\r\n    \"package\": {\r\n      \"name\": \"Package\",\r\n      \"value\": \"500 Rs per plate minimum 100 persons required\"\r\n    },\r\n    \"button\": \"BOOK\"\r\n  },\r\n  \"info\": {\r\n    \"contact\": \"22402179\",\r\n    \"starting_price\": \"250 /-\",\r\n    \"top_name\": \"Lakhani Caterers\",\r\n    \"hero_imgs\": [\r\n      \"/media/apps/ios/2x/category/banquets.jpg\",\r\n      \"/media/apps/ios/2x/category/decorators.jpg\",\r\n      \"/media/apps/ios/2x/category/others.jpg\"\r\n    ],\r\n    \"360_imgs\": [\r\n      \"/media/apps/ios/2x/category/banquets.jpg\",\r\n      \"/media/apps/ios/2x/category/decorators.jpg\",\r\n      \"/media/apps/ios/2x/category/others.jpg\"\r\n    ],\r\n    \"top_address\": \"Kalbadevi\",\r\n    \"video_links\": [\r\n      \"https://www.youtube.com/watch?v=75xp_31ET-U\",\r\n      \"https://www.youtube.com/watch?v=HwYKxmxU5NA\"\r\n    ],\r\n    \"email\": \"caterer_lakahani@wedwise.in\",\r\n    \"name\": \"Lakhani Caterers\"\r\n  },\r\n  \"sections\": [\r\n    {\r\n      \"heading\": \"Basic Info\",\r\n      \"data_display\": [\r\n        {\r\n          \"type\": \"key_value\",\r\n          \"key_values\": [\r\n            {\r\n              \"Veg\": \"YES\"\r\n            },\r\n            {\r\n              \"Jain only\": \"YES\"\r\n            },\r\n            {\r\n              \"Non-Veg\": \"NO\"\r\n            }\r\n          ],\r\n          \"read_more\": [\r\n            {\r\n              \"heading\": \"Basic Info\",\r\n              \"data_display\": [\r\n                {\r\n                  \"type\": \"key_value\",\r\n                  \"key_values\": [\r\n                    {\r\n                      \"Name\": \"Lakhani Caterers\"\r\n                    },\r\n                    {\r\n                      \"Address\": \"Kalbadevi\"\r\n                    },\r\n                    {\r\n                      \"Phone\": 22402179\r\n                    },\r\n                    {\r\n                      \"Veg\": \"YES\"\r\n                    },\r\n                    {\r\n                      \"Jain only\": \"YES\"\r\n                    },\r\n                    {\r\n                      \"Non-Veg\": \"NO\"\r\n                    },\r\n                    {\r\n                      \"Speciliaty Cuisine\": \"Indian, Continental\"\r\n                    },\r\n                    {\r\n                      \"Alchohol \": \"Not available\"\r\n                    },\r\n                    {\r\n                      \"Years in Business\": \"15\"\r\n                    }\r\n                  ]\r\n                }\r\n              ]\r\n            }\r\n          ]\r\n        }\r\n      ]\r\n    },\r\n    {\r\n      \"heading\": \"Locate us on map\",\r\n      \"data_display\": [\r\n        {\r\n          \"lat\": [\r\n            \"75\",\r\n            \"58\",\r\n            \"E\"\r\n          ],\r\n          \"type\": \"map\",\r\n          \"long\": [\r\n            \"20\",\r\n            \"15\",\r\n            \"N\"\r\n          ]\r\n        },\r\n        {\r\n          \"text\": \"Description how to reach\",\r\n          \"type\": \"para\"\r\n        }\r\n      ]\r\n    },\r\n    {\r\n      \"heading\": \"Food Packages\",\r\n      \"data_display\": [\r\n        {\r\n          \"type\": \"key_value\",\r\n          \"key_values\": [\r\n            {\r\n              \"Package 1 (Lunch)\": \"600 /- per plate\"\r\n            },\r\n            {\r\n              \"Package 2 (Dinner)\": \"900 /- per plate\"\r\n            },\r\n            {\r\n              \"Package 3 (Lunch/Dinner)\": \"1100 /- per plate minimum 300 peoples\"\r\n            }\r\n          ],\r\n          \"read_more\": [\r\n            {\r\n              \"heading\": \"Food Packages\",\r\n              \"data_display\": [\r\n                {\r\n                  \"type\": \"packages\",\r\n                  \"Lunch\": {\r\n                    \"package_values\": [\r\n                      {\r\n                        \"quoted\": {\r\n                          \"Quoted Price\": \"1200\"\r\n                        },\r\n                        \"minimum\": {\r\n                          \"Minimum Price\": \"1100\"\r\n                        },\r\n                        \"label\": \"Veg Package 1 ( 600 /- per plate)\",\r\n                        \"options\": [\r\n                          {\r\n                            \"Welcome Drink (Any 3)\": \"Pepsi / Coke / Jaljeera /\"\r\n                          },\r\n                          {\r\n                            \"Starters (Any 4)\": \"Veg manchurian / Hara bhara kabab / paneer pakoda\"\r\n                          },\r\n                          {\r\n                            \"Salads (Any 4)\": \"Veg\"\r\n                          },\r\n                          {\r\n                            \"Soup (Any 2)\": \"Veg\"\r\n                          },\r\n                          {\r\n                            \"Breads (Any 4)\": \"Veg\"\r\n                          },\r\n                          {\r\n                            \"Main Courses (Any 3)\": \"Veg\"\r\n                          },\r\n                          {\r\n                            \"Dal (1)\": \"Veg\"\r\n                          },\r\n                          {\r\n                            \"Rice (2)\": \"Veg\"\r\n                          },\r\n                          {\r\n                            \"Raita (3)\": \"Veg\"\r\n                          },\r\n                          {\r\n                            \"Desert (4)\": \"Veg\"\r\n                          },\r\n                          {\r\n                            \"Live Stations (2)\": \"Veg\"\r\n                          }\r\n                        ]\r\n                      },\r\n                      {\r\n                        \"quoted\": {\r\n                          \"Quoted Price\": \"1500\"\r\n                        },\r\n                        \"minimum\": {\r\n                          \"Minimum Price\": \"1400\"\r\n                        },\r\n                        \"label\": \"Veg Package 2 ( 900 /- per plate)\",\r\n                        \"options\": [\r\n                          {\r\n                            \"Welcome Drink (Any 4)\": \"Pepsi / Coke / Jaljeera /\"\r\n                          },\r\n                          {\r\n                            \"Starters (Any 5)\": \"Veg manchurian / Hara bhara kabab / paneer pakoda\"\r\n                          },\r\n                          {\r\n                            \"Salads (Any 5)\": \"Veg\"\r\n                          },\r\n                          {\r\n                            \"Soup (Any 3)\": \"Veg\"\r\n                          },\r\n                          {\r\n                            \"Breads (Any 4)\": \"Veg\"\r\n                          },\r\n                          {\r\n                            \"Main Courses (Any 4)\": \"Veg\"\r\n                          },\r\n                          {\r\n                            \"Dal (2)\": \"Veg\"\r\n                          },\r\n                          {\r\n                            \"Rice (2)\": \"Veg\"\r\n                          },\r\n                          {\r\n                            \"Raita (4)\": \"Veg\"\r\n                          },\r\n                          {\r\n                            \"Desert (5)\": \"Veg\"\r\n                          },\r\n                          {\r\n                            \"Live Stations (3)\": \"Veg\"\r\n                          }\r\n                        ]\r\n                      },\r\n                      {\r\n                        \"quoted\": {\r\n                          \"Quoted Price\": \"1700\"\r\n                        },\r\n                        \"minimum\": {\r\n                          \"Minimum Price\": \"1600\"\r\n                        },\r\n                        \"label\": \"Veg Package 3 ( 900 /- per plate)\",\r\n                        \"options\": [\r\n                          {\r\n                            \"Welcome Drink (6)\": \"Pepsi / Coke / Jaljeera /\"\r\n                          },\r\n                          {\r\n                            \"Starters (6)\": \"Veg manchurian / Hara bhara kabab / paneer pakoda\"\r\n                          },\r\n                          {\r\n                            \"Salads (6)\": \"Veg\"\r\n                          },\r\n                          {\r\n                            \"Soup (4)\": \"Veg\"\r\n                          },\r\n                          {\r\n                            \"Breads (5)\": \"Veg\"\r\n                          },\r\n                          {\r\n                            \"Main Courses (6)\": \"Veg\"\r\n                          },\r\n                          {\r\n                            \"Dal (3)\": \"Veg\"\r\n                          },\r\n                          {\r\n                            \"Rice (3)\": \"Veg\"\r\n                          },\r\n                          {\r\n                            \"Raita (4)\": \"Veg\"\r\n                          },\r\n                          {\r\n                            \"Desert (6)\": \"Veg\"\r\n                          },\r\n                          {\r\n                            \"Live Stations (4)\": \"Veg\"\r\n                          }\r\n                        ]\r\n                      }\r\n                    ]\r\n                  },\r\n                  \"Dinner\": {\r\n                    \"package_values\": [\r\n                      {\r\n                        \"quoted\": {\r\n                          \"Quoted Price\": \"1200\"\r\n                        },\r\n                        \"minimum\": {\r\n                          \"Minimum Price\": \"1100\"\r\n                        },\r\n                        \"label\": \"Veg Package 1 ( 600 /- per plate)\",\r\n                        \"options\": [\r\n                          {\r\n                            \"Welcome Drink (Any 3)\": \"Pepsi / Coke / Jaljeera /\"\r\n                          },\r\n                          {\r\n                            \"Starters (Any 4)\": \"Veg manchurian / Hara bhara kabab / paneer pakoda\"\r\n                          },\r\n                          {\r\n                            \"Salads (Any 4)\": \"Veg\"\r\n                          },\r\n                          {\r\n                            \"Soup (Any 2)\": \"Veg\"\r\n                          },\r\n                          {\r\n                            \"Breads (Any 4)\": \"Veg\"\r\n                          },\r\n                          {\r\n                            \"Main Courses (Any 3)\": \"Veg\"\r\n                          },\r\n                          {\r\n                            \"Dal (1)\": \"Veg\"\r\n                          },\r\n                          {\r\n                            \"Rice (2)\": \"Veg\"\r\n                          },\r\n                          {\r\n                            \"Raita (3)\": \"Veg\"\r\n                          },\r\n                          {\r\n                            \"Desert (4)\": \"Veg\"\r\n                          },\r\n                          {\r\n                            \"Live Stations (2)\": \"Veg\"\r\n                          }\r\n                        ]\r\n                      },\r\n                      {\r\n                        \"quoted\": {\r\n                          \"Quoted Price\": \"1500\"\r\n                        },\r\n                        \"minimum\": {\r\n                          \"Minimum Price\": \"1400\"\r\n                        },\r\n                        \"label\": \"Veg Package 2 ( 600 /- per plate)\",\r\n                        \"options\": [\r\n                          {\r\n                            \"Welcome Drink (Any 4)\": \"Pepsi / Coke / Jaljeera /\"\r\n                          },\r\n                          {\r\n                            \"Starters (Any 5)\": \"Veg manchurian / Hara bhara kabab / paneer pakoda\"\r\n                          },\r\n                          {\r\n                            \"Salads (Any 5)\": \"Veg\"\r\n                          },\r\n                          {\r\n                            \"Soup (Any 3)\": \"Veg\"\r\n                          },\r\n                          {\r\n                            \"Breads (Any 4)\": \"Veg\"\r\n                          },\r\n                          {\r\n                            \"Main Courses (Any 4)\": \"Veg\"\r\n                          },\r\n                          {\r\n                            \"Dal (2)\": \"Veg\"\r\n                          },\r\n                          {\r\n                            \"Rice (2)\": \"Veg\"\r\n                          },\r\n                          {\r\n                            \"Raita (4)\": \"Veg\"\r\n                          },\r\n                          {\r\n                            \"Desert (5)\": \"Veg\"\r\n                          },\r\n                          {\r\n                            \"Live Stations (3)\": \"Veg\"\r\n                          }\r\n                        ]\r\n                      },\r\n                      {\r\n                        \"quoted\": {\r\n                          \"Quoted Price\": \"1700\"\r\n                        },\r\n                        \"minimum\": {\r\n                          \"Minimum Price\": \"1600\"\r\n                        },\r\n                        \"label\": \" Veg Package 3 ( 600 /- per plate)\",\r\n                        \"options\": [\r\n                          {\r\n                            \"Welcome Drink (6)\": \"Pepsi / Coke / Jaljeera /\"\r\n                          },\r\n                          {\r\n                            \"Starters (6)\": \"Veg manchurian / Hara bhara kabab / paneer pakoda\"\r\n                          },\r\n                          {\r\n                            \"Salads (6)\": \"Veg\"\r\n                          },\r\n                          {\r\n                            \"Soup (4)\": \"Veg\"\r\n                          },\r\n                          {\r\n                            \"Breads (5)\": \"Veg\"\r\n                          },\r\n                          {\r\n                            \"Main Courses (6)\": \"Veg\"\r\n                          },\r\n                          {\r\n                            \"Dal (3)\": \"Veg\"\r\n                          },\r\n                          {\r\n                            \"Rice (2)\": \"Veg\"\r\n                          },\r\n                          {\r\n                            \"Raita (4)\": \"Veg\"\r\n                          },\r\n                          {\r\n                            \"Desert (6)\": \"Veg\"\r\n                          },\r\n                          {\r\n                            \"Live Stations (4)\": \"Veg\"\r\n                          }\r\n                        ]\r\n                      }\r\n                    ]\r\n                  }\r\n                }\r\n              ]\r\n            }\r\n          ]\r\n        },\r\n        {\r\n          \"heading\": \"Payment Terms\",\r\n          \"data_display\": [\r\n            {\r\n              \"type\": \"key_value\",\r\n              \"key_values\": [\r\n                {\r\n                  \"Book Advance\": \"50% of total billing\"\r\n                },\r\n                {\r\n                  \"2nd Payment\": \"30 days before event\"\r\n                },\r\n                {\r\n                  \"Last Payment\": \"15 days before event\"\r\n                },\r\n                {\r\n                  \"Cancellation Policy\": \"Loses booking advance\"\r\n                }\r\n              ]\r\n            }\r\n          ]\r\n        },\r\n        {\r\n          \"heading\": \"Other Specialities\",\r\n          \"data_display\": [\r\n            {\r\n              \"type\": \"key_value\",\r\n              \"key_values\": [\r\n                {\r\n                  \"Juice Bar \": \"Availabe\"\r\n                },\r\n                {\r\n                  \"Imported Fruit Counter \": \"Availabe\"\r\n                },\r\n                {\r\n                  \"Dryfruit Counters \": \"NA\"\r\n                },\r\n                {\r\n                  \"Specila Kid Menus \": \"Available\"\r\n                }\r\n              ]\r\n            }\r\n          ]\r\n        }\r\n      ]\r\n    }\r\n  ]\r\n}','-1','-1',NULL,NULL),(23,'Trupti Caterers','26510004','Vile parle - east','Admin',80,2,'caterer_trupti@wedwise.in:Z5gr_x_Ts983Nkdh6sG3TVfH7ig','{\r\n  \"bid\": {\r\n    \"type\": \"bid\",\r\n    \"event_date\": 1,\r\n    \"time_slot\": {\r\n      \"name\": \"Time Slot\",\r\n      \"value\": [\r\n        [\r\n          \"morning\",\r\n          \"Morning\"\r\n        ],\r\n        [\r\n          \"evening\",\r\n          \"Evening\"\r\n        ]\r\n      ]\r\n    },\r\n    \"package\": {\r\n      \"name\": \"Package\",\r\n      \"value\": \"500 Rs per plate minimum 100 persons required\"\r\n    },\r\n    \"quoted\": {\r\n      \"name\": \"Package\",\r\n      \"value\": \"450 Rs per plate minimum 100 persons required\"\r\n    },\r\n    \"bid_options\": {\r\n      \"name\": \"Bid Price\",\r\n      \"min_per_unit\": 430.5,\r\n      \"quantity\": {\r\n        \"label\": \"Persons\",\r\n        \"min\": {\r\n          \"value\": 50,\r\n          \"message\": \"Book for least 50 people\"\r\n        },\r\n        \"max\": 1500\r\n      },\r\n      \"item\": {\r\n        \"label\": \"Per plate\",\r\n        \"min\": 400,\r\n        \"max\": 500\r\n      }\r\n    },\r\n    \"text\": \"Some terms and conditions text at the end\",\r\n    \"button\": \"BID\"\r\n  },\r\n  \"book\": {\r\n    \"type\": \"book\",\r\n    \"event_date\": 1,\r\n    \"time_slot\": {\r\n      \"name\": \"Time Slot\",\r\n      \"value\": [\r\n        [\r\n          \"morning\",\r\n          \"Morning\"\r\n        ],\r\n        [\r\n          \"evening\",\r\n          \"Evening\"\r\n        ]\r\n      ]\r\n    },\r\n    \"package\": {\r\n      \"name\": \"Package\",\r\n      \"value\": \"500 Rs per plate minimum 100 persons required\"\r\n    },\r\n    \"button\": \"BOOK\"\r\n  },\r\n  \"info\": {\r\n    \"contact\": \"26510004\",\r\n    \"starting_price\": \"300 /-\",\r\n    \"top_name\": \"Trupti Caterers\",\r\n    \"hero_imgs\": [\r\n      \"/media/apps/ios/2x/category/banquets.jpg\",\r\n      \"/media/apps/ios/2x/category/decorators.jpg\",\r\n      \"/media/apps/ios/2x/category/others.jpg\"\r\n    ],\r\n    \"360_imgs\": [\r\n      \"/media/apps/ios/2x/category/banquets.jpg\",\r\n      \"/media/apps/ios/2x/category/decorators.jpg\",\r\n      \"/media/apps/ios/2x/category/others.jpg\"\r\n    ],\r\n    \"top_address\": \"Vile parle - east\",\r\n    \"video_links\": [\r\n      \"https://www.youtube.com/watch?v=75xp_31ET-U\",\r\n      \"https://www.youtube.com/watch?v=HwYKxmxU5NA\"\r\n    ],\r\n    \"email\": \"caterer_trupti@wedwise.in\",\r\n    \"name\": \"Trupti Caterers\"\r\n  },\r\n  \"sections\": [\r\n    {\r\n      \"heading\": \"Basic Info\",\r\n      \"data_display\": [\r\n        {\r\n          \"type\": \"key_value\",\r\n          \"key_values\": [\r\n            {\r\n              \"Veg\": \"YES\"\r\n            },\r\n            {\r\n              \"Jain only\": \"YES\"\r\n            },\r\n            {\r\n              \"Non-Veg\": \"NO\"\r\n            }\r\n          ],\r\n          \"read_more\": [\r\n            {\r\n              \"heading\": \"Basic Info\",\r\n              \"data_display\": [\r\n                {\r\n                  \"type\": \"key_value\",\r\n                  \"key_values\": [\r\n                    {\r\n                      \"Name\": \"Trupti Caterers\"\r\n                    },\r\n                    {\r\n                      \"Address\": \"Vile parle - east\"\r\n                    },\r\n                    {\r\n                      \"Phone\": 26510004\r\n                    },\r\n                    {\r\n                      \"Veg\": \"YES\"\r\n                    },\r\n                    {\r\n                      \"Jain\": \"YES\"\r\n                    },\r\n                    {\r\n                      \"Non-Veg\": \"NO\"\r\n                    },\r\n                    {\r\n                      \"Speciliaty Cuisine\": \"Mexican, Punjabi, Chinese\"\r\n                    },\r\n                    {\r\n                      \"Alchohol \": \"Not available\"\r\n                    },\r\n                    {\r\n                      \"Years in Business\": \"30\"\r\n                    }\r\n                  ]\r\n                }\r\n              ]\r\n            }\r\n          ]\r\n        }\r\n      ]\r\n    },\r\n    {\r\n      \"heading\": \"Locate us on map\",\r\n      \"data_display\": [\r\n        {\r\n          \"lat\": [\r\n            \"75\",\r\n            \"58\",\r\n            \"E\"\r\n          ],\r\n          \"type\": \"map\",\r\n          \"long\": [\r\n            \"20\",\r\n            \"15\",\r\n            \"N\"\r\n          ]\r\n        },\r\n        {\r\n          \"text\": \"Description how to reach\",\r\n          \"type\": \"para\"\r\n        }\r\n      ]\r\n    },\r\n    {\r\n      \"heading\": \"Food Packages\",\r\n      \"data_display\": [\r\n        {\r\n          \"type\": \"key_value\",\r\n          \"key_values\": [\r\n            {\r\n              \"Package 1 (Lunch)\": \"600 /- per plate\"\r\n            },\r\n            {\r\n              \"Package 2 (Dinner)\": \"900 /- per plate\"\r\n            },\r\n            {\r\n              \"Package 3 (Lunch/Dinner)\": \"1100 /- per plate minimum 300 peoples\"\r\n            }\r\n          ],\r\n          \"read_more\": [\r\n            {\r\n              \"heading\": \"Food Packages\",\r\n              \"data_display\": [\r\n                {\r\n                  \"type\": \"packages\",\r\n                  \"Lunch\": {\r\n                    \"package_values\": [\r\n                      {\r\n                        \"quoted\": {\r\n                          \"Quoted Price\": \"1099\"\r\n                        },\r\n                        \"minimum\": {\r\n                          \"Minimum Price\": \"999\"\r\n                        },\r\n                        \"label\": \"Veg Package 1 ( 600 /- per plate)\",\r\n                        \"options\": [\r\n                          {\r\n                            \"Welcome Drink (Any 3)\": \"Pepsi / Coke / Jaljeera /\"\r\n                          },\r\n                          {\r\n                            \"Starters (Any 4)\": \"Veg manchurian / Hara bhara kabab / paneer pakoda\"\r\n                          },\r\n                          {\r\n                            \"Salads (Any 4)\": \"Veg\"\r\n                          },\r\n                          {\r\n                            \"Soup (Any 2)\": \"Veg\"\r\n                          },\r\n                          {\r\n                            \"Breads (Any 4)\": \"Veg\"\r\n                          },\r\n                          {\r\n                            \"Main Courses (Any 3)\": \"Veg\"\r\n                          },\r\n                          {\r\n                            \"Dal (1)\": \"Veg\"\r\n                          },\r\n                          {\r\n                            \"Rice (2)\": \"Veg\"\r\n                          },\r\n                          {\r\n                            \"Raita (3)\": \"Veg\"\r\n                          },\r\n                          {\r\n                            \"Desert (4)\": \"Veg\"\r\n                          },\r\n                          {\r\n                            \"Live Stations (2)\": \"Veg\"\r\n                          }\r\n                        ]\r\n                      },\r\n                      {\r\n                        \"quoted\": {\r\n                          \"Quoted Price\": \"1299\"\r\n                        },\r\n                        \"minimum\": {\r\n                          \"Minimum Price\": \"1199\"\r\n                        },\r\n                        \"label\": \"Veg Package 2 ( 900 /- per plate)\",\r\n                        \"options\": [\r\n                          {\r\n                            \"Welcome Drink (Any 4)\": \"Pepsi / Coke / Jaljeera /\"\r\n                          },\r\n                          {\r\n                            \"Starters (Any 5)\": \"Veg manchurian / Hara bhara kabab / paneer pakoda\"\r\n                          },\r\n                          {\r\n                            \"Salads (Any 5)\": \"Veg\"\r\n                          },\r\n                          {\r\n                            \"Soup (Any 3)\": \"Veg\"\r\n                          },\r\n                          {\r\n                            \"Breads (Any 4)\": \"Veg\"\r\n                          },\r\n                          {\r\n                            \"Main Courses (Any 4)\": \"Veg\"\r\n                          },\r\n                          {\r\n                            \"Dal (2)\": \"Veg\"\r\n                          },\r\n                          {\r\n                            \"Rice (2)\": \"Veg\"\r\n                          },\r\n                          {\r\n                            \"Raita (4)\": \"Veg\"\r\n                          },\r\n                          {\r\n                            \"Desert (5)\": \"Veg\"\r\n                          },\r\n                          {\r\n                            \"Live Stations (3)\": \"Veg\"\r\n                          }\r\n                        ]\r\n                      },\r\n                      {\r\n                        \"quoted\": {\r\n                          \"Quoted Price\": \"1599\"\r\n                        },\r\n                        \"minimum\": {\r\n                          \"Minimum Price\": \"1499\"\r\n                        },\r\n                        \"label\": \"Veg Package 3 ( 900 /- per plate)\",\r\n                        \"options\": [\r\n                          {\r\n                            \"Welcome Drink (6)\": \"Pepsi / Coke / Jaljeera /\"\r\n                          },\r\n                          {\r\n                            \"Starters (6)\": \"Veg manchurian / Hara bhara kabab / paneer pakoda\"\r\n                          },\r\n                          {\r\n                            \"Salads (6)\": \"Veg\"\r\n                          },\r\n                          {\r\n                            \"Soup (4)\": \"Veg\"\r\n                          },\r\n                          {\r\n                            \"Breads (5)\": \"Veg\"\r\n                          },\r\n                          {\r\n                            \"Main Courses (6)\": \"Veg\"\r\n                          },\r\n                          {\r\n                            \"Dal (3)\": \"Veg\"\r\n                          },\r\n                          {\r\n                            \"Rice (3)\": \"Veg\"\r\n                          },\r\n                          {\r\n                            \"Raita (4)\": \"Veg\"\r\n                          },\r\n                          {\r\n                            \"Desert (6)\": \"Veg\"\r\n                          },\r\n                          {\r\n                            \"Live Stations (4)\": \"Veg\"\r\n                          }\r\n                        ]\r\n                      }\r\n                    ]\r\n                  },\r\n                  \"Dinner\": {\r\n                    \"package_values\": [\r\n                      {\r\n                        \"quoted\": {\r\n                          \"Quoted Price\": \"1099\"\r\n                        },\r\n                        \"minimum\": {\r\n                          \"Minimum Price\": \"999\"\r\n                        },\r\n                        \"label\": \"Veg Package 1 ( 600 /- per plate)\",\r\n                        \"options\": [\r\n                          {\r\n                            \"Welcome Drink (Any 3)\": \"Pepsi / Coke / Jaljeera /\"\r\n                          },\r\n                          {\r\n                            \"Starters (Any 4)\": \"Veg manchurian / Hara bhara kabab / paneer pakoda\"\r\n                          },\r\n                          {\r\n                            \"Salads (Any 4)\": \"Veg\"\r\n                          },\r\n                          {\r\n                            \"Soup (Any 2)\": \"Veg\"\r\n                          },\r\n                          {\r\n                            \"Breads (Any 4)\": \"Veg\"\r\n                          },\r\n                          {\r\n                            \"Main Courses (Any 3)\": \"Veg\"\r\n                          },\r\n                          {\r\n                            \"Dal (1)\": \"Veg\"\r\n                          },\r\n                          {\r\n                            \"Rice (2)\": \"Veg\"\r\n                          },\r\n                          {\r\n                            \"Raita (3)\": \"Veg\"\r\n                          },\r\n                          {\r\n                            \"Desert (4)\": \"Veg\"\r\n                          },\r\n                          {\r\n                            \"Live Stations (2)\": \"Veg\"\r\n                          }\r\n                        ]\r\n                      },\r\n                      {\r\n                        \"quoted\": {\r\n                          \"Quoted Price\": \"1299\"\r\n                        },\r\n                        \"minimum\": {\r\n                          \"Minimum Price\": \"1199\"\r\n                        },\r\n                        \"label\": \"Veg Package 2 ( 600 /- per plate)\",\r\n                        \"options\": [\r\n                          {\r\n                            \"Welcome Drink (Any 4)\": \"Pepsi / Coke / Jaljeera /\"\r\n                          },\r\n                          {\r\n                            \"Starters (Any 5)\": \"Veg manchurian / Hara bhara kabab / paneer pakoda\"\r\n                          },\r\n                          {\r\n                            \"Salads (Any 5)\": \"Veg\"\r\n                          },\r\n                          {\r\n                            \"Soup (Any 3)\": \"Veg\"\r\n                          },\r\n                          {\r\n                            \"Breads (Any 4)\": \"Veg\"\r\n                          },\r\n                          {\r\n                            \"Main Courses (Any 4)\": \"Veg\"\r\n                          },\r\n                          {\r\n                            \"Dal (2)\": \"Veg\"\r\n                          },\r\n                          {\r\n                            \"Rice (2)\": \"Veg\"\r\n                          },\r\n                          {\r\n                            \"Raita (4)\": \"Veg\"\r\n                          },\r\n                          {\r\n                            \"Desert (5)\": \"Veg\"\r\n                          },\r\n                          {\r\n                            \"Live Stations (3)\": \"Veg\"\r\n                          }\r\n                        ]\r\n                      },\r\n                      {\r\n                        \"quoted\": {\r\n                          \"Quoted Price\": \"1599\"\r\n                        },\r\n                        \"minimum\": {\r\n                          \"Minimum Price\": \"1499\"\r\n                        },\r\n                        \"label\": \" Veg Package 3 ( 600 /- per plate)\",\r\n                        \"options\": [\r\n                          {\r\n                            \"Welcome Drink (6)\": \"Pepsi / Coke / Jaljeera /\"\r\n                          },\r\n                          {\r\n                            \"Starters (6)\": \"Veg manchurian / Hara bhara kabab / paneer pakoda\"\r\n                          },\r\n                          {\r\n                            \"Salads (6)\": \"Veg\"\r\n                          },\r\n                          {\r\n                            \"Soup (4)\": \"Veg\"\r\n                          },\r\n                          {\r\n                            \"Breads (5)\": \"Veg\"\r\n                          },\r\n                          {\r\n                            \"Main Courses (6)\": \"Veg\"\r\n                          },\r\n                          {\r\n                            \"Dal (3)\": \"Veg\"\r\n                          },\r\n                          {\r\n                            \"Rice (2)\": \"Veg\"\r\n                          },\r\n                          {\r\n                            \"Raita (4)\": \"Veg\"\r\n                          },\r\n                          {\r\n                            \"Desert (6)\": \"Veg\"\r\n                          },\r\n                          {\r\n                            \"Live Stations (4)\": \"Veg\"\r\n                          }\r\n                        ]\r\n                      }\r\n                    ]\r\n                  }\r\n                }\r\n              ]\r\n            }\r\n          ]\r\n        },\r\n        {\r\n          \"heading\": \"Payment Terms\",\r\n          \"data_display\": [\r\n            {\r\n              \"type\": \"key_value\",\r\n              \"key_values\": [\r\n                {\r\n                  \"Book Advance\": \"50% of total billing\"\r\n                },\r\n                {\r\n                  \"2nd Payment\": \"30 days before event\"\r\n                },\r\n                {\r\n                  \"Last Payment\": \"15 days before event\"\r\n                },\r\n                {\r\n                  \"Cancellation Policy\": \"Loses booking advance\"\r\n                }\r\n              ]\r\n            }\r\n          ]\r\n        },\r\n        {\r\n          \"heading\": \"Other Specialities\",\r\n          \"data_display\": [\r\n            {\r\n              \"type\": \"key_value\",\r\n              \"key_values\": [\r\n                {\r\n                  \"Juice Bar \": \"Availabe\"\r\n                },\r\n                {\r\n                  \"Imported Fruit Counter \": \"Availabe\"\r\n                },\r\n                {\r\n                  \"Dryfruit Counters \": \"NA\"\r\n                },\r\n                {\r\n                  \"Specila Kid Menus \": \"Available\"\r\n                }\r\n              ]\r\n            }\r\n          ]\r\n        }\r\n      ]\r\n    }\r\n  ]\r\n}','-1','-1',NULL,NULL),(24,'Saniya','9812345670','Saniya Caterers Mumbai','Admin',83,3,'makeup_charmikimi@wedwise.in:Hutqb8cc23ABb4oh2dk_aIoxOJ4','{\r\n  \"bid\": {\r\n    \"type\": \"bid\",\r\n    \"event_date\": 1,\r\n    \"time_slot\": {\r\n      \"name\": \"Time Slot\",\r\n      \"value\": [\r\n        [\r\n          \"morning\",\r\n          \"Morning\"\r\n        ],\r\n        [\r\n          \"evening\",\r\n          \"Evening\"\r\n        ]\r\n      ]\r\n    },\r\n    \"package\": {\r\n      \"name\": \"MakeUp Package\"\r\n    },\r\n    \"quoted\": {\r\n      \"name\": \"Package\"\r\n    },\r\n    \"bid_options\": {\r\n      \"name\": \"Bid Price\",\r\n      \"min_per_unit\": 430.5,\r\n      \"quantity\": {\r\n        \"label\": \"Persons\",\r\n        \"min\": {\r\n          \"value\": 50,\r\n          \"message\": \"Book for least 50 people\"\r\n        },\r\n        \"max\": 1500\r\n      },\r\n      \"item\": {\r\n        \"label\": \"Per plate\",\r\n        \"min\": 400,\r\n        \"max\": 500\r\n      }\r\n    },\r\n    \"text\": \"Some terms and conditions text at the end\",\r\n    \"button\": \"BID\"\r\n  },\r\n  \"book\": {\r\n    \"type\": \"book\",\r\n    \"event_date\": 1,\r\n    \"time_slot\": {\r\n      \"name\": \"Time Slot\",\r\n      \"value\": [\r\n        [\r\n          \"morning\",\r\n          \"Morning\"\r\n        ],\r\n        [\r\n          \"evening\",\r\n          \"Evening\"\r\n        ]\r\n      ]\r\n    },\r\n    \"package\": {\r\n      \"name\": \"MakeUp Packages\"\r\n    },\r\n    \"button\": \"BOOK\"\r\n  },\r\n  \"info\": {\r\n    \"contact\": \"9812345670\",\r\n    \"top_name\": \"Saniya\",\r\n    \"top_address\": \"Saniya H&M Mumbai\",\r\n    \"hero_imgs\": [\r\n      \"/media/apps/ios/2x/category/banquets.jpg\",\r\n      \"/media/apps/ios/2x/category/decorators.jpg\",\r\n      \"/media/apps/ios/2x/category/others.jpg\"\r\n    ],\r\n    \"360_imgs\": [\r\n      \"/media/apps/ios/2x/category/banquets.jpg\",\r\n      \"/media/apps/ios/2x/category/decorators.jpg\",\r\n      \"/media/apps/ios/2x/category/others.jpg\"\r\n    ],\r\n    \"video_links\": [\r\n      \"https://www.youtube.com/watch?v=75xp_31ET-U\",\r\n      \"https://www.youtube.com/watch?v=HwYKxmxU5NA\"\r\n    ],\r\n    \"email\": \"makeup_charmikimi@wedwise.in\",\r\n    \"name\": \"Saniya\",\r\n    \"starting_price\":\"500 /-\"\r\n  },\r\n  \"sections\": [\r\n    {\r\n      \"heading\": \"Basic Info\",\r\n      \"data_display\": [\r\n        {\r\n          \"read_more\": [\r\n            {\r\n              \"heading\": \"Basic Info\",\r\n              \"data_display\": [\r\n                {\r\n                  \"type\": \"key_value\",\r\n                  \"key_values\": [\r\n                    {\r\n                      \"Name\": \"Saniya\"\r\n                    },\r\n                    {\r\n                      \"Phone\": \"9812345670\"\r\n                    },\r\n                    {\r\n                      \"Years in Business\": \"3\"\r\n                    }\r\n                  ]\r\n                }\r\n              ]\r\n            }\r\n          ]\r\n        }\r\n      ]\r\n    },\r\n    {\r\n      \"heading\": \"FAQ\",\r\n      \"data_display\": [\r\n        {\r\n          \"read_more\": [\r\n            {\r\n              \"heading\": \"FAQ\",\r\n              \"data_display\": [\r\n                {\r\n                  \"type\": \"key_value\",\r\n                  \"key_values\": [\r\n                    {\r\n                      \"Size of Team\": \"8\"\r\n                    },\r\n                    {\r\n                      \"Do you work on location \": \"YES\"\r\n                    },\r\n                    {\r\n                      \"Work on groups\": \"YES\"\r\n                    },\r\n                    {\r\n                      \"Organic Mehendi available\": \"YES\"\r\n                    },\r\n                    {\r\n                      \"HD Mehendi available\": \"YES\"\r\n                    },\r\n                    {\r\n                      \"Exclusions from package\": \"\"\r\n                    }\r\n                  ]\r\n                }\r\n              ]\r\n            }\r\n          ]\r\n        }\r\n      ]\r\n    },\r\n    {\r\n      \"heading\": \"Locate us on map\",\r\n      \"data_display\": [\r\n        {\r\n          \"lat\": [\r\n            \"75\",\r\n            \"58\",\r\n            \"E\"\r\n          ],\r\n          \"type\": \"map\",\r\n          \"long\": [\r\n            \"20\",\r\n            \"15\",\r\n            \"N\"\r\n          ]\r\n        },\r\n        {\r\n          \"text\": \"Description how to reach\",\r\n          \"type\": \"para\"\r\n        }\r\n      ]\r\n    },\r\n    {\r\n      \"heading\": \"MakeUp Packages\",\r\n      \"data_display\": [\r\n        {\r\n          \"type\": \"key_value\",\r\n          \"key_values\": [\r\n            {\r\n              \"Package 1 \": \"7000 /-\"\r\n            },\r\n            {\r\n              \"Package 2 \": \"10000 /- \"\r\n            },\r\n            {\r\n              \"Package 3 \": \"\"\r\n            }\r\n          ],\r\n          \"read_more\": [\r\n            {\r\n              \"heading\": \"MakeUp Packages\",\r\n              \"data_display\": [\r\n                {\r\n                  \"type\": \"packages\",\r\n                  \"Bridal Packages\": {\r\n                    \"package_values\": [\r\n                      {\r\n                        \"label\": \" Package 1 (5000/-)\",\r\n                        \"options\": [\r\n                          {\r\n                            \"Starts From\": \"Both hands (till mid hand) and legs (only till ankel)\"\r\n                          }\r\n                        ]\r\n                      },\r\n                      {\r\n                        \"label\": \"Package 2 ( 8000 /-)\",\r\n                        \"options\": [\r\n                          {\r\n                            \"Starts From\": \"Both hands (above elbow) and legs (till knees)\"\r\n                          }\r\n                        ]\r\n                      },\r\n                      {\r\n                        \"label\": \" Package 3 ( )\",\r\n                        \"options\": [\r\n                          {\r\n                            \"\": \"\"\r\n                          }\r\n                        ]\r\n                      }\r\n                    ]\r\n                  },\r\n                  \"Group Deals \": {\r\n                    \"package_values\": [\r\n                      {\r\n                        \"label\": \"Package 1 ( 250/-)\",\r\n                        \"options\": [\r\n                          {\r\n                            \"Starts From\": \"both hands front and back till the wrist\"\r\n                          }\r\n                        ]\r\n                      },\r\n                      {\r\n                        \"label\": \" Package 2 ( 300 /-)\",\r\n                        \"options\": [\r\n                          {\r\n                            \"Starts From\": \"both hands front and back till above the wrist\"\r\n                          }\r\n                        ]\r\n                      },\r\n                      {\r\n                        \"label\": \" Package 3 ()\",\r\n                        \"options\": []\r\n                      }\r\n                    ]\r\n                  }\r\n                }\r\n              ]\r\n            }\r\n          ]\r\n        },\r\n        {\r\n          \"heading\": \"Payment Terms\",\r\n          \"data_display\": [\r\n            {\r\n              \"type\": \"key_value\",\r\n              \"key_values\": [\r\n                {\r\n                  \"Book Advance\": \"50% of total billing\"\r\n                },\r\n                {\r\n                  \"Blance Payment\": \"day of event\"\r\n                },\r\n                {\r\n                  \"Cancellation Policy\": \"Loses booking advance\"\r\n                }\r\n              ]\r\n            }\r\n          ]\r\n        }\r\n      ]\r\n    }\r\n  ]\r\n}','-1','-1',NULL,NULL),(25,'Khushi','9856471230','Mumbai','Admin',85,3,'makeup_khushi@wedwise.in:J7G4gfbFW5IOa__sFCdS5LZBjvA','{\r\n  \"bid\": {\r\n    \"type\": \"bid\",\r\n    \"event_date\": 1,\r\n    \"time_slot\": {\r\n      \"name\": \"Time Slot\",\r\n      \"value\": [\r\n        [\r\n          \"morning\",\r\n          \"Morning\"\r\n        ],\r\n        [\r\n          \"evening\",\r\n          \"Evening\"\r\n        ]\r\n      ]\r\n    },\r\n    \"package\": {\r\n      \"name\": \"MakeUp Package\"\r\n    },\r\n    \"quoted\": {\r\n      \"name\": \"Package\"\r\n    },\r\n    \"bid_options\": {\r\n      \"name\": \"Bid Price\",\r\n      \"min_per_unit\": 430.5,\r\n      \"quantity\": {\r\n        \"label\": \"Persons\",\r\n        \"min\": {\r\n          \"value\": 50,\r\n          \"message\": \"Book for least 50 people\"\r\n        },\r\n        \"max\": 1500\r\n      },\r\n      \"item\": {\r\n        \"label\": \"Per plate\",\r\n        \"min\": 400,\r\n        \"max\": 500\r\n      }\r\n    },\r\n    \"text\": \"Some terms and conditions text at the end\",\r\n    \"button\": \"BID\"\r\n  },\r\n  \"book\": {\r\n    \"type\": \"book\",\r\n    \"event_date\": 1,\r\n    \"time_slot\": {\r\n      \"name\": \"Time Slot\",\r\n      \"value\": [\r\n        [\r\n          \"morning\",\r\n          \"Morning\"\r\n        ],\r\n        [\r\n          \"evening\",\r\n          \"Evening\"\r\n        ]\r\n      ]\r\n    },\r\n    \"package\": {\r\n      \"name\": \"MakeUp Packages\"\r\n    },\r\n    \"button\": \"BOOK\"\r\n  },\r\n  \"info\": {\r\n    \"contact\": \"9856471230\",\r\n    \"top_name\": \"Khushi\",\r\n    \"hero_imgs\": [\r\n      \"/media/apps/ios/2x/category/banquets.jpg\",\r\n      \"/media/apps/ios/2x/category/decorators.jpg\",\r\n      \"/media/apps/ios/2x/category/others.jpg\"\r\n    ],\r\n    \"360_imgs\": [\r\n      \"/media/apps/ios/2x/category/banquets.jpg\",\r\n      \"/media/apps/ios/2x/category/decorators.jpg\",\r\n      \"/media/apps/ios/2x/category/others.jpg\"\r\n    ],\r\n    \"video_links\": [\r\n      \"https://www.youtube.com/watch?v=75xp_31ET-U\",\r\n      \"https://www.youtube.com/watch?v=HwYKxmxU5NA\"\r\n    ],\r\n    \"email\": \"makeup_khushi@wedwise.in\",\r\n    \"name\": \"Khushi\",\r\n    \"starting_price\":\"200 /- Onwards\",\r\n    \"top_address\":\"Khushi &M Mumbai\"\r\n  },\r\n  \"sections\": [\r\n    {\r\n      \"heading\": \"Basic Info\",\r\n      \"data_display\": [\r\n        {\r\n          \"read_more\": [\r\n            {\r\n              \"heading\": \"Basic Info\",\r\n              \"data_display\": [\r\n                {\r\n                  \"type\": \"key_value\",\r\n                  \"key_values\": [\r\n                    {\r\n                      \"Name\": \"Khushi\"\r\n                    },\r\n                    {\r\n                      \"Phone\": \"9856471230\"\r\n                    },\r\n                    {\r\n                      \"Years in Business\": \"5\"\r\n                    }\r\n                  ]\r\n                }\r\n              ]\r\n            }\r\n          ]\r\n        }\r\n      ]\r\n    },\r\n    {\r\n      \"heading\": \"FAQ\",\r\n      \"data_display\": [\r\n        {\r\n          \"read_more\": [\r\n            {\r\n              \"heading\": \"FAQ\",\r\n              \"data_display\": [\r\n                {\r\n                  \"type\": \"key_value\",\r\n                  \"key_values\": [\r\n                    {\r\n                      \"Size of Team\": \"5\"\r\n                    },\r\n                    {\r\n                      \"Do you work on location \": \"YES\"\r\n                    },\r\n                    {\r\n                      \"Work on groups\": \"YES\"\r\n                    },\r\n                    {\r\n                      \"Organic Mehendi available\": \"YES\"\r\n                    },\r\n                    {\r\n                      \"HD Mehendi available\": \"YES\"\r\n                    },\r\n                    {\r\n                      \"Exclusions from package\": \"\"\r\n                    }\r\n                  ]\r\n                }\r\n              ]\r\n            }\r\n          ]\r\n        }\r\n      ]\r\n    },\r\n    {\r\n      \"heading\": \"Locate us on map\",\r\n      \"data_display\": [\r\n        {\r\n          \"lat\": [\r\n            \"75\",\r\n            \"58\",\r\n            \"E\"\r\n          ],\r\n          \"type\": \"map\",\r\n          \"long\": [\r\n            \"20\",\r\n            \"15\",\r\n            \"N\"\r\n          ]\r\n        },\r\n        {\r\n          \"text\": \"Description how to reach\",\r\n          \"type\": \"para\"\r\n        }\r\n      ]\r\n    },\r\n    {\r\n      \"heading\": \"MakeUp Packages\",\r\n      \"data_display\": [\r\n        {\r\n          \"type\": \"key_value\",\r\n          \"key_values\": [\r\n            {\r\n              \"Package 1 \": \"7000 /-\"\r\n            },\r\n            {\r\n              \"Package 2 \": \"10000 /- \"\r\n            },\r\n            {\r\n              \"Package 3 \": \"\"\r\n            }\r\n          ],\r\n          \"read_more\": [\r\n            {\r\n              \"heading\": \"MakeUp Packages\",\r\n              \"data_display\": [\r\n                {\r\n                  \"type\": \"packages\",\r\n                  \"Bridal Packages\": {\r\n                    \"package_values\": [\r\n                      {\r\n                        \"label\": \" Package 1 (7000/-)\",\r\n                        \"options\": [\r\n                          {\r\n                            \"Starts From\": \"Both hands (till mid hand) and legs (only till ankel)\"\r\n                          }\r\n                        ]\r\n                      },\r\n                      {\r\n                        \"label\": \"Package 2 ( 10000 /-)\",\r\n                        \"options\": [\r\n                          {\r\n                            \"Starts From\": \"Both hands (above elbow) and legs (till knees)\"\r\n                          }\r\n                        ]\r\n                      },\r\n                      {\r\n                        \"label\": \" Package 3 ( )\",\r\n                        \"options\": [\r\n                          {\r\n                            \"\": \"\"\r\n                          }\r\n                        ]\r\n                      }\r\n                    ]\r\n                  },\r\n                  \"Group Deals \": {\r\n                    \"package_values\": [\r\n                      {\r\n                        \"label\": \"Package 1 ( 250/-)\",\r\n                        \"options\": [\r\n                          {\r\n                            \"Starts From\": \"both hands front and back till the wrist\"\r\n                          }\r\n                        ]\r\n                      },\r\n                      {\r\n                        \"label\": \" Package 2 ( 300 /-)\",\r\n                        \"options\": [\r\n                          {\r\n                            \"Starts From\": \"both hands front and back till above the wrist\"\r\n                          }\r\n                        ]\r\n                      },\r\n                      {\r\n                        \"label\": \" Package 3 ()\",\r\n                        \"options\": []\r\n                      }\r\n                    ]\r\n                  }\r\n                }\r\n              ]\r\n            }\r\n          ]\r\n        },\r\n        {\r\n          \"heading\": \"Payment Terms\",\r\n          \"data_display\": [\r\n            {\r\n              \"type\": \"key_value\",\r\n              \"key_values\": [\r\n                {\r\n                  \"Book Advance\": \"50% of total billing\"\r\n                },\r\n                {\r\n                  \"Blance Payment\": \"day of event\"\r\n                },\r\n                {\r\n                  \"Cancellation Policy\": \"Loses booking advance\"\r\n                }\r\n              ]\r\n            }\r\n          ]\r\n        }\r\n      ]\r\n    }\r\n  ]\r\n}','-1','-1',NULL,NULL),(26,'Radhika','982345671','Ojas Mumbai','Admin',84,3,'makeup_ojas@wedwise.in:0G4CSBce9FkKk6HV5GZ5qJAXgRY','{\r\n  \"bid\": {\r\n    \"type\": \"bid\",\r\n    \"event_date\": 1,\r\n    \"time_slot\": {\r\n      \"name\": \"Time Slot\",\r\n      \"value\": [\r\n        [\r\n          \"morning\",\r\n          \"Morning\"\r\n        ],\r\n        [\r\n          \"evening\",\r\n          \"Evening\"\r\n        ]\r\n      ]\r\n    },\r\n    \"package\": {\r\n      \"name\": \"MakeUp Package\"\r\n    },\r\n    \"quoted\": {\r\n      \"name\": \"Package\"\r\n    },\r\n    \"bid_options\": {\r\n      \"name\": \"Bid Price\",\r\n      \"min_per_unit\": 430.5,\r\n      \"quantity\": {\r\n        \"label\": \"Persons\",\r\n        \"min\": {\r\n          \"value\": 50,\r\n          \"message\": \"Book for least 50 people\"\r\n        },\r\n        \"max\": 1500\r\n      },\r\n      \"item\": {\r\n        \"label\": \"Per plate\",\r\n        \"min\": 400,\r\n        \"max\": 500\r\n      }\r\n    },\r\n    \"text\": \"Some terms and conditions text at the end\",\r\n    \"button\": \"BID\"\r\n  },\r\n  \"book\": {\r\n    \"type\": \"book\",\r\n    \"event_date\": 1,\r\n    \"time_slot\": {\r\n      \"name\": \"Time Slot\",\r\n      \"value\": [\r\n        [\r\n          \"morning\",\r\n          \"Morning\"\r\n        ],\r\n        [\r\n          \"evening\",\r\n          \"Evening\"\r\n        ]\r\n      ]\r\n    },\r\n    \"package\": {\r\n      \"name\": \"MakeUp Packages\"\r\n    },\r\n    \"button\": \"BOOK\"\r\n  },\r\n  \"info\": {\r\n    \"contact\": \"982345671\",\r\n    \"top_address\":\"Ojas Mumbai\",\r\n    \"top_name\": \"Radhika\",\r\n    \"hero_imgs\": [\r\n      \"/media/apps/ios/2x/category/banquets.jpg\",\r\n      \"/media/apps/ios/2x/category/decorators.jpg\",\r\n      \"/media/apps/ios/2x/category/others.jpg\"\r\n    ],\r\n    \"360_imgs\": [\r\n      \"/media/apps/ios/2x/category/banquets.jpg\",\r\n      \"/media/apps/ios/2x/category/decorators.jpg\",\r\n      \"/media/apps/ios/2x/category/others.jpg\"\r\n    ],\r\n    \"video_links\": [\r\n      \"https://www.youtube.com/watch?v=75xp_31ET-U\",\r\n      \"https://www.youtube.com/watch?v=HwYKxmxU5NA\"\r\n    ],\r\n    \"email\": \"makeup_ojas@wedwise.in\",\r\n    \"starting_price\": \"1000 /- Onwards \",\r\n    \"name\": \"Radhika\"\r\n  },\r\n  \"sections\": [\r\n    {\r\n      \"heading\": \"Basic Info\",\r\n      \"data_display\": [\r\n        {\r\n          \"read_more\": [\r\n            {\r\n              \"heading\": \"Basic Info\",\r\n              \"data_display\": [\r\n                {\r\n                  \"type\": \"key_value\",\r\n                  \"key_values\": [\r\n                    {\r\n                      \"Name\": \"Radhika\"\r\n                    },\r\n                    {\r\n                      \"Phone\": \"982345671\"\r\n                    },\r\n                    {\r\n                      \"Years in Business\": \"7\"\r\n                    }\r\n                  ]\r\n                }\r\n              ]\r\n            }\r\n          ]\r\n        }\r\n      ]\r\n    },\r\n    {\r\n      \"heading\": \"FAQ\",\r\n      \"data_display\": [\r\n        {\r\n          \"read_more\": [\r\n            {\r\n              \"heading\": \"FAQ\",\r\n              \"data_display\": [\r\n                {\r\n                  \"type\": \"key_value\",\r\n                  \"key_values\": [\r\n                    {\r\n                      \"Size of Team\": \"12\"\r\n                    },\r\n                    {\r\n                      \"Do you work on location \": \"YES\"\r\n                    },\r\n                    {\r\n                      \"Work on groups\": \"YES\"\r\n                    },\r\n                    {\r\n                      \"Organic Mehendi available\": \"YES\"\r\n                    },\r\n                    {\r\n                      \"HD Mehendi available\": \"YES\"\r\n                    },\r\n                    {\r\n                      \"Exclusions from package\": \"\"\r\n                    }\r\n                  ]\r\n                }\r\n              ]\r\n            }\r\n          ]\r\n        }\r\n      ]\r\n    },\r\n    {\r\n      \"heading\": \"Locate us on map\",\r\n      \"data_display\": [\r\n        {\r\n          \"lat\": [\r\n            \"75\",\r\n            \"58\",\r\n            \"E\"\r\n          ],\r\n          \"type\": \"map\",\r\n          \"long\": [\r\n            \"20\",\r\n            \"15\",\r\n            \"N\"\r\n          ]\r\n        },\r\n        {\r\n          \"text\": \"Description how to reach\",\r\n          \"type\": \"para\"\r\n        }\r\n      ]\r\n    },\r\n    {\r\n      \"heading\": \"MakeUp Packages\",\r\n      \"data_display\": [\r\n        {\r\n          \"type\": \"key_value\",\r\n          \"key_values\": [\r\n            {\r\n              \"Package 1 \": \"10000 /-\"\r\n            },\r\n            {\r\n              \"Package 2 \": \"14000 /- \"\r\n            },\r\n            {\r\n              \"Package 3 \": \"\"\r\n            }\r\n          ],\r\n          \"read_more\": [\r\n            {\r\n              \"heading\": \"MakeUp Packages\",\r\n              \"data_display\": [\r\n                {\r\n                  \"type\": \"packages\",\r\n                  \"Bridal Packages\": {\r\n                    \"package_values\": [\r\n                      {\r\n                        \"label\": \" Package 1 (10000/-)\",\r\n                        \"options\": [\r\n                          {\r\n                            \"Starts From\": \"Both hands (till mid hand) and legs (only till ankel)\"\r\n                          }\r\n                        ]\r\n                      },\r\n                      {\r\n                        \"label\": \"Package 2 ( 14000 /-)\",\r\n                        \"options\": [\r\n                          {\r\n                            \"Starts From\": \"Both hands (above elbow) and legs (till knees)\"\r\n                          }\r\n                        ]\r\n                      },\r\n                      {\r\n                        \"label\": \" Package 3 ( )\",\r\n                        \"options\": [\r\n                          {\r\n                            \"\": \"\"\r\n                          }\r\n                        ]\r\n                      }\r\n                    ]\r\n                  },\r\n                  \"Group Deals \": {\r\n                    \"package_values\": [\r\n                      {\r\n                        \"label\": \"Package 1 ( 400/-)\",\r\n                        \"options\": [\r\n                          {\r\n                            \"Starts From\": \"both hands front and back till the wrist\"\r\n                          }\r\n                        ]\r\n                      },\r\n                      {\r\n                        \"label\": \" Package 2 ( 500 /-)\",\r\n                        \"options\": [\r\n                          {\r\n                            \"Starts From\": \"both hands front and back till above the wrist\"\r\n                          }\r\n                        ]\r\n                      },\r\n                      {\r\n                        \"label\": \" Package 3 ()\",\r\n                        \"options\": []\r\n                      }\r\n                    ]\r\n                  }\r\n                }\r\n              ]\r\n            }\r\n          ]\r\n        },\r\n        {\r\n          \"heading\": \"Payment Terms\",\r\n          \"data_display\": [\r\n            {\r\n              \"type\": \"key_value\",\r\n              \"key_values\": [\r\n                {\r\n                  \"Book Advance\": \"50% of total billing\"\r\n                },\r\n                {\r\n                  \"Blance Payment\": \"day of event\"\r\n                },\r\n                {\r\n                  \"Cancellation Policy\": \"Loses booking advance\"\r\n                }\r\n              ]\r\n            }\r\n          ]\r\n        }\r\n      ]\r\n    }\r\n  ]\r\n}','-1','-1',NULL,NULL),(28,'Clyde','9821498218','Mumbai','Admin',77,4,'photo_clyde_n_karen@wedwise.in:eCqUZMZiNytA4yHkg9aoNu0w__Q','{\r\n  \"bid\": {\r\n    \"type\": \"bid\",\r\n    \"event_date\": 1,\r\n    \"time_slot\": {\r\n      \"name\": \"Time Slot\",\r\n      \"value\": [\r\n        [\r\n          \"morning\",\r\n          \"Morning\"\r\n        ],\r\n        [\r\n          \"evening\",\r\n          \"Evening\"\r\n        ]\r\n      ]\r\n    },\r\n    \"package\": {\r\n      \"name\": \"Photographer Package\"\r\n    },\r\n    \"quoted\": {\r\n      \"name\": \"Package\"\r\n    },\r\n    \"bid_options\": {\r\n      \"name\": \"Bid Price\",\r\n      \"min_per_unit\": 430.5,\r\n      \"quantity\": {\r\n        \"label\": \"Persons\",\r\n        \"min\": {\r\n          \"value\": 50,\r\n          \"message\": \"Book for least 50 people\"\r\n        },\r\n        \"max\": 1500\r\n      },\r\n      \"item\": {\r\n        \"label\": \"Per plate\",\r\n        \"min\": 400,\r\n        \"max\": 500\r\n      }\r\n    },\r\n    \"text\": \"Some terms and conditions text at the end\",\r\n    \"button\": \"BID\"\r\n  },\r\n  \"book\": {\r\n    \"type\": \"book\",\r\n    \"event_date\": 1,\r\n    \"time_slot\": {\r\n      \"name\": \"Time Slot\",\r\n      \"value\": [\r\n        [\r\n          \"morning\",\r\n          \"Morning\"\r\n        ],\r\n        [\r\n          \"evening\",\r\n          \"Evening\"\r\n        ]\r\n      ]\r\n    },\r\n    \"package\": {\r\n      \"name\": \"Photographer Packages\"\r\n    },\r\n    \"button\": \"BOOK\"\r\n  },\r\n  \"info\": {\r\n    \"contact\": \"9821498218 / 9892323940\",\r\n    \"top_name\": \"Clyde & Karen\",\r\n    \"top_address\": \"Mumbai.\",\r\n    \"starting_price\":\"1000 /-\",\r\n    \"hero_imgs\": [\r\n      \"/media/apps/ios/2x/category/banquets.jpg\",\r\n      \"/media/apps/ios/2x/category/decorators.jpg\",\r\n      \"/media/apps/ios/2x/category/others.jpg\"\r\n    ],\r\n    \"360_imgs\": [\r\n      \"/media/apps/ios/2x/category/banquets.jpg\",\r\n      \"/media/apps/ios/2x/category/decorators.jpg\",\r\n      \"/media/apps/ios/2x/category/others.jpg\"\r\n    ],\r\n    \"video_links\": [\r\n      \"https://www.youtube.com/watch?v=75xp_31ET-U\",\r\n      \"https://www.youtube.com/watch?v=HwYKxmxU5NA\"\r\n    ],\r\n    \"email\": \"photo_clyde_n_karen@wedwise.in\",\r\n    \"name\": \"Clyde & Karen\"\r\n  },\r\n  \"sections\": [\r\n    {\r\n      \"heading\": \"Basic Info\",\r\n      \"data_display\": [\r\n        {\r\n          \"read_more\": [\r\n            {\r\n              \"heading\": \"Basic Info\",\r\n              \"data_display\": [\r\n                {\r\n                  \"type\": \"key_value\",\r\n                  \"key_values\": [\r\n                    {\r\n                      \"Name\": \"Clyde & Karen\"\r\n                    },\r\n                    {\r\n                      \"Phone\": \"9821498218 / 9892323940\"\r\n                    },\r\n                    {\r\n                      \"Experience (In Yrs)\": \"10\"\r\n                    },\r\n                    {\r\n                      \"# of Jobs completed\": \"500\"\r\n                    },\r\n                    {\r\n                      \"Team Size\": \"4\"\r\n                    }\r\n                  ]\r\n                }\r\n              ]\r\n            }\r\n          ]\r\n        }\r\n      ]\r\n    },\r\n    {\r\n      \"heading\": \"Photographer Packages\",\r\n      \"data_display\": [\r\n        {\r\n          \"type\": \"key_value\",\r\n          \"key_values\": [\r\n            {\r\n              \"Sliver Package \": \"35000 /-\"\r\n            },\r\n            {\r\n              \"Gold Package \": \"65000 /- \"\r\n            }\r\n          ],\r\n          \"read_more\": [\r\n            {\r\n              \"heading\": \"Photographer Packages\",\r\n              \"data_display\": [\r\n                {\r\n                  \"type\": \"packages\",\r\n                  \"Bridal Packages\": {\r\n                    \"package_values\": [\r\n                      {\r\n                        \"label\": \" Sliver Package\",\r\n                        \"options\": [\r\n                          {\r\n                            \"Cost\": \"35000/-\"\r\n                          },\r\n                          {\r\n                            \"# of shoots\": \"2\"\r\n                          },\r\n                          {\r\n                            \"Hrs per shoot\": \"4\"\r\n                          },\r\n                          {\r\n                            \"Ppl per shoot\": \"2\"\r\n                          },\r\n                          {\r\n                            \"# of Physical Prints\": \"200\"\r\n                          },\r\n                          {\r\n                            \"DVD of images\": \"YES\"\r\n                          },\r\n                          {\r\n                            \"Other Inclusions\": \"Includes Pre-wedding shoot and wedding shoot along with soft copy of the same\"\r\n                          }\r\n                        ]\r\n                      },\r\n                      {\r\n                        \"label\": \"Gold Package\",\r\n                        \"options\": [\r\n                          {\r\n                            \"Cost\": \"65000/-\"\r\n                          },\r\n                          {\r\n                            \"# of shoots\": \"4\"\r\n                          },\r\n                          {\r\n                            \"Hrs per shoot\": \"4\"\r\n                          },\r\n                          {\r\n                            \"Ppl per shoot\": \"3\"\r\n                          },\r\n                          {\r\n                            \"# of Physical Prints\": \"350\"\r\n                          },\r\n                          {\r\n                            \"DVD of images\": \"YES\"\r\n                          },\r\n                          {\r\n                            \"Other Inclusions\": \"Includes Pre-wedding and post wedding shoot and wedding shoot along with soft copy of the same\"\r\n                          }\r\n                        ]\r\n                      }\r\n                    ]\r\n                  }\r\n                }\r\n              ]\r\n            }\r\n          ]\r\n        }\r\n      ]\r\n    }\r\n  ]\r\n}\r\n','-1','-1',NULL,NULL),(29,'Prashant','9702905001','Mumbia','Admin',78,4,'photo_prashant@wedwise.in:u1bL8V2jwHH2ar44DnBiS7DOVcA','{\r\n  \"bid\": {\r\n    \"type\": \"bid\",\r\n    \"event_date\": 1,\r\n    \"time_slot\": {\r\n      \"name\": \"Time Slot\",\r\n      \"value\": [\r\n        [\r\n          \"morning\",\r\n          \"Morning\"\r\n        ],\r\n        [\r\n          \"evening\",\r\n          \"Evening\"\r\n        ]\r\n      ]\r\n    },\r\n    \"package\": {\r\n      \"name\": \"Photographer Package\"\r\n    },\r\n    \"quoted\": {\r\n      \"name\": \"Package\"\r\n    },\r\n    \"bid_options\": {\r\n      \"name\": \"Bid Price\",\r\n      \"min_per_unit\": 430.5,\r\n      \"quantity\": {\r\n        \"label\": \"Persons\",\r\n        \"min\": {\r\n          \"value\": 50,\r\n          \"message\": \"Book for least 50 people\"\r\n        },\r\n        \"max\": 1500\r\n      },\r\n      \"item\": {\r\n        \"label\": \"Per plate\",\r\n        \"min\": 400,\r\n        \"max\": 500\r\n      }\r\n    },\r\n    \"text\": \"Some terms and conditions text at the end\",\r\n    \"button\": \"BID\"\r\n  },\r\n  \"book\": {\r\n    \"type\": \"book\",\r\n    \"event_date\": 1,\r\n    \"time_slot\": {\r\n      \"name\": \"Time Slot\",\r\n      \"value\": [\r\n        [\r\n          \"morning\",\r\n          \"Morning\"\r\n        ],\r\n        [\r\n          \"evening\",\r\n          \"Evening\"\r\n        ]\r\n      ]\r\n    },\r\n    \"package\": {\r\n      \"name\": \"Photographer Packages\"\r\n    },\r\n    \"button\": \"BOOK\"\r\n  },\r\n  \"info\": {\r\n    \"contact\": \"9702905001 / 9819554580\",\r\n    \"top_name\": \"Prashant\",\r\n    \"hero_imgs\": [\r\n      \"/media/apps/ios/2x/category/banquets.jpg\",\r\n      \"/media/apps/ios/2x/category/decorators.jpg\",\r\n      \"/media/apps/ios/2x/category/others.jpg\"\r\n    ],\r\n    \"360_imgs\": [\r\n      \"/media/apps/ios/2x/category/banquets.jpg\",\r\n      \"/media/apps/ios/2x/category/decorators.jpg\",\r\n      \"/media/apps/ios/2x/category/others.jpg\"\r\n    ],\r\n    \"video_links\": [\r\n      \"https://www.youtube.com/watch?v=75xp_31ET-U\",\r\n      \"https://www.youtube.com/watch?v=HwYKxmxU5NA\"\r\n    ],\r\n    \"email\": \"photo_prashant@wedwise.in\",\r\n    \"starting_price\": \"500 /- per shoot\",\r\n    \"top_name\": \"Prashant\",\r\n    \"top_address\": \"Mumbai\"\r\n  },\r\n  \"sections\": [\r\n    {\r\n      \"heading\": \"Basic Info\",\r\n      \"data_display\": [\r\n        {\r\n          \"read_more\": [\r\n            {\r\n              \"heading\": \"Basic Info\",\r\n              \"data_display\": [\r\n                {\r\n                  \"type\": \"key_value\",\r\n                  \"key_values\": [\r\n                    {\r\n                      \"Name\": \"Prashant\"\r\n                    },\r\n                    {\r\n                      \"Phone\": \"9702905001 / 9819554580\"\r\n                    },\r\n                    {\r\n                      \"Experience (In Yrs)\": \"5\"\r\n                    },\r\n                    {\r\n                      \"# of Jobs completed\": \"250\"\r\n                    },\r\n                    {\r\n                      \"Team Size\": \"3\"\r\n                    }\r\n                  ]\r\n                }\r\n              ]\r\n            }\r\n          ]\r\n        }\r\n      ]\r\n    },\r\n    {\r\n      \"heading\": \"Photographer Packages\",\r\n      \"data_display\": [\r\n        {\r\n          \"type\": \"key_value\",\r\n          \"key_values\": [\r\n            {\r\n              \"Package 1\": \"15000 /-\"\r\n            },\r\n            {\r\n              \"Package 2 \": \"25000 /- \"\r\n            }\r\n          ],\r\n          \"read_more\": [\r\n            {\r\n              \"heading\": \"Photographer Packages\",\r\n              \"data_display\": [\r\n                {\r\n                  \"type\": \"packages\",\r\n                  \"Bridal Packages\": {\r\n                    \"package_values\": [\r\n                      {\r\n                        \"label\": \"Package 1\",\r\n                        \"options\": [\r\n                          {\r\n                            \"Cost\": \"15000/-\"\r\n                          },\r\n                          {\r\n                            \"# of shoots\": \"2\"\r\n                          },\r\n                          {\r\n                            \"Hrs per shoot\": \"4\"\r\n                          },\r\n                          {\r\n                            \"Ppl per shoot\": \"2\"\r\n                          },\r\n                          {\r\n                            \"# of Physical Prints\": \"100\"\r\n                          },\r\n                          {\r\n                            \"DVD of images\": \"YES\"\r\n                          },\r\n                          {\r\n                            \"Other Inclusions\": \"Includes Pre-wedding shoot and wedding shoot \"\r\n                          }\r\n                        ]\r\n                      },\r\n                      {\r\n                        \"label\": \"Package 2\",\r\n                        \"options\": [\r\n                          {\r\n                            \"Cost\": \"25000/-\"\r\n                          },\r\n                          {\r\n                            \"# of shoots\": \"3\"\r\n                          },\r\n                          {\r\n                            \"Hrs per shoot\": \"4\"\r\n                          },\r\n                          {\r\n                            \"Ppl per shoot\": \"2\"\r\n                          },\r\n                          {\r\n                            \"# of Physical Prints\": \"200\"\r\n                          },\r\n                          {\r\n                            \"DVD of images\": \"YES\"\r\n                          },\r\n                          {\r\n                            \"Other Inclusions\": \"Includes Pre-wedding and post wedding shoot and wedding shoot\"\r\n                          }\r\n                        ]\r\n                      }\r\n                    ]\r\n                  }\r\n                }\r\n              ]\r\n            }\r\n          ]\r\n        }\r\n      ]\r\n    }\r\n  ]\r\n}','-1','-1',NULL,NULL),(30,'aa','2134567895','jaipur','',86,1,'customer@wedwise.in:fRITsf8kb60QSc6r3eAJqz0rqZA','','','',NULL,NULL),(31,'lokesh','9876543210','l.s321991@gmail.com','',90,1,'l.s321991@gmail.com:QPixfKLdfNGFNIb8-iI9TdrREao','','','',NULL,NULL),(32,'aa','96325874123','customer1@wedwise.in','',91,1,'customer1@wedwise.in:_6AiiOn5ovICF2i3o-GYUfabaac','','','',NULL,NULL),(33,'ad','9846543210','swapnil_jain05@yahoo.in','',92,1,'swapnil_jain05@yahoo.in:B7lfUfTD7lwT9C6bb9SV995uknc','','','',NULL,NULL),(34,'test','9602861761','vendortest@gmail.com','',94,1,'vendortest@gmail.com:r4GkloRJK4-z4vAUzfOGk6Fzfa0','','','',NULL,NULL),(35,'test vendor','2345678901','jaipur, rajasthan','',93,1,'test@gmail.com:HZ8I4kgzUG7PTeuTbunNn13CvX0','','','',NULL,NULL),(36,'test','123456','jaipur, rajasthan','',113,2,'vendor@gmail.com:7VTGao5tZMGH-1qPq_8kS2-cjwY','','','',NULL,NULL),(37,'deepak','2314567890','jaipur, rajasthan','',114,1,'deepak@vendor.com:l8L-b0ZRbRdeNdENxJDA2bCfKag','','','',NULL,NULL),(38,'vendor','1234567890','jaipur, rajasthan','',116,2,'vendor@gmail.in:ASN0K8h3tZR5AH7w4gl7JRdsNQY','','','',NULL,''),(39,'mukesh','55454544','jhjkfg jhfhjhfhjkf  gfdhjfh','',117,1,'mukesh.vijay3@gmail.com:MEGZtk9uR1UFEwMNda-JTakSGkQ','','','',NULL,''),(40,'xnfjgfi','5458686565','rksh_vijay@yahoo.com','',118,1,'rksh_vijay@yahoo.com:ckXfKlK5YzPevW9cHfNsT3taXPY','','','',NULL,'{u\'2015-08-13\': u\'booked_all_day\', u\'2015-08-12\': u\'booked_all_day\', u\'2015-08-11\': u\'booked_all_day\', u\'2015-08-10\': u\'booked_all_day\', u\'2015-08-05\': u\'booked_all_day\', u\'2015-08-19\': u\'available_morning\', u\'2015-08-07\': u\'booked_all_day\', u\'2015-08-26\': u\'booked_all_day\', u\'2015-08-28\': u\'booked_all_day\', u\'2015-08-03\': u\'booked_all_day\'}');
/*!40000 ALTER TABLE `vendor_vendor` ENABLE KEYS */;
UNLOCK TABLES;

--
-- Table structure for table `vendor_vendorlead`
--

DROP TABLE IF EXISTS `vendor_vendorlead`;
/*!40101 SET @saved_cs_client     = @@character_set_client */;
/*!40101 SET character_set_client = utf8 */;
CREATE TABLE `vendor_vendorlead` (
  `id` int(11) NOT NULL AUTO_INCREMENT,
  `email` varchar(75) NOT NULL,
  `address` varchar(512) NOT NULL,
  `mobile` varchar(11) NOT NULL,
  `services` varchar(512) NOT NULL,
  `name` varchar(100) DEFAULT NULL,
  PRIMARY KEY (`id`)
) ENGINE=InnoDB AUTO_INCREMENT=3 DEFAULT CHARSET=latin1;
/*!40101 SET character_set_client = @saved_cs_client */;

--
-- Dumping data for table `vendor_vendorlead`
--

LOCK TABLES `vendor_vendorlead` WRITE;
/*!40000 ALTER TABLE `vendor_vendorlead` DISABLE KEYS */;
INSERT INTO `vendor_vendorlead` VALUES (1,'cc@gm.com','cc','9090909090','cc','cc'),(2,'ccaa@gm.com','cc','9090909090','cc','cc');
/*!40000 ALTER TABLE `vendor_vendorlead` ENABLE KEYS */;
UNLOCK TABLES;

--
-- Table structure for table `wedwise_messages_messages`
--

DROP TABLE IF EXISTS `wedwise_messages_messages`;
/*!40101 SET @saved_cs_client     = @@character_set_client */;
/*!40101 SET character_set_client = utf8 */;
CREATE TABLE `wedwise_messages_messages` (
  `id` int(11) NOT NULL AUTO_INCREMENT,
  `from_to` varchar(3) DEFAULT NULL,
  `message` longtext NOT NULL,
  `msg_time` datetime NOT NULL,
  `customer_id` int(11) NOT NULL,
  `vendor_id` int(11) NOT NULL,
  `bid_json` longtext,
  `bid_price` varchar(100) DEFAULT '',
  `bid_quantity` int(11) DEFAULT NULL,
  `book_json` longtext,
  `event_date` date DEFAULT NULL,
  `status` varchar(1) DEFAULT '',
  `time_slot` varchar(128) DEFAULT '',
  `msg_type` varchar(7) DEFAULT NULL,
  `self_booking` varchar(1) DEFAULT NULL,
  PRIMARY KEY (`id`),
  KEY `wedwise_messages_messages_cb24373b` (`customer_id`),
  KEY `wedwise_messages_messages_96b1f972` (`vendor_id`),
  CONSTRAINT `wedwise_messages__vendor_id_5a214c5fcbedd4d3_fk_vendor_vendor_id` FOREIGN KEY (`vendor_id`) REFERENCES `vendor_vendor` (`id`),
  CONSTRAINT `wedwis_customer_id_4d15317179ef6bc3_fk_customer_customer_user_id` FOREIGN KEY (`customer_id`) REFERENCES `customer_customer` (`user_id`)
) ENGINE=InnoDB AUTO_INCREMENT=290 DEFAULT CHARSET=latin1;
/*!40101 SET character_set_client = @saved_cs_client */;

--
-- Dumping data for table `wedwise_messages_messages`
--

LOCK TABLES `wedwise_messages_messages` WRITE;
/*!40000 ALTER TABLE `wedwise_messages_messages` DISABLE KEYS */;
INSERT INTO `wedwise_messages_messages` VALUES (20,'c2v','Customer to homotel banquet sending message','2015-07-11 23:49:45',86,18,'','',0,'',NULL,NULL,'','message',NULL),(21,'c2v','msf','2015-07-13 12:00:09',86,18,'{                 \"quoted\": {                     \"name\": \"Package\",                     \"value\": \"450 Rs per plate minimum 100 persons required\"                 },                 \"package\": {                     \"name\": \"Package\",                     \"value\": \"500 Rs per plate minimum 100 persons required\"                 },                 \"text\": \"Some terms and conditions text at the end\",                 \"button\": \"BID\",                 \"event_date\": 1,                 \"time_slot\": {                     \"name\": \"Time Slot\",                     \"value\": [                         [                             \"morning\",                             \"Morning\"                         ],                         [                             \"evening\",                             \"Evening\"                         ]                     ]                 },                 \"type\": \"bid\",                 \"bid_options\": {                     \"min_per_unit\": 430.5,                     \"name\": \"Bid Price\",                     \"item\": {                         \"max\": 500,                         \"min\": 400,                         \"label\": \"Per plate\"                     },                     \"quantity\": {                         \"max\": 1500,                         \"min\": {                             \"message\": \"Book for least 50 people\",                             \"value\": 50                         },                         \"label\": \"Persons\"                     }                 }             }','200',3,'','2014-11-10',NULL,'morning','bid',NULL),(22,'c2v','msf','2015-07-13 12:00:12',86,18,'{                 \"quoted\": {                     \"name\": \"Package\",                     \"value\": \"450 Rs per plate minimum 100 persons required\"                 },                 \"package\": {                     \"name\": \"Package\",                     \"value\": \"500 Rs per plate minimum 100 persons required\"                 },                 \"text\": \"Some terms and conditions text at the end\",                 \"button\": \"BID\",                 \"event_date\": 1,                 \"time_slot\": {                     \"name\": \"Time Slot\",                     \"value\": [                         [                             \"morning\",                             \"Morning\"                         ],                         [                             \"evening\",                             \"Evening\"                         ]                     ]                 },                 \"type\": \"bid\",                 \"bid_options\": {                     \"min_per_unit\": 430.5,                     \"name\": \"Bid Price\",                     \"item\": {                         \"max\": 500,                         \"min\": 400,                         \"label\": \"Per plate\"                     },                     \"quantity\": {                         \"max\": 1500,                         \"min\": {                             \"message\": \"Book for least 50 people\",                             \"value\": 50                         },                         \"label\": \"Persons\"                     }                 }             }','200',3,'','2014-11-10',NULL,'morning','bid',NULL),(23,'c2v','msf','2015-07-13 12:01:02',86,18,'','200',3,'{                 \"quoted\": {                     \"name\": \"Package\",                     \"value\": \"450 Rs per plate minimum 100 persons required\"                 },                 \"package\": {                     \"name\": \"Package\",                     \"value\": \"500 Rs per plate minimum 100 persons required\"                 },                 \"text\": \"Some terms and conditions text at the end\",                 \"button\": \"BID\",                 \"event_date\": 1,                 \"time_slot\": {                     \"name\": \"Time Slot\",                     \"value\": [                         [                             \"morning\",                             \"Morning\"                         ],                         [                             \"evening\",                             \"Evening\"                         ]                     ]                 },                 \"type\": \"bid\",                 \"bid_options\": {                     \"min_per_unit\": 430.5,                     \"name\": \"Bid Price\",                     \"item\": {                         \"max\": 500,                         \"min\": 400,                         \"label\": \"Per plate\"                     },                     \"quantity\": {                         \"max\": 1500,                         \"min\": {                             \"message\": \"Book for least 50 people\",                             \"value\": 50                         },                         \"label\": \"Persons\"                     }                 }             }','2014-11-10',NULL,'morning','book',NULL),(24,'c2v','msf','2015-07-13 12:01:04',86,18,'','200',3,'{                 \"quoted\": {                     \"name\": \"Package\",                     \"value\": \"450 Rs per plate minimum 100 persons required\"                 },                 \"package\": {                     \"name\": \"Package\",                     \"value\": \"500 Rs per plate minimum 100 persons required\"                 },                 \"text\": \"Some terms and conditions text at the end\",                 \"button\": \"BID\",                 \"event_date\": 1,                 \"time_slot\": {                     \"name\": \"Time Slot\",                     \"value\": [                         [                             \"morning\",                             \"Morning\"                         ],                         [                             \"evening\",                             \"Evening\"                         ]                     ]                 },                 \"type\": \"bid\",                 \"bid_options\": {                     \"min_per_unit\": 430.5,                     \"name\": \"Bid Price\",                     \"item\": {                         \"max\": 500,                         \"min\": 400,                         \"label\": \"Per plate\"                     },                     \"quantity\": {                         \"max\": 1500,                         \"min\": {                             \"message\": \"Book for least 50 people\",                             \"value\": 50                         },                         \"label\": \"Persons\"                     }                 }             }','2014-11-10',NULL,'morning','book',NULL),(25,'c2v','msf','2015-07-13 12:01:05',86,18,'','200',3,'{                 \"quoted\": {                     \"name\": \"Package\",                     \"value\": \"450 Rs per plate minimum 100 persons required\"                 },                 \"package\": {                     \"name\": \"Package\",                     \"value\": \"500 Rs per plate minimum 100 persons required\"                 },                 \"text\": \"Some terms and conditions text at the end\",                 \"button\": \"BID\",                 \"event_date\": 1,                 \"time_slot\": {                     \"name\": \"Time Slot\",                     \"value\": [                         [                             \"morning\",                             \"Morning\"                         ],                         [                             \"evening\",                             \"Evening\"                         ]                     ]                 },                 \"type\": \"bid\",                 \"bid_options\": {                     \"min_per_unit\": 430.5,                     \"name\": \"Bid Price\",                     \"item\": {                         \"max\": 500,                         \"min\": 400,                         \"label\": \"Per plate\"                     },                     \"quantity\": {                         \"max\": 1500,                         \"min\": {                             \"message\": \"Book for least 50 people\",                             \"value\": 50                         },                         \"label\": \"Persons\"                     }                 }             }','2014-11-10',NULL,'morning','book',NULL),(26,'c2v','msf','2015-07-13 12:01:05',86,18,'','200',3,'{                 \"quoted\": {                     \"name\": \"Package\",                     \"value\": \"450 Rs per plate minimum 100 persons required\"                 },                 \"package\": {                     \"name\": \"Package\",                     \"value\": \"500 Rs per plate minimum 100 persons required\"                 },                 \"text\": \"Some terms and conditions text at the end\",                 \"button\": \"BID\",                 \"event_date\": 1,                 \"time_slot\": {                     \"name\": \"Time Slot\",                     \"value\": [                         [                             \"morning\",                             \"Morning\"                         ],                         [                             \"evening\",                             \"Evening\"                         ]                     ]                 },                 \"type\": \"bid\",                 \"bid_options\": {                     \"min_per_unit\": 430.5,                     \"name\": \"Bid Price\",                     \"item\": {                         \"max\": 500,                         \"min\": 400,                         \"label\": \"Per plate\"                     },                     \"quantity\": {                         \"max\": 1500,                         \"min\": {                             \"message\": \"Book for least 50 people\",                             \"value\": 50                         },                         \"label\": \"Persons\"                     }                 }             }','2014-11-10',NULL,'morning','book',NULL),(27,'c2v','msf','2015-07-13 12:01:05',86,18,'','200',3,'{                 \"quoted\": {                     \"name\": \"Package\",                     \"value\": \"450 Rs per plate minimum 100 persons required\"                 },                 \"package\": {                     \"name\": \"Package\",                     \"value\": \"500 Rs per plate minimum 100 persons required\"                 },                 \"text\": \"Some terms and conditions text at the end\",                 \"button\": \"BID\",                 \"event_date\": 1,                 \"time_slot\": {                     \"name\": \"Time Slot\",                     \"value\": [                         [                             \"morning\",                             \"Morning\"                         ],                         [                             \"evening\",                             \"Evening\"                         ]                     ]                 },                 \"type\": \"bid\",                 \"bid_options\": {                     \"min_per_unit\": 430.5,                     \"name\": \"Bid Price\",                     \"item\": {                         \"max\": 500,                         \"min\": 400,                         \"label\": \"Per plate\"                     },                     \"quantity\": {                         \"max\": 1500,                         \"min\": {                             \"message\": \"Book for least 50 people\",                             \"value\": 50                         },                         \"label\": \"Persons\"                     }                 }             }','2014-11-10',NULL,'morning','book',NULL),(28,'c2v','msf','2015-07-13 12:01:05',86,18,'','200',3,'{                 \"quoted\": {                     \"name\": \"Package\",                     \"value\": \"450 Rs per plate minimum 100 persons required\"                 },                 \"package\": {                     \"name\": \"Package\",                     \"value\": \"500 Rs per plate minimum 100 persons required\"                 },                 \"text\": \"Some terms and conditions text at the end\",                 \"button\": \"BID\",                 \"event_date\": 1,                 \"time_slot\": {                     \"name\": \"Time Slot\",                     \"value\": [                         [                             \"morning\",                             \"Morning\"                         ],                         [                             \"evening\",                             \"Evening\"                         ]                     ]                 },                 \"type\": \"bid\",                 \"bid_options\": {                     \"min_per_unit\": 430.5,                     \"name\": \"Bid Price\",                     \"item\": {                         \"max\": 500,                         \"min\": 400,                         \"label\": \"Per plate\"                     },                     \"quantity\": {                         \"max\": 1500,                         \"min\": {                             \"message\": \"Book for least 50 people\",                             \"value\": 50                         },                         \"label\": \"Persons\"                     }                 }             }','2014-11-10',NULL,'morning','book',NULL),(29,'c2v','msf','2015-07-13 12:01:06',86,18,'','200',3,'{                 \"quoted\": {                     \"name\": \"Package\",                     \"value\": \"450 Rs per plate minimum 100 persons required\"                 },                 \"package\": {                     \"name\": \"Package\",                     \"value\": \"500 Rs per plate minimum 100 persons required\"                 },                 \"text\": \"Some terms and conditions text at the end\",                 \"button\": \"BID\",                 \"event_date\": 1,                 \"time_slot\": {                     \"name\": \"Time Slot\",                     \"value\": [                         [                             \"morning\",                             \"Morning\"                         ],                         [                             \"evening\",                             \"Evening\"                         ]                     ]                 },                 \"type\": \"bid\",                 \"bid_options\": {                     \"min_per_unit\": 430.5,                     \"name\": \"Bid Price\",                     \"item\": {                         \"max\": 500,                         \"min\": 400,                         \"label\": \"Per plate\"                     },                     \"quantity\": {                         \"max\": 1500,                         \"min\": {                             \"message\": \"Book for least 50 people\",                             \"value\": 50                         },                         \"label\": \"Persons\"                     }                 }             }','2014-11-10',NULL,'morning','book',NULL),(30,'c2v','msf','2015-07-13 12:01:06',86,18,'','200',3,'{                 \"quoted\": {                     \"name\": \"Package\",                     \"value\": \"450 Rs per plate minimum 100 persons required\"                 },                 \"package\": {                     \"name\": \"Package\",                     \"value\": \"500 Rs per plate minimum 100 persons required\"                 },                 \"text\": \"Some terms and conditions text at the end\",                 \"button\": \"BID\",                 \"event_date\": 1,                 \"time_slot\": {                     \"name\": \"Time Slot\",                     \"value\": [                         [                             \"morning\",                             \"Morning\"                         ],                         [                             \"evening\",                             \"Evening\"                         ]                     ]                 },                 \"type\": \"bid\",                 \"bid_options\": {                     \"min_per_unit\": 430.5,                     \"name\": \"Bid Price\",                     \"item\": {                         \"max\": 500,                         \"min\": 400,                         \"label\": \"Per plate\"                     },                     \"quantity\": {                         \"max\": 1500,                         \"min\": {                             \"message\": \"Book for least 50 people\",                             \"value\": 50                         },                         \"label\": \"Persons\"                     }                 }             }','2014-11-10',NULL,'morning','book',NULL),(31,'c2v','msf','2015-07-13 12:01:06',86,18,'','200',3,'{                 \"quoted\": {                     \"name\": \"Package\",                     \"value\": \"450 Rs per plate minimum 100 persons required\"                 },                 \"package\": {                     \"name\": \"Package\",                     \"value\": \"500 Rs per plate minimum 100 persons required\"                 },                 \"text\": \"Some terms and conditions text at the end\",                 \"button\": \"BID\",                 \"event_date\": 1,                 \"time_slot\": {                     \"name\": \"Time Slot\",                     \"value\": [                         [                             \"morning\",                             \"Morning\"                         ],                         [                             \"evening\",                             \"Evening\"                         ]                     ]                 },                 \"type\": \"bid\",                 \"bid_options\": {                     \"min_per_unit\": 430.5,                     \"name\": \"Bid Price\",                     \"item\": {                         \"max\": 500,                         \"min\": 400,                         \"label\": \"Per plate\"                     },                     \"quantity\": {                         \"max\": 1500,                         \"min\": {                             \"message\": \"Book for least 50 people\",                             \"value\": 50                         },                         \"label\": \"Persons\"                     }                 }             }','2014-11-10',NULL,'morning','book',NULL),(32,'c2v','msf','2015-07-13 12:01:06',86,18,'','200',3,'{                 \"quoted\": {                     \"name\": \"Package\",                     \"value\": \"450 Rs per plate minimum 100 persons required\"                 },                 \"package\": {                     \"name\": \"Package\",                     \"value\": \"500 Rs per plate minimum 100 persons required\"                 },                 \"text\": \"Some terms and conditions text at the end\",                 \"button\": \"BID\",                 \"event_date\": 1,                 \"time_slot\": {                     \"name\": \"Time Slot\",                     \"value\": [                         [                             \"morning\",                             \"Morning\"                         ],                         [                             \"evening\",                             \"Evening\"                         ]                     ]                 },                 \"type\": \"bid\",                 \"bid_options\": {                     \"min_per_unit\": 430.5,                     \"name\": \"Bid Price\",                     \"item\": {                         \"max\": 500,                         \"min\": 400,                         \"label\": \"Per plate\"                     },                     \"quantity\": {                         \"max\": 1500,                         \"min\": {                             \"message\": \"Book for least 50 people\",                             \"value\": 50                         },                         \"label\": \"Persons\"                     }                 }             }','2014-11-10',NULL,'morning','book',NULL),(33,'c2v','he','2015-07-18 12:33:58',89,30,'','',0,'',NULL,NULL,NULL,'message',NULL),(34,'c2v','hey ','2015-07-18 12:39:14',89,30,'','',0,'',NULL,NULL,NULL,'message',NULL),(35,'c2v','hey ','2015-07-18 12:39:15',89,30,'','',0,'',NULL,NULL,NULL,'message',NULL),(36,'v2c','hey ','2015-07-18 12:55:51',86,30,'','',0,'',NULL,NULL,NULL,'message',NULL),(37,'v2c','hhh ','2015-07-18 13:06:16',86,30,'','',0,'',NULL,NULL,NULL,'message',NULL),(38,'v2c','bsnsnnsnsns','2015-07-18 13:06:26',86,30,'','',0,'',NULL,NULL,NULL,'message',NULL),(39,'v2c','jemman','2015-07-18 14:22:44',89,32,'','',0,'',NULL,NULL,NULL,'message',NULL),(40,'c2v','posting bid','2015-07-18 14:36:52',86,18,'{\n  \"quoted\" : {\n    \"name\" : \"Package\",\n    \"value\" : \"450 Rs per plate minimum 100 persons required\"\n  },\n  \"button\" : \"BID\",\n  \"time_slot\" : {\n    \"name\" : \"Time Slot\",\n    \"value\" : [\n      [\n        \"morning\",\n        \"Morning\"\n      ],\n      [\n        \"evening\",\n        \"Evening\"\n      ]\n    ]\n  },\n  \"package\" : {\n    \"name\" : \"Package\",\n    \"value\" : \"500 Rs per plate minimum 100 persons required\"\n  },\n  \"text\" : \"Some terms and conditions text at the end\",\n  \"type\" : \"bid\",\n  \"bid_options\" : {\n    \"quantity\" : {\n      \"max\" : 1500,\n      \"min\" : {\n        \"message\" : \"Book for least 50 people\",\n        \"value\" : 50\n      },\n      \"label\" : \"Persons\"\n    },\n    \"min_per_unit\" : 430.5,\n    \"name\" : \"Bid Price\",\n    \"item\" : {\n      \"max\" : 500,\n      \"min\" : 400,\n      \"label\" : \"Per plate\"\n    }\n  },\n  \"event_date\" : 1\n}','400',300,'','2015-12-12',NULL,'evening','bid',NULL),(41,'c2v','posting bid','2015-07-18 14:40:04',86,19,'{\n  \"quoted\" : {\n    \"name\" : \"Package\",\n    \"value\" : \"450 Rs per plate minimum 100 persons required\"\n  },\n  \"button\" : \"BID\",\n  \"time_slot\" : {\n    \"name\" : \"Time Slot\",\n    \"value\" : [\n      [\n        \"morning\",\n        \"Morning\"\n      ],\n      [\n        \"evening\",\n        \"Evening\"\n      ]\n    ]\n  },\n  \"package\" : {\n    \"name\" : \"Package\",\n    \"value\" : \"500 Rs per plate minimum 100 persons required\"\n  },\n  \"text\" : \"Some terms and conditions text at the end\",\n  \"type\" : \"bid\",\n  \"bid_options\" : {\n    \"quantity\" : {\n      \"max\" : 1500,\n      \"min\" : {\n        \"message\" : \"Book for least 50 people\",\n        \"value\" : 50\n      },\n      \"label\" : \"Persons\"\n    },\n    \"min_per_unit\" : 430.5,\n    \"name\" : \"Bid Price\",\n    \"item\" : {\n      \"max\" : 500,\n      \"min\" : 400,\n      \"label\" : \"Per plate\"\n    }\n  },\n  \"event_date\" : 1\n}','444',555,'','2015-12-12','0','morning','bid',NULL),(42,'c2v','Bid by customer','2015-07-18 18:08:02',89,19,'{\"item\":{\"label\":\"Per plate\",\"max\":500,\"min\":400},\"quantity\":{\"label\":\"Persons\",\"min\":{\"message\":\"Book for least 50 people\",\"value\":50},\"max\":1500},\"name\":\"Bid Price\",\"min_per_unit\":430.5}','400',12,'','2015-07-18',NULL,'Morning','bid',NULL),(43,'c2v','New Booking by customer','2015-07-18 18:08:42',89,19,'','',0,'null','2015-07-18',NULL,'Morning','book',NULL),(44,'c2v','hey ','2015-07-18 19:26:37',89,19,'','',0,'',NULL,NULL,NULL,'message',NULL),(45,'c2v','test','2015-07-18 19:26:43',89,19,'','',0,'',NULL,NULL,NULL,'message',NULL),(46,'c2v','posting bid','2015-07-18 20:36:25',86,18,'{\n  \"quoted\" : {\n    \"name\" : \"Package\",\n    \"value\" : \"450 Rs per plate minimum 100 persons required\"\n  },\n  \"button\" : \"BID\",\n  \"time_slot\" : {\n    \"name\" : \"Time Slot\",\n    \"value\" : [\n      [\n        \"morning\",\n        \"Morning\"\n      ],\n      [\n        \"evening\",\n        \"Evening\"\n      ]\n    ]\n  },\n  \"package\" : {\n    \"name\" : \"Package\",\n    \"value\" : \"500 Rs per plate minimum 100 persons required\"\n  },\n  \"text\" : \"Some terms and conditions text at the end\",\n  \"type\" : \"bid\",\n  \"bid_options\" : {\n    \"quantity\" : {\n      \"max\" : 1500,\n      \"min\" : {\n        \"message\" : \"Book for least 50 people\",\n        \"value\" : 50\n      },\n      \"label\" : \"Persons\"\n    },\n    \"min_per_unit\" : 430.5,\n    \"name\" : \"Bid Price\",\n    \"item\" : {\n      \"max\" : 500,\n      \"min\" : 400,\n      \"label\" : \"Per plate\"\n    }\n  },\n  \"event_date\" : 1\n}','444',777,'','2015-12-12',NULL,'morning','bid',NULL),(47,'c2v','posting bid','2015-07-18 20:37:40',86,18,'{\n  \"quoted\" : {\n    \"name\" : \"Package\",\n    \"value\" : \"450 Rs per plate minimum 100 persons required\"\n  },\n  \"button\" : \"BID\",\n  \"time_slot\" : {\n    \"name\" : \"Time Slot\",\n    \"value\" : [\n      [\n        \"morning\",\n        \"Morning\"\n      ],\n      [\n        \"evening\",\n        \"Evening\"\n      ]\n    ]\n  },\n  \"package\" : {\n    \"name\" : \"Package\",\n    \"value\" : \"500 Rs per plate minimum 100 persons required\"\n  },\n  \"text\" : \"Some terms and conditions text at the end\",\n  \"type\" : \"bid\",\n  \"bid_options\" : {\n    \"quantity\" : {\n      \"max\" : 1500,\n      \"min\" : {\n        \"message\" : \"Book for least 50 people\",\n        \"value\" : 50\n      },\n      \"label\" : \"Persons\"\n    },\n    \"min_per_unit\" : 430.5,\n    \"name\" : \"Bid Price\",\n    \"item\" : {\n      \"max\" : 500,\n      \"min\" : 400,\n      \"label\" : \"Per plate\"\n    }\n  },\n  \"event_date\" : 1\n}','444',555,'','2015-12-12',NULL,'morning','bid',NULL),(48,'c2v','posting bid','2015-07-18 20:42:32',86,18,'{\n  \"quoted\" : {\n    \"name\" : \"Package\",\n    \"value\" : \"450 Rs per plate minimum 100 persons required\"\n  },\n  \"button\" : \"BID\",\n  \"time_slot\" : {\n    \"name\" : \"Time Slot\",\n    \"value\" : [\n      [\n        \"morning\",\n        \"Morning\"\n      ],\n      [\n        \"evening\",\n        \"Evening\"\n      ]\n    ]\n  },\n  \"package\" : {\n    \"name\" : \"Package\",\n    \"value\" : \"500 Rs per plate minimum 100 persons required\"\n  },\n  \"text\" : \"Some terms and conditions text at the end\",\n  \"type\" : \"bid\",\n  \"bid_options\" : {\n    \"quantity\" : {\n      \"max\" : 1500,\n      \"min\" : {\n        \"message\" : \"Book for least 50 people\",\n        \"value\" : 50\n      },\n      \"label\" : \"Persons\"\n    },\n    \"min_per_unit\" : 430.5,\n    \"name\" : \"Bid Price\",\n    \"item\" : {\n      \"max\" : 500,\n      \"min\" : 400,\n      \"label\" : \"Per plate\"\n    }\n  },\n  \"event_date\" : 1\n}','444',444,'','2015-12-18',NULL,'morning','bid',NULL),(49,'c2v','posting bid','2015-07-18 20:47:28',86,18,'{\n  \"quoted\" : {\n    \"name\" : \"Package\",\n    \"value\" : \"450 Rs per plate minimum 100 persons required\"\n  },\n  \"button\" : \"BID\",\n  \"time_slot\" : {\n    \"name\" : \"Time Slot\",\n    \"value\" : [\n      [\n        \"morning\",\n        \"Morning\"\n      ],\n      [\n        \"evening\",\n        \"Evening\"\n      ]\n    ]\n  },\n  \"package\" : {\n    \"name\" : \"Package\",\n    \"value\" : \"500 Rs per plate minimum 100 persons required\"\n  },\n  \"text\" : \"Some terms and conditions text at the end\",\n  \"type\" : \"bid\",\n  \"bid_options\" : {\n    \"quantity\" : {\n      \"max\" : 1500,\n      \"min\" : {\n        \"message\" : \"Book for least 50 people\",\n        \"value\" : 50\n      },\n      \"label\" : \"Persons\"\n    },\n    \"min_per_unit\" : 430.5,\n    \"name\" : \"Bid Price\",\n    \"item\" : {\n      \"max\" : 500,\n      \"min\" : 400,\n      \"label\" : \"Per plate\"\n    }\n  },\n  \"event_date\" : 1\n}','444',444,'','2015-12-20',NULL,'morning','bid',NULL),(50,'c2v','New Booking by customer','2015-07-19 12:23:54',89,19,'','',0,'null','2015-07-19','0','Morning','book',NULL),(51,'c2v','hi this is dharam and sam','2015-07-19 13:04:19',93,19,'','',0,'',NULL,NULL,NULL,'message',NULL),(52,'c2v','Bid by customer','2015-07-19 13:22:48',93,19,'{\"item\":{\"label\":\"Per plate\",\"max\":500,\"min\":400},\"quantity\":{\"label\":\"Persons\",\"min\":{\"message\":\"Book for least 50 people\",\"value\":50},\"max\":1500},\"name\":\"Bid Price\",\"min_per_unit\":430.5}','475',12,'','2015-11-28',NULL,'Evening','bid',NULL),(53,'c2v','New Booking by customer','2015-07-19 13:28:31',93,19,'','',0,'null','2015-07-19',NULL,'Morning','book',NULL),(54,'c2v','New Booking by customer','2015-07-19 13:33:56',93,19,'','',0,'null','2015-11-18','0','Morning','book',NULL),(55,'v2c','hi','2015-07-19 14:24:29',89,19,'','',0,'',NULL,NULL,NULL,'message',NULL),(56,'v2c','okay','2015-07-19 14:24:36',89,19,'','',0,'',NULL,NULL,NULL,'message',NULL),(57,'c2v','hey','2015-07-19 14:29:11',93,19,'','',0,'',NULL,NULL,NULL,'message',NULL),(58,'v2c','gag','2015-07-19 14:30:06',89,19,'','',0,'',NULL,NULL,NULL,'message',NULL),(59,'v2c','gag','2015-07-19 14:30:14',89,19,'','',0,'',NULL,NULL,NULL,'message',NULL),(60,'c2v','testtttt','2015-07-19 14:31:36',93,19,'','',0,'',NULL,NULL,NULL,'message',NULL),(61,'v2c','ff','2015-07-19 14:32:37',89,19,'','',0,'',NULL,NULL,NULL,'message',NULL),(62,'v2c','he\'ll go there','2015-07-19 14:36:24',89,19,'','',0,'',NULL,NULL,NULL,'message',NULL),(63,'c2v','gfds','2015-07-19 14:49:11',89,19,'','',0,'',NULL,NULL,NULL,'message',NULL),(64,'c2v','ok','2015-07-19 14:50:05',89,30,'','',0,'',NULL,NULL,NULL,'message',NULL),(65,'v2c','damn sure','2015-07-19 14:50:48',89,19,'','',0,'',NULL,NULL,NULL,'message',NULL),(66,'c2v','ok','2015-07-19 14:51:44',89,19,'','',0,'',NULL,NULL,NULL,'message',NULL),(67,'v2c','best ','2015-07-19 14:52:12',89,19,'','',0,'',NULL,NULL,NULL,'message',NULL),(68,'c2v','Bid by customer','2015-07-19 14:56:18',89,19,'{\"item\":{\"label\":\"Per plate\",\"max\":500,\"min\":400},\"quantity\":{\"label\":\"Persons\",\"min\":{\"message\":\"Book for least 50 people\",\"value\":50},\"max\":1500},\"name\":\"Bid Price\",\"min_per_unit\":430.5}','400',12,'','2015-09-20','0','Evening','bid',NULL),(69,'c2v','Hello','2015-07-19 15:06:33',86,18,'','',0,'',NULL,NULL,NULL,'message',NULL),(70,'v2c','okay','2015-07-19 15:07:41',86,18,'','',0,'',NULL,NULL,NULL,'message',NULL),(71,'v2c','ik','2015-07-19 15:07:52',86,18,'','',0,'',NULL,NULL,NULL,'message',NULL),(72,'c2v','hii','2015-07-19 15:08:05',86,18,'','',0,'',NULL,NULL,NULL,'message',NULL),(73,'c2v','posting bid','2015-07-19 15:16:06',86,18,'{\n  \"quoted\" : {\n    \"name\" : \"Package\",\n    \"value\" : \"450 Rs per plate minimum 100 persons required\"\n  },\n  \"button\" : \"BID\",\n  \"time_slot\" : {\n    \"name\" : \"Time Slot\",\n    \"value\" : [\n      [\n        \"morning\",\n        \"Morning\"\n      ],\n      [\n        \"evening\",\n        \"Evening\"\n      ]\n    ]\n  },\n  \"package\" : {\n    \"value\" : \"500 Rs per plate minimum 100 persons required\",\n    \"package_list\" : {\n      \"veg_package_2\" : {\n        \"select_val\" : \"Veg Pakackage 2\",\n        \"description\" : \"Description about veg package 2\"\n      },\n      \"veg_package_1\" : {\n        \"select_val\" : \"Veg Pakackage 1\",\n        \"description\" : \"Description about veg package 1\"\n      }\n    },\n    \"name\" : \"Package\",\n    \"package_order\" : [\n      \"veg_package_1\",\n      \"veg_package_2\"\n    ]\n  },\n  \"text\" : \"Some terms and conditions text at the end\",\n  \"flexible_date\" : \"Flexible Date\",\n  \"type\" : \"bid\",\n  \"event_date\" : \"Event Date\",\n  \"bid_options\" : {\n    \"quantity\" : {\n      \"max\" : 1500,\n      \"min\" : {\n        \"message\" : \"Book for least 50 people\",\n        \"value\" : 50\n      },\n      \"label\" : \"Persons\"\n    },\n    \"min_per_unit\" : 430.5,\n    \"name\" : \"Bid Price\",\n    \"item\" : {\n      \"max\" : 500,\n      \"min\" : 400,\n      \"label\" : \"Per plate\"\n    }\n  }\n}','444',444,'','2015-07-17',NULL,'morning','bid',NULL),(74,'c2v','hey ','2015-07-19 15:22:48',86,18,'','',0,'',NULL,NULL,NULL,'message',NULL),(75,'c2v','uuuuu','2015-07-19 15:30:06',86,18,'','',0,'',NULL,NULL,NULL,'message',NULL),(76,'c2v','yeyeyye','2015-07-19 15:37:21',86,18,'','',0,'',NULL,NULL,NULL,'message',NULL),(77,'v2c','jkl','2015-07-19 15:38:03',86,18,'','',0,'',NULL,NULL,NULL,'message',NULL),(78,'c2v','otyyytt','2015-07-19 15:39:21',86,18,'','',0,'',NULL,NULL,NULL,'message',NULL),(79,'v2c','yes','2015-07-19 15:45:09',86,19,'','',0,'',NULL,NULL,NULL,'message',NULL),(80,'v2c','yes','2015-07-19 15:45:10',86,19,'','',0,'',NULL,NULL,NULL,'message',NULL),(81,'v2c','tyyuuuyu','2015-07-19 15:45:27',89,19,'','',0,'',NULL,NULL,NULL,'message',NULL),(82,'c2v','Family','2015-07-19 15:48:05',86,18,'','',0,'',NULL,NULL,NULL,'message',NULL),(83,'c2v','igkgigigig','2015-07-19 15:49:23',86,18,'','',0,'',NULL,NULL,NULL,'message',NULL),(84,'c2v','fyfdhxh','2015-07-19 15:50:20',86,18,'','',0,'',NULL,NULL,NULL,'message',NULL),(85,'v2c','heheh','2015-07-19 15:58:05',89,19,'','',0,'',NULL,NULL,NULL,'message',NULL),(86,'v2c','sjsjjsjs','2015-07-19 15:58:17',89,19,'','',0,'',NULL,NULL,NULL,'message',NULL),(87,'v2c','hhjj','2015-07-19 16:02:16',89,19,'','',0,'',NULL,NULL,NULL,'message',NULL),(88,'v2c','tttt','2015-07-19 16:02:27',89,19,'','',0,'',NULL,NULL,NULL,'message',NULL),(89,'c2v',' heyyy yes','2015-07-19 16:03:15',86,18,'','',0,'',NULL,NULL,NULL,'message',NULL),(90,'c2v',' heyyy yes','2015-07-19 16:03:16',86,18,'','',0,'',NULL,NULL,NULL,'message',NULL),(91,'c2v','sjsjksksk','2015-07-19 16:03:20',86,18,'','',0,'',NULL,NULL,NULL,'message',NULL),(92,'c2v','jekeke','2015-07-19 16:03:23',86,18,'','',0,'',NULL,NULL,NULL,'message',NULL),(93,'v2c','ghjkl','2015-07-19 16:09:11',86,18,'','',0,'',NULL,NULL,NULL,'message',NULL),(94,'v2c','ghjkl','2015-07-19 16:09:14',86,18,'','',0,'',NULL,NULL,NULL,'message',NULL),(95,'c2v','kjjjjj','2015-07-19 16:09:40',86,18,'','',0,'',NULL,NULL,NULL,'message',NULL),(96,'c2v','yyyuu','2015-07-19 16:10:09',86,18,'','',0,'',NULL,NULL,NULL,'message',NULL),(97,'c2v','hhhjjj','2015-07-19 16:10:22',86,18,'','',0,'',NULL,NULL,NULL,'message',NULL),(98,'v2c','uuuuui','2015-07-19 16:12:01',89,19,'','',0,'',NULL,NULL,NULL,'message',NULL),(99,'v2c','hui','2015-07-19 16:12:17',86,19,'','',0,'',NULL,NULL,NULL,'message',NULL),(100,'v2c','jj','2015-07-19 16:12:20',86,19,'','',0,'',NULL,NULL,NULL,'message',NULL),(101,'c2v','New Booking by customer','2015-07-19 16:14:44',86,19,'','',0,'null','2015-07-19',NULL,'Morning','book',NULL),(102,'c2v','New Booking by customer','2015-07-19 16:14:59',86,19,'','',0,'null','2015-07-24','0','Morning','book',NULL),(103,'c2v','hi','2015-07-19 17:14:27',86,21,'','',0,'',NULL,NULL,NULL,'message',NULL),(104,'c2v','uuu','2015-07-19 17:14:30',86,21,'','',0,'',NULL,NULL,NULL,'message',NULL),(105,'c2v',' done','2015-07-19 17:27:01',86,18,'','',0,'',NULL,NULL,NULL,'message',NULL),(106,'v2c','hone','2015-07-19 17:27:31',86,18,'','',0,'',NULL,NULL,NULL,'message',NULL),(107,'c2v','Bid by customer','2015-07-19 17:28:17',86,18,'{\"item\":{\"label\":\"Per plate\",\"max\":500,\"min\":400},\"quantity\":{\"label\":\"Persons\",\"min\":{\"message\":\"Book for least 50 people\",\"value\":50},\"max\":1500},\"name\":\"Bid Price\",\"min_per_unit\":430.5}','480',12,'','2015-07-19',NULL,'Morning','bid',NULL),(108,'c2v','Bid by customer','2015-07-19 17:29:56',86,18,'{\"item\":{\"label\":\"Per plate\",\"max\":500,\"min\":400},\"quantity\":{\"label\":\"Persons\",\"min\":{\"message\":\"Book for least 50 people\",\"value\":50},\"max\":1500},\"name\":\"Bid Price\",\"min_per_unit\":430.5}','480',12,'','2015-08-25',NULL,'Morning','bid',NULL),(109,'c2v','New Booking by customer','2015-07-19 17:30:41',86,18,'','',0,'null','2015-11-20','1','Morning','book',NULL),(110,'c2v','Message rrom Nishaane ','2015-07-19 18:11:39',86,18,'','',0,'',NULL,NULL,NULL,'message',NULL),(111,'v2c','ok check','2015-07-19 18:12:17',86,18,'','',0,'',NULL,NULL,NULL,'message',NULL),(112,'c2v','Bid by customer','2015-07-19 18:13:40',86,18,'{\"item\":{\"label\":\"Per plate\",\"max\":500,\"min\":400},\"quantity\":{\"label\":\"Persons\",\"min\":{\"message\":\"Book for least 50 people\",\"value\":50},\"max\":1500},\"name\":\"Bid Price\",\"min_per_unit\":430.5}','489',12,'','2015-12-31','0','Morning','bid',NULL),(113,'c2v','New Booking by customer','2015-07-19 18:22:12',86,18,'','',0,'null','2015-10-02','0','Morning','book',NULL),(114,'c2v','Bid by customer','2015-07-19 19:56:43',86,21,'{\"item\":{\"label\":\"Per plate\",\"max\":500,\"min\":400},\"quantity\":{\"label\":\"Persons\",\"min\":{\"message\":\"Book for least 50 people\",\"value\":50},\"max\":1500},\"name\":\"Bid Price\",\"min_per_unit\":430.5}','500',12,'','2015-07-20','1','Morning','bid',NULL),(115,'c2v','bxb','2015-07-19 19:59:02',86,21,'','',0,'',NULL,NULL,NULL,'message',NULL),(116,'c2v','bxb','2015-07-19 19:59:03',86,21,'','',0,'',NULL,NULL,NULL,'message',NULL),(117,'c2v','from ios','2015-07-19 20:52:06',86,18,'','',0,'',NULL,NULL,NULL,'message',NULL),(118,'v2c','test ','2015-07-21 18:11:20',89,30,'','',0,'',NULL,NULL,NULL,'message',NULL),(119,'v2c','hhh','2015-07-21 18:11:23',89,30,'','',0,'',NULL,NULL,NULL,'message',NULL),(120,'v2c','bbnh','2015-07-21 18:11:25',89,30,'','',0,'',NULL,NULL,NULL,'message',NULL),(121,'v2c','kooo ','2015-07-21 18:11:28',89,30,'','',0,'',NULL,NULL,NULL,'message',NULL),(122,'v2c','yyygg','2015-07-21 18:11:31',89,30,'','',0,'',NULL,NULL,NULL,'message',NULL),(123,'v2c','ffggg','2015-07-21 18:11:34',89,30,'','',0,'',NULL,NULL,NULL,'message',NULL),(124,'c2v','  this is done\n','2015-07-21 19:45:55',86,18,'','',0,'',NULL,NULL,NULL,'message',NULL),(125,'c2v','asdasdmnabsdkjhbaskhjdfbaskjhdbfkjahsdfbkjhsdbfjhkasdbfkjhasdbfjkhsadbfjkhasdbfjkhasdfbjkhsdfbkjhasdbfkjhasdbfjkhasdbfkjhsadbfjkhasdbfkjhasdbfkjhasdbfjkhasdbfkjhasdbfkjhsadbfkjhsdbfkjhsadbfkjh','2015-07-21 19:56:59',86,18,'','',0,'',NULL,NULL,NULL,'message',NULL),(126,'v2c','ji','2015-07-22 18:40:12',86,30,'','',0,'',NULL,NULL,NULL,'message',NULL),(127,'v2c','yyy ','2015-07-22 18:44:36',89,30,'','',0,'',NULL,NULL,NULL,'message',NULL),(128,'v2c','some message ','2015-07-23 19:51:16',97,18,'','',0,'{                                                            \"event_date\": 1,                                                            \"time_slot\": {                                                                          \"name\": \"Time Slot\",                                                                          \"value\": [                                                                                    [                                                                                     \"morning\",                                                                                     \"Morning\"                                                                                     ],                                                                                    [                                                                                     \"evening\",                                                                                     \"Evening\"                                                                                     ]                                                                                    ]                                                                          }','2014-11-10','1','','book','1'),(129,'c2v','shiv','2015-07-24 22:45:30',86,18,'','',0,'',NULL,NULL,'','message','0'),(130,'c2v','asd','2015-07-24 22:47:11',86,18,'','',0,'',NULL,NULL,'','message','0'),(131,'v2c','Hi','2015-07-24 23:33:19',86,18,'','',0,'',NULL,NULL,'','message','0'),(132,'c2v','posting bid','2015-07-25 07:50:52',108,18,'{\n  \"quoted\" : {\n    \"name\" : \"Package\",\n    \"value\" : \"450 Rs per plate minimum 100 persons required\"\n  },\n  \"button\" : \"BID\",\n  \"time_slot\" : {\n    \"name\" : \"Time Slot\",\n    \"value\" : [\n      [\n        \"morning\",\n        \"Morning\"\n      ],\n      [\n        \"evening\",\n        \"Evening\"\n      ]\n    ]\n  },\n  \"package\" : {\n    \"value\" : \"500 Rs per plate minimum 100 persons required\",\n    \"package_list\" : {\n      \"veg_package_2\" : {\n        \"select_val\" : \"Veg Pakackage 2\",\n        \"description\" : \"Description about veg package 2\"\n      },\n      \"veg_package_1\" : {\n        \"select_val\" : \"Veg Pakackage 1\",\n        \"description\" : \"Description about veg package 1\"\n      }\n    },\n    \"name\" : \"Package\",\n    \"package_order\" : [\n      \"veg_package_1\",\n      \"veg_package_2\"\n    ]\n  },\n  \"text\" : \"Some terms and conditions text at the end\",\n  \"flexible_date\" : \"Flexible Date\",\n  \"type\" : \"bid\",\n  \"event_date\" : \"Event Date\",\n  \"bid_options\" : {\n    \"quantity\" : {\n      \"max\" : 1500,\n      \"min\" : {\n        \"message\" : \"Book for least 50 people\",\n        \"value\" : 50\n      },\n      \"label\" : \"Persons\"\n    },\n    \"min_per_unit\" : 430.5,\n    \"name\" : \"Bid Price\",\n    \"item\" : {\n      \"max\" : 500,\n      \"min\" : 400,\n      \"label\" : \"Per plate\"\n    }\n  }\n}','456',456,'','2016-07-25','0','morning','bid','0'),(133,'c2v','hiii','2015-07-25 16:00:38',86,18,'','',0,'',NULL,NULL,'','message','0'),(134,'c2v','het','2015-07-25 16:01:10',86,18,'','',0,'',NULL,NULL,'','message','0'),(135,'c2v','hello','2015-07-25 16:01:18',86,18,'','',0,'',NULL,NULL,'','message','0'),(136,'v2c','hello','2015-07-25 17:31:53',86,18,'','',0,'',NULL,NULL,NULL,'message','0'),(137,'v2c','how r u','2015-07-25 17:32:08',86,18,'','',0,'',NULL,NULL,NULL,'message','0'),(138,'v2c','g','2015-07-25 17:32:46',86,18,'','',0,'',NULL,NULL,NULL,'message','0'),(139,'v2c','test','2015-07-25 17:32:53',86,18,'','',0,'',NULL,NULL,NULL,'message','0'),(140,'v2c','testing','2015-07-25 17:34:41',86,18,'','',0,'',NULL,NULL,NULL,'message','0'),(141,'v2c','hiii','2015-07-25 17:37:30',86,18,'','',0,'',NULL,NULL,NULL,'message','0'),(142,'v2c','hiii','2015-07-25 17:37:47',86,18,'','',0,'',NULL,NULL,NULL,'message','0'),(143,'v2c','hiii','2015-07-25 17:37:48',86,18,'','',0,'',NULL,NULL,NULL,'message','0'),(144,'v2c','hii','2015-07-25 17:38:49',86,18,'','',0,'',NULL,NULL,NULL,'message','0'),(145,'v2c','test','2015-07-25 17:41:18',86,18,'','',0,'',NULL,NULL,NULL,'message','0'),(146,'v2c','test','2015-07-25 17:41:20',86,18,'','',0,'',NULL,NULL,NULL,'message','0'),(147,'v2c','dear','2015-07-25 17:41:47',86,18,'','',0,'',NULL,NULL,NULL,'message','0'),(148,'v2c','hhh','2015-07-25 17:42:17',86,18,'','',0,'',NULL,NULL,NULL,'message','0'),(149,'v2c','hey man you rock ','2015-07-25 17:42:34',86,18,'','',0,'',NULL,NULL,NULL,'message','0'),(150,'v2c','kyun','2015-07-25 17:42:53',86,18,'','',0,'',NULL,NULL,NULL,'message','0'),(151,'v2c','kyun','2015-07-25 17:42:54',86,18,'','',0,'',NULL,NULL,NULL,'message','0'),(152,'v2c','kk','2015-07-25 17:43:21',86,18,'','',0,'',NULL,NULL,NULL,'message','0'),(153,'v2c','kk','2015-07-25 17:43:22',86,18,'','',0,'',NULL,NULL,NULL,'message','0'),(154,'c2v','jhj','2015-07-25 17:44:30',86,18,'','',0,'',NULL,NULL,'','message','0'),(155,'c2v','jg','2015-07-25 17:46:05',86,18,'','',0,'',NULL,NULL,'','message','0'),(156,'v2c','jj','2015-07-25 17:46:12',86,18,'','',0,'',NULL,NULL,NULL,'message','0'),(157,'c2v','kjk','2015-07-25 17:46:37',86,18,'','',0,'',NULL,NULL,'','message','0'),(158,'c2v','huo','2015-07-25 17:46:41',86,18,'','',0,'',NULL,NULL,'','message','0'),(159,'c2v','kbhj','2015-07-25 17:46:45',86,18,'','',0,'',NULL,NULL,'','message','0'),(160,'c2v','uig','2015-07-25 17:46:49',86,18,'','',0,'',NULL,NULL,'','message','0'),(161,'v2c','hxj','2015-07-25 17:47:56',86,18,'','',0,'',NULL,NULL,NULL,'message','0'),(162,'v2c','hxj','2015-07-25 17:47:57',86,18,'','',0,'',NULL,NULL,NULL,'message','0'),(163,'v2c','hii','2015-07-25 20:23:19',86,18,'','',0,'',NULL,NULL,'','message','0'),(164,'v2c','you','2015-07-25 20:23:42',86,18,'','',0,'',NULL,NULL,'','message','0'),(165,'v2c','hey','2015-07-25 20:24:06',86,18,'','',0,'',NULL,NULL,NULL,'message','0'),(166,'v2c','hi deepak','2015-07-25 20:24:42',86,18,'','',0,'',NULL,NULL,NULL,'message','0'),(167,'v2c','hey','2015-07-25 20:48:36',86,18,'','',0,'',NULL,NULL,NULL,'message','0'),(168,'v2c','fhkl','2015-07-25 20:54:56',86,18,'','',0,'',NULL,NULL,NULL,'message','0'),(169,'c2v','posting bid','2015-07-25 21:06:20',86,18,'{\n  \"quoted\" : {\n    \"name\" : \"Package\",\n    \"value\" : \"450 Rs per plate minimum 100 persons required\"\n  },\n  \"button\" : \"BID\",\n  \"time_slot\" : {\n    \"name\" : \"Time Slot\",\n    \"value\" : [\n      [\n        \"morning\",\n        \"Morning\"\n      ],\n      [\n        \"evening\",\n        \"Evening\"\n      ]\n    ]\n  },\n  \"package\" : {\n    \"value\" : \"500 Rs per plate minimum 100 persons required\",\n    \"package_list\" : {\n      \"veg_package_2\" : {\n        \"select_val\" : \"Veg Pakackage 2\",\n        \"description\" : \"Description about veg package 2\"\n      },\n      \"veg_package_1\" : {\n        \"select_val\" : \"Veg Pakackage 1\",\n        \"description\" : \"Description about veg package 1\"\n      }\n    },\n    \"name\" : \"Package\",\n    \"package_order\" : [\n      \"veg_package_1\",\n      \"veg_package_2\"\n    ]\n  },\n  \"text\" : \"Some terms and conditions text at the end\",\n  \"flexible_date\" : \"Flexible Date\",\n  \"type\" : \"bid\",\n  \"event_date\" : \"1\",\n  \"bid_options\" : {\n    \"quantity\" : {\n      \"max\" : 1500,\n      \"min\" : {\n        \"message\" : \"Book for least 50 people\",\n        \"value\" : 50\n      },\n      \"label\" : \"Persons\"\n    },\n    \"min_per_unit\" : 430.5,\n    \"name\" : \"Bid Price\",\n    \"item\" : {\n      \"max\" : 500,\n      \"min\" : 400,\n      \"label\" : \"Per plate\"\n    }\n  }\n}','488',488,'','2015-10-26','1','morning','bid','0'),(170,'c2v','Hii','2015-07-25 21:21:48',86,18,'','',0,'',NULL,NULL,'','message','0'),(171,'v2c','Hi back to you','2015-07-25 21:22:05',86,18,'','',0,'',NULL,NULL,'','message','0'),(172,'v2c','hes','2015-07-25 21:22:22',86,18,'','',0,'',NULL,NULL,NULL,'message','0'),(173,'v2c','yhhh','2015-07-25 21:22:39',86,18,'','',0,'',NULL,NULL,NULL,'message','0'),(174,'v2c','test','2015-07-25 21:23:05',86,18,'','',0,'',NULL,NULL,NULL,'message','0'),(175,'v2c','Dharam is typing','2015-07-25 21:23:18',86,18,'','',0,'',NULL,NULL,'','message','0'),(176,'c2v','bbhb','2015-07-25 21:23:35',86,18,'','',0,'',NULL,NULL,'','message','0'),(177,'c2v','gyyy','2015-07-25 21:24:10',86,18,'','',0,'',NULL,NULL,'','message','0'),(178,'v2c','hi','2015-07-26 10:55:56',86,18,'','',0,'',NULL,NULL,NULL,'message','0'),(179,'c2v','Bid by customer','2015-07-26 12:28:51',86,18,'{\"item\":{\"label\":\"Per plate\",\"max\":500,\"min\":400},\"min_per_unit\":430.5,\"name\":\"Bid Price\",\"quantity\":{\"label\":\"Persons\",\"max\":1500,\"min\":{\"message\":\"Book for least 50 people\",\"value\":50}}}','400',12,'','2015-07-26',NULL,'Morning','bid','0'),(180,'c2v','Bid by customer','2015-07-26 12:30:56',86,18,'{\"item\":{\"label\":\"Per plate\",\"max\":500,\"min\":400},\"min_per_unit\":430.5,\"name\":\"Bid Price\",\"quantity\":{\"label\":\"Persons\",\"max\":1500,\"min\":{\"message\":\"Book for least 50 people\",\"value\":50}}}','400',12,'','2015-07-31','0','Morning','bid','0'),(181,'c2v','Bid by customer','2015-07-26 12:32:38',86,18,'{\"item\":{\"label\":\"Per plate\",\"max\":500,\"min\":400},\"min_per_unit\":430.5,\"name\":\"Bid Price\",\"quantity\":{\"label\":\"Persons\",\"max\":1500,\"min\":{\"message\":\"Book for least 50 people\",\"value\":50}}}','400',12,'','2015-08-25','0','Morning','bid','0'),(182,'c2v','posting bid','2015-07-26 12:33:46',86,18,'{\n  \"quoted\" : {\n    \"name\" : \"Package\",\n    \"value\" : \"450 Rs per plate minimum 100 persons required\"\n  },\n  \"button\" : \"BID\",\n  \"time_slot\" : {\n    \"name\" : \"Time Slot\",\n    \"value\" : [\n      [\n        \"morning\",\n        \"Morning\"\n      ],\n      [\n        \"evening\",\n        \"Evening\"\n      ]\n    ]\n  },\n  \"package\" : {\n    \"value\" : \"500 Rs per plate minimum 100 persons required\",\n    \"package_list\" : {\n      \"veg_package_2\" : {\n        \"select_val\" : \"Veg Pakackage 2\",\n        \"description\" : \"Description about veg package 2\"\n      },\n      \"veg_package_1\" : {\n        \"select_val\" : \"Veg Pakackage 1\",\n        \"description\" : \"Description about veg package 1\"\n      }\n    },\n    \"name\" : \"Package\",\n    \"package_order\" : [\n      \"veg_package_1\",\n      \"veg_package_2\"\n    ]\n  },\n  \"text\" : \"Some terms and conditions text at the end\",\n  \"flexible_date\" : \"Flexible Date\",\n  \"type\" : \"bid\",\n  \"event_date\" : \"1\",\n  \"bid_options\" : {\n    \"quantity\" : {\n      \"max\" : 1500,\n      \"min\" : {\n        \"message\" : \"Book for least 50 people\",\n        \"value\" : 50\n      },\n      \"label\" : \"Persons\"\n    },\n    \"min_per_unit\" : 430.5,\n    \"name\" : \"Bid Price\",\n    \"item\" : {\n      \"max\" : 500,\n      \"min\" : 400,\n      \"label\" : \"Per plate\"\n    }\n  }\n}','444',444,'','2015-07-16',NULL,'morning','bid','0'),(183,'c2v','posting bid','2015-07-26 12:34:23',86,18,'{\n  \"package\" : {\n    \"value\" : \"500 Rs per plate minimum 100 persons required\",\n    \"package_list\" : {\n      \"veg_package_2\" : {\n        \"select_val\" : \"Veg Pakackage 2\",\n        \"description\" : \"Description about veg package 2\"\n      },\n      \"veg_package_1\" : {\n        \"select_val\" : \"Veg Pakackage 1\",\n        \"description\" : \"Description about veg package 1\"\n      }\n    },\n    \"name\" : \"Package\",\n    \"package_order\" : [\n      \"veg_package_1\",\n      \"veg_package_2\"\n    ]\n  },\n  \"event_date\" : 1,\n  \"button\" : \"BOOK\",\n  \"time_slot\" : {\n    \"name\" : \"Time Slot\",\n    \"value\" : [\n      [\n        \"morning\",\n        \"Morning\"\n      ],\n      [\n        \"evening\",\n        \"Evening\"\n      ]\n    ]\n  },\n  \"type\" : \"book\"\n}','',0,'','2015-07-23',NULL,'morning','bid','0'),(184,'c2v','Bid by customer','2015-07-26 13:24:57',86,18,'{\"item\":{\"label\":\"Per plate\",\"max\":500,\"min\":400},\"min_per_unit\":430.5,\"name\":\"Bid Price\",\"quantity\":{\"label\":\"Persons\",\"max\":1500,\"min\":{\"message\":\"Book for least 50 people\",\"value\":50}}}','400',12,'','2015-08-01','1','Morning','bid','0'),(185,'c2v','New Booking by customer','2015-07-26 13:26:20',86,18,'','',0,'null','2015-08-02','0','Morning','book','0'),(186,'c2v','hhhh','2015-07-26 13:28:13',86,18,'','',0,'',NULL,NULL,NULL,'message','0'),(187,'c2v','hhhh','2015-07-26 13:28:14',86,18,'','',0,'',NULL,NULL,NULL,'message','0'),(188,'v2c','g','2015-07-26 13:28:36',86,18,'','',0,'',NULL,NULL,NULL,'message','0'),(189,'c2v','posting bid','2015-07-26 14:16:49',86,18,'{\n  \"quoted\" : {\n    \"name\" : \"Package\",\n    \"value\" : \"450 Rs per plate minimum 100 persons required\"\n  },\n  \"button\" : \"BID\",\n  \"time_slot\" : {\n    \"name\" : \"Time Slot\",\n    \"value\" : [\n      [\n        \"morning\",\n        \"Morning\"\n      ],\n      [\n        \"evening\",\n        \"Evening\"\n      ]\n    ]\n  },\n  \"package\" : {\n    \"value\" : \"500 Rs per plate minimum 100 persons required\",\n    \"package_list\" : {\n      \"veg_package_2\" : {\n        \"select_val\" : \"Veg Pakackage 2\",\n        \"description\" : \"Description about veg package 2\"\n      },\n      \"veg_package_1\" : {\n        \"select_val\" : \"Veg Pakackage 1\",\n        \"description\" : \"Description about veg package 1\"\n      }\n    },\n    \"name\" : \"Package\",\n    \"package_order\" : [\n      \"veg_package_1\",\n      \"veg_package_2\"\n    ]\n  },\n  \"text\" : \"Some terms and conditions text at the end\",\n  \"flexible_date\" : \"Flexible Date\",\n  \"type\" : \"bid\",\n  \"event_date\" : \"1\",\n  \"bid_options\" : {\n    \"quantity\" : {\n      \"max\" : 1500,\n      \"min\" : {\n        \"message\" : \"Book for least 50 people\",\n        \"value\" : 50\n      },\n      \"label\" : \"Persons\"\n    },\n    \"min_per_unit\" : 430.5,\n    \"name\" : \"Bid Price\",\n    \"item\" : {\n      \"max\" : 500,\n      \"min\" : 400,\n      \"label\" : \"Per plate\"\n    }\n  }\n}','450',450,'','2015-12-30','0','morning','bid','0'),(190,'c2v','posting bid','2015-07-26 14:18:53',86,18,'{\n  \"quoted\" : {\n    \"name\" : \"Package\",\n    \"value\" : \"450 Rs per plate minimum 100 persons required\"\n  },\n  \"button\" : \"BID\",\n  \"time_slot\" : {\n    \"name\" : \"Time Slot\",\n    \"value\" : [\n      [\n        \"morning\",\n        \"Morning\"\n      ],\n      [\n        \"evening\",\n        \"Evening\"\n      ]\n    ]\n  },\n  \"package\" : {\n    \"value\" : \"500 Rs per plate minimum 100 persons required\",\n    \"package_list\" : {\n      \"veg_package_2\" : {\n        \"select_val\" : \"Veg Pakackage 2\",\n        \"description\" : \"Description about veg package 2\"\n      },\n      \"veg_package_1\" : {\n        \"select_val\" : \"Veg Pakackage 1\",\n        \"description\" : \"Description about veg package 1\"\n      }\n    },\n    \"name\" : \"Package\",\n    \"package_order\" : [\n      \"veg_package_1\",\n      \"veg_package_2\"\n    ]\n  },\n  \"text\" : \"Some terms and conditions text at the end\",\n  \"flexible_date\" : \"Flexible Date\",\n  \"type\" : \"bid\",\n  \"event_date\" : \"1\",\n  \"bid_options\" : {\n    \"quantity\" : {\n      \"max\" : 1500,\n      \"min\" : {\n        \"message\" : \"Book for least 50 people\",\n        \"value\" : 50\n      },\n      \"label\" : \"Persons\"\n    },\n    \"min_per_unit\" : 430.5,\n    \"name\" : \"Bid Price\",\n    \"item\" : {\n      \"max\" : 500,\n      \"min\" : 400,\n      \"label\" : \"Per plate\"\n    }\n  }\n}','401',401,'','2015-07-26','0','morning','bid','0'),(191,'c2v','posting bid','2015-07-26 14:25:28',86,18,'{\n  \"quoted\" : {\n    \"name\" : \"Package\",\n    \"value\" : \"450 Rs per plate minimum 100 persons required\"\n  },\n  \"button\" : \"BID\",\n  \"time_slot\" : {\n    \"name\" : \"Time Slot\",\n    \"value\" : [\n      [\n        \"morning\",\n        \"Morning\"\n      ],\n      [\n        \"evening\",\n        \"Evening\"\n      ]\n    ]\n  },\n  \"package\" : {\n    \"value\" : \"500 Rs per plate minimum 100 persons required\",\n    \"package_list\" : {\n      \"veg_package_2\" : {\n        \"select_val\" : \"Veg Pakackage 2\",\n        \"description\" : \"Description about veg package 2\"\n      },\n      \"veg_package_1\" : {\n        \"select_val\" : \"Veg Pakackage 1\",\n        \"description\" : \"Description about veg package 1\"\n      }\n    },\n    \"name\" : \"Package\",\n    \"package_order\" : [\n      \"veg_package_1\",\n      \"veg_package_2\"\n    ]\n  },\n  \"text\" : \"Some terms and conditions text at the end\",\n  \"flexible_date\" : \"Flexible Date\",\n  \"type\" : \"bid\",\n  \"event_date\" : \"1\",\n  \"bid_options\" : {\n    \"quantity\" : {\n      \"max\" : 1500,\n      \"min\" : {\n        \"message\" : \"Book for least 50 people\",\n        \"value\" : 50\n      },\n      \"label\" : \"Persons\"\n    },\n    \"min_per_unit\" : 430.5,\n    \"name\" : \"Bid Price\",\n    \"item\" : {\n      \"max\" : 500,\n      \"min\" : 400,\n      \"label\" : \"Per plate\"\n    }\n  }\n}','403',403,'','2015-08-15',NULL,'morning','bid','0'),(192,'c2v','posting bid','2015-07-26 14:29:29',86,18,'{\n  \"quoted\" : {\n    \"name\" : \"Package\",\n    \"value\" : \"450 Rs per plate minimum 100 persons required\"\n  },\n  \"button\" : \"BID\",\n  \"time_slot\" : {\n    \"name\" : \"Time Slot\",\n    \"value\" : [\n      [\n        \"morning\",\n        \"Morning\"\n      ],\n      [\n        \"evening\",\n        \"Evening\"\n      ]\n    ]\n  },\n  \"package\" : {\n    \"value\" : \"500 Rs per plate minimum 100 persons required\",\n    \"package_list\" : {\n      \"veg_package_2\" : {\n        \"select_val\" : \"Veg Pakackage 2\",\n        \"description\" : \"Description about veg package 2\"\n      },\n      \"veg_package_1\" : {\n        \"select_val\" : \"Veg Pakackage 1\",\n        \"description\" : \"Description about veg package 1\"\n      }\n    },\n    \"name\" : \"Package\",\n    \"package_order\" : [\n      \"veg_package_1\",\n      \"veg_package_2\"\n    ]\n  },\n  \"text\" : \"Some terms and conditions text at the end\",\n  \"flexible_date\" : \"Flexible Date\",\n  \"type\" : \"bid\",\n  \"event_date\" : \"1\",\n  \"bid_options\" : {\n    \"quantity\" : {\n      \"max\" : 1500,\n      \"min\" : {\n        \"message\" : \"Book for least 50 people\",\n        \"value\" : 50\n      },\n      \"label\" : \"Persons\"\n    },\n    \"min_per_unit\" : 430.5,\n    \"name\" : \"Bid Price\",\n    \"item\" : {\n      \"max\" : 500,\n      \"min\" : 400,\n      \"label\" : \"Per plate\"\n    }\n  }\n}','432',432,'','2015-09-15',NULL,'morning','bid','0'),(193,'c2v','posting bid','2015-07-26 15:48:20',86,18,'{\n  \"quoted\" : {\n    \"name\" : \"Package\",\n    \"value\" : \"450 Rs per plate minimum 100 persons required\"\n  },\n  \"button\" : \"BID\",\n  \"time_slot\" : {\n    \"name\" : \"Time Slot\",\n    \"value\" : [\n      [\n        \"morning\",\n        \"Morning\"\n      ],\n      [\n        \"evening\",\n        \"Evening\"\n      ]\n    ]\n  },\n  \"package\" : {\n    \"value\" : \"500 Rs per plate minimum 100 persons required\",\n    \"package_list\" : {\n      \"veg_package_2\" : {\n        \"select_val\" : \"Veg Pakackage 2\",\n        \"description\" : \"Description about veg package 2\"\n      },\n      \"veg_package_1\" : {\n        \"select_val\" : \"Veg Pakackage 1\",\n        \"description\" : \"Description about veg package 1\"\n      }\n    },\n    \"name\" : \"Package\",\n    \"package_order\" : [\n      \"veg_package_1\",\n      \"veg_package_2\"\n    ]\n  },\n  \"text\" : \"Some terms and conditions text at the end\",\n  \"flexible_date\" : \"Flexible Date\",\n  \"type\" : \"bid\",\n  \"event_date\" : \"1\",\n  \"bid_options\" : {\n    \"quantity\" : {\n      \"max\" : 1500,\n      \"min\" : {\n        \"message\" : \"Book for least 50 people\",\n        \"value\" : 50\n      },\n      \"label\" : \"Persons\"\n    },\n    \"min_per_unit\" : 430.5,\n    \"name\" : \"Bid Price\",\n    \"item\" : {\n      \"max\" : 500,\n      \"min\" : 400,\n      \"label\" : \"Per plate\"\n    }\n  }\n}','447',447,'','2015-08-13','0','morning','bid','0'),(194,'c2v','posting bid','2015-07-26 15:53:25',86,18,'{\n  \"package\" : {\n    \"value\" : \"500 Rs per plate minimum 100 persons required\",\n    \"package_list\" : {\n      \"veg_package_2\" : {\n        \"select_val\" : \"Veg Pakackage 2\",\n        \"description\" : \"Description about veg package 2\"\n      },\n      \"veg_package_1\" : {\n        \"select_val\" : \"Veg Pakackage 1\",\n        \"description\" : \"Description about veg package 1\"\n      }\n    },\n    \"name\" : \"Package\",\n    \"package_order\" : [\n      \"veg_package_1\",\n      \"veg_package_2\"\n    ]\n  },\n  \"event_date\" : 1,\n  \"button\" : \"BOOK\",\n  \"time_slot\" : {\n    \"name\" : \"Time Slot\",\n    \"value\" : [\n      [\n        \"morning\",\n        \"Morning\"\n      ],\n      [\n        \"evening\",\n        \"Evening\"\n      ]\n    ]\n  },\n  \"type\" : \"book\"\n}','',0,'','2015-08-10',NULL,'morning','bid','0'),(195,'c2v','posting bid','2015-07-26 15:58:07',86,18,'{\n  \"package\" : {\n    \"value\" : \"500 Rs per plate minimum 100 persons required\",\n    \"package_list\" : {\n      \"veg_package_2\" : {\n        \"select_val\" : \"Veg Pakackage 2\",\n        \"description\" : \"Description about veg package 2\"\n      },\n      \"veg_package_1\" : {\n        \"select_val\" : \"Veg Pakackage 1\",\n        \"description\" : \"Description about veg package 1\"\n      }\n    },\n    \"name\" : \"Package\",\n    \"package_order\" : [\n      \"veg_package_1\",\n      \"veg_package_2\"\n    ]\n  },\n  \"event_date\" : 1,\n  \"button\" : \"BOOK\",\n  \"time_slot\" : {\n    \"name\" : \"Time Slot\",\n    \"value\" : [\n      [\n        \"morning\",\n        \"Morning\"\n      ],\n      [\n        \"evening\",\n        \"Evening\"\n      ]\n    ]\n  },\n  \"type\" : \"book\"\n}','',0,'','2015-08-25',NULL,'morning','bid','0'),(196,'c2v','posting bid','2015-07-26 15:59:40',86,18,'{\n  \"package\" : {\n    \"value\" : \"500 Rs per plate minimum 100 persons required\",\n    \"package_list\" : {\n      \"veg_package_2\" : {\n        \"select_val\" : \"Veg Pakackage 2\",\n        \"description\" : \"Description about veg package 2\"\n      },\n      \"veg_package_1\" : {\n        \"select_val\" : \"Veg Pakackage 1\",\n        \"description\" : \"Description about veg package 1\"\n      }\n    },\n    \"name\" : \"Package\",\n    \"package_order\" : [\n      \"veg_package_1\",\n      \"veg_package_2\"\n    ]\n  },\n  \"event_date\" : 1,\n  \"button\" : \"BOOK\",\n  \"time_slot\" : {\n    \"name\" : \"Time Slot\",\n    \"value\" : [\n      [\n        \"morning\",\n        \"Morning\"\n      ],\n      [\n        \"evening\",\n        \"Evening\"\n      ]\n    ]\n  },\n  \"type\" : \"book\"\n}','',0,'','2015-08-05','1','morning','bid','0'),(197,'c2v','posting bid','2015-07-26 16:17:49',86,18,'','',0,'{\n  \"package\" : {\n    \"value\" : \"500 Rs per plate minimum 100 persons required\",\n    \"package_list\" : {\n      \"veg_package_2\" : {\n        \"select_val\" : \"Veg Pakackage 2\",\n        \"description\" : \"Description about veg package 2\"\n      },\n      \"veg_package_1\" : {\n        \"select_val\" : \"Veg Pakackage 1\",\n        \"description\" : \"Description about veg package 1\"\n      }\n    },\n    \"name\" : \"Package\",\n    \"package_order\" : [\n      \"veg_package_1\",\n      \"veg_package_2\"\n    ]\n  },\n  \"event_date\" : 1,\n  \"button\" : \"BOOK\",\n  \"time_slot\" : {\n    \"name\" : \"Time Slot\",\n    \"value\" : [\n      [\n        \"morning\",\n        \"Morning\"\n      ],\n      [\n        \"evening\",\n        \"Evening\"\n      ]\n    ]\n  },\n  \"type\" : \"book\"\n}','2015-08-20',NULL,'morning','book','0'),(198,'c2v','posting bid','2015-07-26 16:18:32',86,18,'{\n  \"quoted\" : {\n    \"name\" : \"Package\",\n    \"value\" : \"450 Rs per plate minimum 100 persons required\"\n  },\n  \"button\" : \"BID\",\n  \"time_slot\" : {\n    \"name\" : \"Time Slot\",\n    \"value\" : [\n      [\n        \"morning\",\n        \"Morning\"\n      ],\n      [\n        \"evening\",\n        \"Evening\"\n      ]\n    ]\n  },\n  \"package\" : {\n    \"value\" : \"500 Rs per plate minimum 100 persons required\",\n    \"package_list\" : {\n      \"veg_package_2\" : {\n        \"select_val\" : \"Veg Pakackage 2\",\n        \"description\" : \"Description about veg package 2\"\n      },\n      \"veg_package_1\" : {\n        \"select_val\" : \"Veg Pakackage 1\",\n        \"description\" : \"Description about veg package 1\"\n      }\n    },\n    \"name\" : \"Package\",\n    \"package_order\" : [\n      \"veg_package_1\",\n      \"veg_package_2\"\n    ]\n  },\n  \"text\" : \"Some terms and conditions text at the end\",\n  \"flexible_date\" : \"Flexible Date\",\n  \"type\" : \"bid\",\n  \"event_date\" : \"1\",\n  \"bid_options\" : {\n    \"quantity\" : {\n      \"max\" : 1500,\n      \"min\" : {\n        \"message\" : \"Book for least 50 people\",\n        \"value\" : 50\n      },\n      \"label\" : \"Persons\"\n    },\n    \"min_per_unit\" : 430.5,\n    \"name\" : \"Bid Price\",\n    \"item\" : {\n      \"max\" : 500,\n      \"min\" : 400,\n      \"label\" : \"Per plate\"\n    }\n  }\n}','444',444,'','2015-08-10',NULL,'morning','bid','0'),(199,'c2v','Hi','2015-07-26 16:44:05',96,18,'','',0,'',NULL,NULL,NULL,'message','0'),(200,'c2v','New Booking by customer','2015-07-26 16:46:21',96,18,'','',0,'null','2015-07-26','0','Morning','book','0'),(201,'c2v','This is a test message only ','2015-07-26 17:04:37',86,19,'','',0,'',NULL,NULL,NULL,'message','0'),(202,'c2v','posting bid','2015-07-26 18:08:20',86,18,'{\n  \"quoted\" : {\n    \"name\" : \"Package\",\n    \"value\" : \"450 Rs per plate minimum 100 persons required\"\n  },\n  \"button\" : \"BID\",\n  \"time_slot\" : {\n    \"name\" : \"Time Slot\",\n    \"value\" : [\n      [\n        \"morning\",\n        \"Morning\"\n      ],\n      [\n        \"evening\",\n        \"Evening\"\n      ]\n    ]\n  },\n  \"package\" : {\n    \"value\" : \"500 Rs per plate minimum 100 persons required\",\n    \"package_list\" : {\n      \"veg_package_2\" : {\n        \"select_val\" : \"Veg Pakackage 2\",\n        \"description\" : \"Description about veg package 2\"\n      },\n      \"veg_package_1\" : {\n        \"select_val\" : \"Veg Pakackage 1\",\n        \"description\" : \"Description about veg package 1\"\n      }\n    },\n    \"name\" : \"Package\",\n    \"package_order\" : [\n      \"veg_package_1\",\n      \"veg_package_2\"\n    ]\n  },\n  \"text\" : \"Some terms and conditions text at the end\",\n  \"flexible_date\" : \"Flexible Date\",\n  \"type\" : \"bid\",\n  \"event_date\" : \"1\",\n  \"bid_options\" : {\n    \"quantity\" : {\n      \"max\" : 1500,\n      \"min\" : {\n        \"message\" : \"Book for least 50 people\",\n        \"value\" : 50\n      },\n      \"label\" : \"Persons\"\n    },\n    \"min_per_unit\" : 430.5,\n    \"name\" : \"Bid Price\",\n    \"item\" : {\n      \"max\" : 500,\n      \"min\" : 400,\n      \"label\" : \"Per plate\"\n    }\n  }\n}','444',444,'','2015-09-11',NULL,'morning','bid','0'),(203,'c2v','posting bid','2015-07-26 18:09:58',86,18,'{\n  \"quoted\" : {\n    \"name\" : \"Package\",\n    \"value\" : \"450 Rs per plate minimum 100 persons required\"\n  },\n  \"button\" : \"BID\",\n  \"time_slot\" : {\n    \"name\" : \"Time Slot\",\n    \"value\" : [\n      [\n        \"morning\",\n        \"Morning\"\n      ],\n      [\n        \"evening\",\n        \"Evening\"\n      ]\n    ]\n  },\n  \"package\" : {\n    \"value\" : \"500 Rs per plate minimum 100 persons required\",\n    \"package_list\" : {\n      \"veg_package_2\" : {\n        \"select_val\" : \"Veg Pakackage 2\",\n        \"description\" : \"Description about veg package 2\"\n      },\n      \"veg_package_1\" : {\n        \"select_val\" : \"Veg Pakackage 1\",\n        \"description\" : \"Description about veg package 1\"\n      }\n    },\n    \"name\" : \"Package\",\n    \"package_order\" : [\n      \"veg_package_1\",\n      \"veg_package_2\"\n    ]\n  },\n  \"text\" : \"Some terms and conditions text at the end\",\n  \"flexible_date\" : \"Flexible Date\",\n  \"type\" : \"bid\",\n  \"event_date\" : \"1\",\n  \"bid_options\" : {\n    \"quantity\" : {\n      \"max\" : 1500,\n      \"min\" : {\n        \"message\" : \"Book for least 50 people\",\n        \"value\" : 50\n      },\n      \"label\" : \"Persons\"\n    },\n    \"min_per_unit\" : 430.5,\n    \"name\" : \"Bid Price\",\n    \"item\" : {\n      \"max\" : 500,\n      \"min\" : 400,\n      \"label\" : \"Per plate\"\n    }\n  }\n}','400',400,'','2015-10-11',NULL,'morning','bid','0'),(204,'c2v','posting bid','2015-07-26 18:13:54',86,18,'{\n  \"quoted\" : {\n    \"name\" : \"Package\",\n    \"value\" : \"450 Rs per plate minimum 100 persons required\"\n  },\n  \"button\" : \"BID\",\n  \"time_slot\" : {\n    \"name\" : \"Time Slot\",\n    \"value\" : [\n      [\n        \"morning\",\n        \"Morning\"\n      ],\n      [\n        \"evening\",\n        \"Evening\"\n      ]\n    ]\n  },\n  \"package\" : {\n    \"value\" : \"500 Rs per plate minimum 100 persons required\",\n    \"package_list\" : {\n      \"veg_package_2\" : {\n        \"select_val\" : \"Veg Pakackage 2\",\n        \"description\" : \"Description about veg package 2\"\n      },\n      \"veg_package_1\" : {\n        \"select_val\" : \"Veg Pakackage 1\",\n        \"description\" : \"Description about veg package 1\"\n      }\n    },\n    \"name\" : \"Package\",\n    \"package_order\" : [\n      \"veg_package_1\",\n      \"veg_package_2\"\n    ]\n  },\n  \"text\" : \"Some terms and conditions text at the end\",\n  \"flexible_date\" : \"Flexible Date\",\n  \"type\" : \"bid\",\n  \"event_date\" : \"1\",\n  \"bid_options\" : {\n    \"quantity\" : {\n      \"max\" : 1500,\n      \"min\" : {\n        \"message\" : \"Book for least 50 people\",\n        \"value\" : 50\n      },\n      \"label\" : \"Persons\"\n    },\n    \"min_per_unit\" : 430.5,\n    \"name\" : \"Bid Price\",\n    \"item\" : {\n      \"max\" : 500,\n      \"min\" : 400,\n      \"label\" : \"Per plate\"\n    }\n  }\n}','400',400,'','2015-08-01',NULL,'morning','bid','0'),(205,'c2v','Bid by customer','2015-07-26 18:15:22',86,18,'{\"item\":{\"label\":\"Per plate\",\"max\":500,\"min\":400},\"quantity\":{\"label\":\"Persons\",\"min\":{\"message\":\"Book for least 50 people\",\"value\":50},\"max\":1500},\"name\":\"Bid Price\",\"min_per_unit\":430.5}','400',12,'','2015-07-31',NULL,'Morning','bid','0'),(206,'c2v','posting bid','2015-07-26 18:15:42',86,18,'{\n  \"quoted\" : {\n    \"name\" : \"Package\",\n    \"value\" : \"450 Rs per plate minimum 100 persons required\"\n  },\n  \"button\" : \"BID\",\n  \"time_slot\" : {\n    \"name\" : \"Time Slot\",\n    \"value\" : [\n      [\n        \"morning\",\n        \"Morning\"\n      ],\n      [\n        \"evening\",\n        \"Evening\"\n      ]\n    ]\n  },\n  \"package\" : {\n    \"value\" : \"500 Rs per plate minimum 100 persons required\",\n    \"package_list\" : {\n      \"veg_package_2\" : {\n        \"select_val\" : \"Veg Pakackage 2\",\n        \"description\" : \"Description about veg package 2\"\n      },\n      \"veg_package_1\" : {\n        \"select_val\" : \"Veg Pakackage 1\",\n        \"description\" : \"Description about veg package 1\"\n      }\n    },\n    \"name\" : \"Package\",\n    \"package_order\" : [\n      \"veg_package_1\",\n      \"veg_package_2\"\n    ]\n  },\n  \"text\" : \"Some terms and conditions text at the end\",\n  \"flexible_date\" : \"Flexible Date\",\n  \"type\" : \"bid\",\n  \"event_date\" : \"1\",\n  \"bid_options\" : {\n    \"quantity\" : {\n      \"max\" : 1500,\n      \"min\" : {\n        \"message\" : \"Book for least 50 people\",\n        \"value\" : 50\n      },\n      \"label\" : \"Persons\"\n    },\n    \"min_per_unit\" : 430.5,\n    \"name\" : \"Bid Price\",\n    \"item\" : {\n      \"max\" : 500,\n      \"min\" : 400,\n      \"label\" : \"Per plate\"\n    }\n  }\n}','454',454,'','2015-08-15',NULL,'morning','bid','0'),(207,'c2v','posting bid','2015-07-26 18:17:43',86,18,'{\n  \"quoted\" : {\n    \"name\" : \"Package\",\n    \"value\" : \"450 Rs per plate minimum 100 persons required\"\n  },\n  \"button\" : \"BID\",\n  \"time_slot\" : {\n    \"name\" : \"Time Slot\",\n    \"value\" : [\n      [\n        \"morning\",\n        \"Morning\"\n      ],\n      [\n        \"evening\",\n        \"Evening\"\n      ]\n    ]\n  },\n  \"package\" : {\n    \"value\" : \"500 Rs per plate minimum 100 persons required\",\n    \"package_list\" : {\n      \"veg_package_2\" : {\n        \"select_val\" : \"Veg Pakackage 2\",\n        \"description\" : \"Description about veg package 2\"\n      },\n      \"veg_package_1\" : {\n        \"select_val\" : \"Veg Pakackage 1\",\n        \"description\" : \"Description about veg package 1\"\n      }\n    },\n    \"name\" : \"Package\",\n    \"package_order\" : [\n      \"veg_package_1\",\n      \"veg_package_2\"\n    ]\n  },\n  \"text\" : \"Some terms and conditions text at the end\",\n  \"flexible_date\" : \"Flexible Date\",\n  \"type\" : \"bid\",\n  \"event_date\" : \"1\",\n  \"bid_options\" : {\n    \"quantity\" : {\n      \"max\" : 1500,\n      \"min\" : {\n        \"message\" : \"Book for least 50 people\",\n        \"value\" : 50\n      },\n      \"label\" : \"Persons\"\n    },\n    \"min_per_unit\" : 430.5,\n    \"name\" : \"Bid Price\",\n    \"item\" : {\n      \"max\" : 500,\n      \"min\" : 400,\n      \"label\" : \"Per plate\"\n    }\n  }\n}','444',444,'','2015-07-16',NULL,'morning','bid','0'),(208,'c2v','Hello hello!','2015-07-26 18:21:35',86,18,'','',0,'',NULL,NULL,'','message','0'),(209,'v2c','Hello back to you','2015-07-26 18:22:35',86,18,'','',0,'',NULL,NULL,'','message','0'),(210,'c2v','posting bid','2015-07-26 18:23:53',86,18,'{\n  \"quoted\" : {\n    \"name\" : \"Package\",\n    \"value\" : \"450 Rs per plate minimum 100 persons required\"\n  },\n  \"button\" : \"BID\",\n  \"time_slot\" : {\n    \"name\" : \"Time Slot\",\n    \"value\" : [\n      [\n        \"morning\",\n        \"Morning\"\n      ],\n      [\n        \"evening\",\n        \"Evening\"\n      ]\n    ]\n  },\n  \"package\" : {\n    \"value\" : \"500 Rs per plate minimum 100 persons required\",\n    \"package_list\" : {\n      \"veg_package_2\" : {\n        \"select_val\" : \"Veg Pakackage 2\",\n        \"description\" : \"Description about veg package 2\"\n      },\n      \"veg_package_1\" : {\n        \"select_val\" : \"Veg Pakackage 1\",\n        \"description\" : \"Description about veg package 1\"\n      }\n    },\n    \"name\" : \"Package\",\n    \"package_order\" : [\n      \"veg_package_1\",\n      \"veg_package_2\"\n    ]\n  },\n  \"text\" : \"Some terms and conditions text at the end\",\n  \"flexible_date\" : \"Flexible Date\",\n  \"type\" : \"bid\",\n  \"event_date\" : \"1\",\n  \"bid_options\" : {\n    \"quantity\" : {\n      \"max\" : 1500,\n      \"min\" : {\n        \"message\" : \"Book for least 50 people\",\n        \"value\" : 50\n      },\n      \"label\" : \"Persons\"\n    },\n    \"min_per_unit\" : 430.5,\n    \"name\" : \"Bid Price\",\n    \"item\" : {\n      \"max\" : 500,\n      \"min\" : 400,\n      \"label\" : \"Per plate\"\n    }\n  }\n}','432',432,'','2015-07-29','0','morning','bid','0'),(211,'c2v','posting bid','2015-07-26 18:25:07',86,18,'','',0,'{\n  \"package\" : {\n    \"value\" : \"500 Rs per plate minimum 100 persons required\",\n    \"package_list\" : {\n      \"veg_package_2\" : {\n        \"select_val\" : \"Veg Pakackage 2\",\n        \"description\" : \"Description about veg package 2\"\n      },\n      \"veg_package_1\" : {\n        \"select_val\" : \"Veg Pakackage 1\",\n        \"description\" : \"Description about veg package 1\"\n      }\n    },\n    \"name\" : \"Package\",\n    \"package_order\" : [\n      \"veg_package_1\",\n      \"veg_package_2\"\n    ]\n  },\n  \"event_date\" : 1,\n  \"button\" : \"BOOK\",\n  \"time_slot\" : {\n    \"name\" : \"Time Slot\",\n    \"value\" : [\n      [\n        \"morning\",\n        \"Morning\"\n      ],\n      [\n        \"evening\",\n        \"Evening\"\n      ]\n    ]\n  },\n  \"type\" : \"book\"\n}','2015-08-27','1','morning','book','0'),(212,'c2v','posting bid','2015-07-26 18:26:52',86,18,'{\n  \"quoted\" : {\n    \"name\" : \"Package\",\n    \"value\" : \"450 Rs per plate minimum 100 persons required\"\n  },\n  \"button\" : \"BID\",\n  \"time_slot\" : {\n    \"name\" : \"Time Slot\",\n    \"value\" : [\n      [\n        \"morning\",\n        \"Morning\"\n      ],\n      [\n        \"evening\",\n        \"Evening\"\n      ]\n    ]\n  },\n  \"package\" : {\n    \"value\" : \"500 Rs per plate minimum 100 persons required\",\n    \"package_list\" : {\n      \"veg_package_2\" : {\n        \"select_val\" : \"Veg Pakackage 2\",\n        \"description\" : \"Description about veg package 2\"\n      },\n      \"veg_package_1\" : {\n        \"select_val\" : \"Veg Pakackage 1\",\n        \"description\" : \"Description about veg package 1\"\n      }\n    },\n    \"name\" : \"Package\",\n    \"package_order\" : [\n      \"veg_package_1\",\n      \"veg_package_2\"\n    ]\n  },\n  \"text\" : \"Some terms and conditions text at the end\",\n  \"flexible_date\" : \"Flexible Date\",\n  \"type\" : \"bid\",\n  \"event_date\" : \"1\",\n  \"bid_options\" : {\n    \"quantity\" : {\n      \"max\" : 1500,\n      \"min\" : {\n        \"message\" : \"Book for least 50 people\",\n        \"value\" : 50\n      },\n      \"label\" : \"Persons\"\n    },\n    \"min_per_unit\" : 430.5,\n    \"name\" : \"Bid Price\",\n    \"item\" : {\n      \"max\" : 500,\n      \"min\" : 400,\n      \"label\" : \"Per plate\"\n    }\n  }\n}','434',434,'','2015-07-27','1','morning','bid','0'),(213,'c2v','Bid by customer','2015-07-26 19:18:29',86,18,'{\"item\":{\"label\":\"Per plate\",\"max\":500,\"min\":400},\"quantity\":{\"label\":\"Persons\",\"min\":{\"message\":\"Book for least 50 people\",\"value\":50},\"max\":1500},\"name\":\"Bid Price\",\"min_per_unit\":430.5}','451',12,'','2015-08-13',NULL,'Morning','bid','0'),(214,'c2v','Bid by customer','2015-07-26 19:19:38',86,18,'{\"item\":{\"label\":\"Per plate\",\"max\":500,\"min\":400},\"quantity\":{\"label\":\"Persons\",\"min\":{\"message\":\"Book for least 50 people\",\"value\":50},\"max\":1500},\"name\":\"Bid Price\",\"min_per_unit\":430.5}','451',12,'','2015-08-21','1','Morning','bid','0'),(215,'c2v','New Booking by customer','2015-07-26 19:26:54',86,18,'','',0,'null','2015-08-05','0','Morning','book','0'),(216,'c2v','Hi  hi  hello ','2015-07-26 19:34:53',86,18,'','',0,'',NULL,NULL,NULL,'message','0'),(217,'v2c','tatty','2015-07-29 19:38:18',86,18,'','',0,'',NULL,NULL,'','message','0'),(218,'v2c','posting bid','2015-07-29 20:56:10',97,18,'','',0,'{\n  \"package\" : {\n    \"value\" : \"500 Rs per plate minimum 100 persons required\",\n    \"package_list\" : {\n      \"veg_package_2\" : {\n        \"select_val\" : \"Veg Pakackage 2\",\n        \"description\" : \"Description about veg package 2\"\n      },\n      \"veg_package_1\" : {\n        \"select_val\" : \"Veg Pakackage 1\",\n        \"description\" : \"Description about veg package 1\"\n      }\n    },\n    \"name\" : \"Package\",\n    \"package_order\" : [\n      \"veg_package_1\",\n      \"veg_package_2\"\n    ]\n  },\n  \"event_date\" : 1,\n  \"button\" : \"BOOK\",\n  \"time_slot\" : {\n    \"name\" : \"Time Slot\",\n    \"value\" : [\n      [\n        \"morning\",\n        \"Morning\"\n      ],\n      [\n        \"evening\",\n        \"Evening\"\n      ]\n    ]\n  },\n  \"type\" : \"book\"\n}','2015-07-16','0','Evening','book','1'),(219,'c2v','posting bid','2015-07-30 10:38:19',86,18,'{\n  \"quoted\" : {\n    \"name\" : \"Package\",\n    \"value\" : \"450 Rs per plate minimum 100 persons required\"\n  },\n  \"button\" : \"BID\",\n  \"time_slot\" : {\n    \"name\" : \"Time Slot\",\n    \"value\" : [\n      [\n        \"morning\",\n        \"Morning\"\n      ],\n      [\n        \"evening\",\n        \"Evening\"\n      ]\n    ]\n  },\n  \"package\" : {\n    \"value\" : \"500 Rs per plate minimum 100 persons required\",\n    \"package_list\" : {\n      \"veg_package_2\" : {\n        \"select_val\" : \"Veg Pakackage 2\",\n        \"description\" : \"Description about veg package 2\"\n      },\n      \"veg_package_1\" : {\n        \"select_val\" : \"Veg Pakackage 1\",\n        \"description\" : \"Description about veg package 1\"\n      }\n    },\n    \"name\" : \"Package\",\n    \"package_order\" : [\n      \"veg_package_1\",\n      \"veg_package_2\"\n    ]\n  },\n  \"text\" : \"Some terms and conditions text at the end\",\n  \"flexible_date\" : \"Flexible Date\",\n  \"type\" : \"bid\",\n  \"event_date\" : \"1\",\n  \"bid_options\" : {\n    \"quantity\" : {\n      \"max\" : 1500,\n      \"min\" : {\n        \"message\" : \"Book for least 50 people\",\n        \"value\" : 50\n      },\n      \"label\" : \"Persons\"\n    },\n    \"min_per_unit\" : 430.5,\n    \"name\" : \"Bid Price\",\n    \"item\" : {\n      \"max\" : 500,\n      \"min\" : 400,\n      \"label\" : \"Per plate\"\n    }\n  }\n}','450',450,'','2015-08-03','0','morning','bid','0'),(220,'v2c','posting bid','2015-07-31 14:15:06',97,18,'','',0,'{\n  \"package\" : {\n    \"value\" : \"500 Rs per plate minimum 100 persons required\",\n    \"package_list\" : {\n      \"veg_package_2\" : {\n        \"select_val\" : \"Veg Pakackage 2\",\n        \"description\" : \"Description about veg package 2\"\n      },\n      \"veg_package_1\" : {\n        \"select_val\" : \"Veg Pakackage 1\",\n        \"description\" : \"Description about veg package 1\"\n      }\n    },\n    \"name\" : \"Package\",\n    \"package_order\" : [\n      \"veg_package_1\",\n      \"veg_package_2\"\n    ]\n  },\n  \"event_date\" : 1,\n  \"button\" : \"BOOK\",\n  \"time_slot\" : {\n    \"name\" : \"Time Slot\",\n    \"value\" : [\n      [\n        \"morning\",\n        \"Morning\"\n      ],\n      [\n        \"evening\",\n        \"Evening\"\n      ]\n    ]\n  },\n  \"type\" : \"book\"\n}','2015-07-09','1','Evening','book','1'),(221,'c2v','posting bid','2015-08-01 12:35:07',86,18,'{\n  \"quoted\" : {\n    \"name\" : \"Package\",\n    \"value\" : \"450 Rs per plate minimum 100 persons required\"\n  },\n  \"button\" : \"BID\",\n  \"time_slot\" : {\n    \"name\" : \"Time Slot\",\n    \"value\" : [\n      [\n        \"morning\",\n        \"Morning\"\n      ],\n      [\n        \"evening\",\n        \"Evening\"\n      ]\n    ]\n  },\n  \"package\" : {\n    \"value\" : \"500 Rs per plate minimum 100 persons required\",\n    \"package_list\" : {\n      \"veg_package_2\" : {\n        \"select_val\" : \"Veg Pakackage 2\",\n        \"description\" : \"Description about veg package 2\"\n      },\n      \"veg_package_1\" : {\n        \"select_val\" : \"Veg Pakackage 1\",\n        \"description\" : \"Description about veg package 1\"\n      }\n    },\n    \"name\" : \"Package\",\n    \"package_order\" : [\n      \"veg_package_1\",\n      \"veg_package_2\"\n    ]\n  },\n  \"text\" : \"Some terms and conditions text at the end\",\n  \"flexible_date\" : \"Flexible Date\",\n  \"type\" : \"bid\",\n  \"event_date\" : \"1\",\n  \"bid_options\" : {\n    \"quantity\" : {\n      \"max\" : 1500,\n      \"min\" : {\n        \"message\" : \"Book for least 50 people\",\n        \"value\" : 50\n      },\n      \"label\" : \"Persons\"\n    },\n    \"min_per_unit\" : 430.5,\n    \"name\" : \"Bid Price\",\n    \"item\" : {\n      \"max\" : 500,\n      \"min\" : 400,\n      \"label\" : \"Per plate\"\n    }\n  }\n}','438',438,'','2015-08-19','1','morning','bid','0'),(222,'c2v','posting bid','2015-08-01 12:47:58',86,18,'','',0,'{\n  \"package\" : {\n    \"value\" : \"500 Rs per plate minimum 100 persons required\",\n    \"package_list\" : {\n      \"veg_package_2\" : {\n        \"select_val\" : \"Veg Pakackage 2\",\n        \"description\" : \"Description about veg package 2\"\n      },\n      \"veg_package_1\" : {\n        \"select_val\" : \"Veg Pakackage 1\",\n        \"description\" : \"Description about veg package 1\"\n      }\n    },\n    \"name\" : \"Package\",\n    \"package_order\" : [\n      \"veg_package_1\",\n      \"veg_package_2\"\n    ]\n  },\n  \"event_date\" : 1,\n  \"button\" : \"BOOK\",\n  \"time_slot\" : {\n    \"name\" : \"Time Slot\",\n    \"value\" : [\n      [\n        \"morning\",\n        \"Morning\"\n      ],\n      [\n        \"evening\",\n        \"Evening\"\n      ]\n    ]\n  },\n  \"type\" : \"book\"\n}','2015-09-02',NULL,'morning','book','0'),(223,'v2c','posting bid','2015-08-01 12:52:21',97,18,'','',0,'{\n  \"package\" : {\n    \"value\" : \"500 Rs per plate minimum 100 persons required\",\n    \"package_list\" : {\n      \"veg_package_2\" : {\n        \"select_val\" : \"Veg Pakackage 2\",\n        \"description\" : \"Description about veg package 2\"\n      },\n      \"veg_package_1\" : {\n        \"select_val\" : \"Veg Pakackage 1\",\n        \"description\" : \"Description about veg package 1\"\n      }\n    },\n    \"name\" : \"Package\",\n    \"package_order\" : [\n      \"veg_package_1\",\n      \"veg_package_2\"\n    ]\n  },\n  \"event_date\" : 1,\n  \"button\" : \"BOOK\",\n  \"time_slot\" : {\n    \"name\" : \"Time Slot\",\n    \"value\" : [\n      [\n        \"morning\",\n        \"Morning\"\n      ],\n      [\n        \"evening\",\n        \"Evening\"\n      ]\n    ]\n  },\n  \"type\" : \"book\"\n}','2015-08-20',NULL,'Evening','book','1'),(224,'c2v','This is the customer typing at 1st August 2015.','2015-08-01 12:55:04',86,18,'','',0,'',NULL,NULL,'','message','0'),(225,'v2c','Customer, this is the vendor replying to your message. What do you want?','2015-08-01 12:55:40',86,18,'','',0,'',NULL,NULL,'','message','0'),(226,'c2v','Vendor, I recommend that you buzz off.','2015-08-01 12:58:05',86,18,'','',0,'',NULL,NULL,'','message','0'),(227,'v2c','Why are you being so mean?','2015-08-01 13:00:11',86,18,'','',0,'',NULL,NULL,'','message','0'),(228,'c2v','posting bid','2015-08-03 10:02:30',86,18,'{\n  \"quoted\" : {\n    \"name\" : \"Package\",\n    \"value\" : \"450 Rs per plate minimum 100 persons required\"\n  },\n  \"button\" : \"BID\",\n  \"time_slot\" : {\n    \"name\" : \"Time Slot\",\n    \"value\" : [\n      [\n        \"morning\",\n        \"Morning\"\n      ],\n      [\n        \"evening\",\n        \"Evening\"\n      ]\n    ]\n  },\n  \"package\" : {\n    \"value\" : \"500 Rs per plate minimum 100 persons required\",\n    \"package_list\" : {\n      \"veg_package_2\" : {\n        \"select_val\" : \"Veg Pakackage 2\",\n        \"description\" : \"Description about veg package 2\"\n      },\n      \"veg_package_1\" : {\n        \"select_val\" : \"Veg Pakackage 1\",\n        \"description\" : \"Description about veg package 1\"\n      }\n    },\n    \"name\" : \"Package\",\n    \"package_order\" : [\n      \"veg_package_1\",\n      \"veg_package_2\"\n    ]\n  },\n  \"text\" : \"Some terms and conditions text at the end\",\n  \"flexible_date\" : \"Flexible Date\",\n  \"type\" : \"bid\",\n  \"event_date\" : \"1\",\n  \"bid_options\" : {\n    \"quantity\" : {\n      \"max\" : 1500,\n      \"min\" : {\n        \"message\" : \"Book for least 50 people\",\n        \"value\" : 50\n      },\n      \"label\" : \"Persons\"\n    },\n    \"min_per_unit\" : 430.5,\n    \"name\" : \"Bid Price\",\n    \"item\" : {\n      \"max\" : 500,\n      \"min\" : 400,\n      \"label\" : \"Per plate\"\n    }\n  }\n}','450',450,'','2015-08-26',NULL,'morning','bid','0'),(229,'c2v','asd','2015-08-03 14:56:40',86,18,'','',0,'',NULL,NULL,'','message','0'),(230,'c2v','posting bid','2015-08-04 08:45:03',86,18,'{\n  \"quoted\" : {\n    \"name\" : \"Package\",\n    \"value\" : \"450 Rs per plate minimum 100 persons required\"\n  },\n  \"button\" : \"BID\",\n  \"time_slot\" : {\n    \"name\" : \"Time Slot\",\n    \"value\" : [\n      [\n        \"morning\",\n        \"Morning\"\n      ],\n      [\n        \"evening\",\n        \"Evening\"\n      ]\n    ]\n  },\n  \"package\" : {\n    \"value\" : \"500 Rs per plate minimum 100 persons required\",\n    \"package_list\" : {\n      \"veg_package_2\" : {\n        \"select_val\" : \"Veg Pakackage 2\",\n        \"description\" : \"Description about veg package 2\"\n      },\n      \"veg_package_1\" : {\n        \"select_val\" : \"Veg Pakackage 1\",\n        \"description\" : \"Description about veg package 1\"\n      }\n    },\n    \"name\" : \"Package\",\n    \"package_order\" : [\n      \"veg_package_1\",\n      \"veg_package_2\"\n    ]\n  },\n  \"text\" : \"Some terms and conditions text at the end\",\n  \"flexible_date\" : \"Flexible Date\",\n  \"type\" : \"bid\",\n  \"event_date\" : \"1\",\n  \"bid_options\" : {\n    \"quantity\" : {\n      \"max\" : 1500,\n      \"min\" : {\n        \"message\" : \"Book for least 50 people\",\n        \"value\" : 50\n      },\n      \"label\" : \"Persons\"\n    },\n    \"min_per_unit\" : 430.5,\n    \"name\" : \"Bid Price\",\n    \"item\" : {\n      \"max\" : 500,\n      \"min\" : 400,\n      \"label\" : \"Per plate\"\n    }\n  }\n}','442',442,'','2015-09-16',NULL,'morning','bid','0'),(231,'c2v','posting bid','2015-08-04 08:49:33',86,18,'{\n  \"quoted\" : {\n    \"name\" : \"Package\",\n    \"value\" : \"450 Rs per plate minimum 100 persons required\"\n  },\n  \"button\" : \"BID\",\n  \"time_slot\" : {\n    \"name\" : \"Time Slot\",\n    \"value\" : [\n      [\n        \"morning\",\n        \"Morning\"\n      ],\n      [\n        \"evening\",\n        \"Evening\"\n      ]\n    ]\n  },\n  \"package\" : {\n    \"value\" : \"500 Rs per plate minimum 100 persons required\",\n    \"package_list\" : {\n      \"veg_package_2\" : {\n        \"select_val\" : \"Veg Pakackage 2\",\n        \"description\" : \"Description about veg package 2\"\n      },\n      \"veg_package_1\" : {\n        \"select_val\" : \"Veg Pakackage 1\",\n        \"description\" : \"Description about veg package 1\"\n      }\n    },\n    \"name\" : \"Package\",\n    \"package_order\" : [\n      \"veg_package_1\",\n      \"veg_package_2\"\n    ]\n  },\n  \"text\" : \"Some terms and conditions text at the end\",\n  \"flexible_date\" : \"Flexible Date\",\n  \"type\" : \"bid\",\n  \"event_date\" : \"1\",\n  \"bid_options\" : {\n    \"quantity\" : {\n      \"max\" : 1500,\n      \"min\" : {\n        \"message\" : \"Book for least 50 people\",\n        \"value\" : 50\n      },\n      \"label\" : \"Persons\"\n    },\n    \"min_per_unit\" : 430.5,\n    \"name\" : \"Bid Price\",\n    \"item\" : {\n      \"max\" : 500,\n      \"min\" : 400,\n      \"label\" : \"Per plate\"\n    }\n  }\n}','432',432,'','2015-09-16','1','morning','bid','0'),(232,'c2v','posting bid','2015-08-05 05:49:28',86,18,'{\n  \"quoted\" : {\n    \"name\" : \"Package\",\n    \"value\" : \"450 Rs per plate minimum 100 persons required\"\n  },\n  \"button\" : \"BID\",\n  \"time_slot\" : {\n    \"name\" : \"Time Slot\",\n    \"value\" : [\n      [\n        \"morning\",\n        \"Morning\"\n      ],\n      [\n        \"evening\",\n        \"Evening\"\n      ]\n    ]\n  },\n  \"package\" : {\n    \"value\" : \"500 Rs per plate minimum 100 persons required\",\n    \"package_list\" : {\n      \"veg_package_2\" : {\n        \"select_val\" : \"Veg Pakackage 2\",\n        \"description\" : \"Description about veg package 2\"\n      },\n      \"veg_package_1\" : {\n        \"select_val\" : \"Veg Pakackage 1\",\n        \"description\" : \"Description about veg package 1\"\n      }\n    },\n    \"name\" : \"Package\",\n    \"package_order\" : [\n      \"veg_package_1\",\n      \"veg_package_2\"\n    ]\n  },\n  \"text\" : \"Some terms and conditions text at the end\",\n  \"flexible_date\" : \"Flexible Date\",\n  \"type\" : \"bid\",\n  \"event_date\" : \"1\",\n  \"bid_options\" : {\n    \"quantity\" : {\n      \"max\" : 1500,\n      \"min\" : {\n        \"message\" : \"Book for least 50 people\",\n        \"value\" : 50\n      },\n      \"label\" : \"Persons\"\n    },\n    \"min_per_unit\" : 430.5,\n    \"name\" : \"Bid Price\",\n    \"item\" : {\n      \"max\" : 500,\n      \"min\" : 400,\n      \"label\" : \"Per plate\"\n    }\n  }\n}','500',1000,'','2015-08-20',NULL,'morning','bid','0'),(233,'c2v','Sitting at the square','2015-08-05 06:35:48',86,18,'','',0,'',NULL,NULL,'','message','0'),(234,'c2v','posting bid','2015-08-05 06:36:18',86,18,'','',0,'{\n  \"package\" : {\n    \"value\" : \"500 Rs per plate minimum 100 persons required\",\n    \"package_list\" : {\n      \"veg_package_2\" : {\n        \"select_val\" : \"Veg Pakackage 2\",\n        \"description\" : \"Description about veg package 2\"\n      },\n      \"veg_package_1\" : {\n        \"select_val\" : \"Veg Pakackage 1\",\n        \"description\" : \"Description about veg package 1\"\n      }\n    },\n    \"name\" : \"Package\",\n    \"package_order\" : [\n      \"veg_package_1\",\n      \"veg_package_2\"\n    ]\n  },\n  \"event_date\" : 1,\n  \"button\" : \"BOOK\",\n  \"time_slot\" : {\n    \"name\" : \"Time Slot\",\n    \"value\" : [\n      [\n        \"morning\",\n        \"Morning\"\n      ],\n      [\n        \"evening\",\n        \"Evening\"\n      ]\n    ]\n  },\n  \"type\" : \"book\"\n}','2015-09-01',NULL,'morning','book','0'),(235,'c2v','posting bid','2015-08-05 08:38:19',86,18,'','',0,'{\n  \"package\" : {\n    \"value\" : \"500 Rs per plate minimum 100 persons required\",\n    \"package_list\" : {\n      \"veg_package_2\" : {\n        \"select_val\" : \"Veg Pakackage 2\",\n        \"description\" : \"Description about veg package 2\"\n      },\n      \"veg_package_1\" : {\n        \"select_val\" : \"Veg Pakackage 1\",\n        \"description\" : \"Description about veg package 1\"\n      }\n    },\n    \"name\" : \"Package\",\n    \"package_order\" : [\n      \"veg_package_1\",\n      \"veg_package_2\"\n    ]\n  },\n  \"event_date\" : 1,\n  \"button\" : \"BOOK\",\n  \"time_slot\" : {\n    \"name\" : \"Time Slot\",\n    \"value\" : [\n      [\n        \"morning\",\n        \"Morning\"\n      ],\n      [\n        \"evening\",\n        \"Evening\"\n      ]\n    ]\n  },\n  \"type\" : \"book\"\n}','2015-08-15',NULL,'morning','book','0'),(236,'c2v','posting bid','2015-08-05 08:38:19',86,18,'','',0,'{\n  \"package\" : {\n    \"value\" : \"500 Rs per plate minimum 100 persons required\",\n    \"package_list\" : {\n      \"veg_package_2\" : {\n        \"select_val\" : \"Veg Pakackage 2\",\n        \"description\" : \"Description about veg package 2\"\n      },\n      \"veg_package_1\" : {\n        \"select_val\" : \"Veg Pakackage 1\",\n        \"description\" : \"Description about veg package 1\"\n      }\n    },\n    \"name\" : \"Package\",\n    \"package_order\" : [\n      \"veg_package_1\",\n      \"veg_package_2\"\n    ]\n  },\n  \"event_date\" : 1,\n  \"button\" : \"BOOK\",\n  \"time_slot\" : {\n    \"name\" : \"Time Slot\",\n    \"value\" : [\n      [\n        \"morning\",\n        \"Morning\"\n      ],\n      [\n        \"evening\",\n        \"Evening\"\n      ]\n    ]\n  },\n  \"type\" : \"book\"\n}','2015-08-15',NULL,'morning','book','0'),(237,'c2v','posting bid','2015-08-05 08:38:19',86,18,'','',0,'{\n  \"package\" : {\n    \"value\" : \"500 Rs per plate minimum 100 persons required\",\n    \"package_list\" : {\n      \"veg_package_2\" : {\n        \"select_val\" : \"Veg Pakackage 2\",\n        \"description\" : \"Description about veg package 2\"\n      },\n      \"veg_package_1\" : {\n        \"select_val\" : \"Veg Pakackage 1\",\n        \"description\" : \"Description about veg package 1\"\n      }\n    },\n    \"name\" : \"Package\",\n    \"package_order\" : [\n      \"veg_package_1\",\n      \"veg_package_2\"\n    ]\n  },\n  \"event_date\" : 1,\n  \"button\" : \"BOOK\",\n  \"time_slot\" : {\n    \"name\" : \"Time Slot\",\n    \"value\" : [\n      [\n        \"morning\",\n        \"Morning\"\n      ],\n      [\n        \"evening\",\n        \"Evening\"\n      ]\n    ]\n  },\n  \"type\" : \"book\"\n}','2015-08-15',NULL,'morning','book','0'),(238,'c2v','posting bid','2015-08-05 08:38:19',86,18,'','',0,'{\n  \"package\" : {\n    \"value\" : \"500 Rs per plate minimum 100 persons required\",\n    \"package_list\" : {\n      \"veg_package_2\" : {\n        \"select_val\" : \"Veg Pakackage 2\",\n        \"description\" : \"Description about veg package 2\"\n      },\n      \"veg_package_1\" : {\n        \"select_val\" : \"Veg Pakackage 1\",\n        \"description\" : \"Description about veg package 1\"\n      }\n    },\n    \"name\" : \"Package\",\n    \"package_order\" : [\n      \"veg_package_1\",\n      \"veg_package_2\"\n    ]\n  },\n  \"event_date\" : 1,\n  \"button\" : \"BOOK\",\n  \"time_slot\" : {\n    \"name\" : \"Time Slot\",\n    \"value\" : [\n      [\n        \"morning\",\n        \"Morning\"\n      ],\n      [\n        \"evening\",\n        \"Evening\"\n      ]\n    ]\n  },\n  \"type\" : \"book\"\n}','2015-08-15',NULL,'morning','book','0'),(239,'c2v','posting bid','2015-08-05 08:38:19',86,18,'','',0,'{\n  \"package\" : {\n    \"value\" : \"500 Rs per plate minimum 100 persons required\",\n    \"package_list\" : {\n      \"veg_package_2\" : {\n        \"select_val\" : \"Veg Pakackage 2\",\n        \"description\" : \"Description about veg package 2\"\n      },\n      \"veg_package_1\" : {\n        \"select_val\" : \"Veg Pakackage 1\",\n        \"description\" : \"Description about veg package 1\"\n      }\n    },\n    \"name\" : \"Package\",\n    \"package_order\" : [\n      \"veg_package_1\",\n      \"veg_package_2\"\n    ]\n  },\n  \"event_date\" : 1,\n  \"button\" : \"BOOK\",\n  \"time_slot\" : {\n    \"name\" : \"Time Slot\",\n    \"value\" : [\n      [\n        \"morning\",\n        \"Morning\"\n      ],\n      [\n        \"evening\",\n        \"Evening\"\n      ]\n    ]\n  },\n  \"type\" : \"book\"\n}','2015-08-15',NULL,'morning','book','0'),(240,'c2v','posting bid','2015-08-05 08:38:20',86,18,'','',0,'{\n  \"package\" : {\n    \"value\" : \"500 Rs per plate minimum 100 persons required\",\n    \"package_list\" : {\n      \"veg_package_2\" : {\n        \"select_val\" : \"Veg Pakackage 2\",\n        \"description\" : \"Description about veg package 2\"\n      },\n      \"veg_package_1\" : {\n        \"select_val\" : \"Veg Pakackage 1\",\n        \"description\" : \"Description about veg package 1\"\n      }\n    },\n    \"name\" : \"Package\",\n    \"package_order\" : [\n      \"veg_package_1\",\n      \"veg_package_2\"\n    ]\n  },\n  \"event_date\" : 1,\n  \"button\" : \"BOOK\",\n  \"time_slot\" : {\n    \"name\" : \"Time Slot\",\n    \"value\" : [\n      [\n        \"morning\",\n        \"Morning\"\n      ],\n      [\n        \"evening\",\n        \"Evening\"\n      ]\n    ]\n  },\n  \"type\" : \"book\"\n}','2015-08-15',NULL,'morning','book','0'),(241,'c2v','posting bid','2015-08-05 08:38:20',86,18,'','',0,'{\n  \"package\" : {\n    \"value\" : \"500 Rs per plate minimum 100 persons required\",\n    \"package_list\" : {\n      \"veg_package_2\" : {\n        \"select_val\" : \"Veg Pakackage 2\",\n        \"description\" : \"Description about veg package 2\"\n      },\n      \"veg_package_1\" : {\n        \"select_val\" : \"Veg Pakackage 1\",\n        \"description\" : \"Description about veg package 1\"\n      }\n    },\n    \"name\" : \"Package\",\n    \"package_order\" : [\n      \"veg_package_1\",\n      \"veg_package_2\"\n    ]\n  },\n  \"event_date\" : 1,\n  \"button\" : \"BOOK\",\n  \"time_slot\" : {\n    \"name\" : \"Time Slot\",\n    \"value\" : [\n      [\n        \"morning\",\n        \"Morning\"\n      ],\n      [\n        \"evening\",\n        \"Evening\"\n      ]\n    ]\n  },\n  \"type\" : \"book\"\n}','2015-08-15',NULL,'morning','book','0'),(242,'c2v','posting bid','2015-08-05 08:38:54',86,18,'','',0,'{\n  \"package\" : {\n    \"value\" : \"500 Rs per plate minimum 100 persons required\",\n    \"package_list\" : {\n      \"veg_package_2\" : {\n        \"select_val\" : \"Veg Pakackage 2\",\n        \"description\" : \"Description about veg package 2\"\n      },\n      \"veg_package_1\" : {\n        \"select_val\" : \"Veg Pakackage 1\",\n        \"description\" : \"Description about veg package 1\"\n      }\n    },\n    \"name\" : \"Package\",\n    \"package_order\" : [\n      \"veg_package_1\",\n      \"veg_package_2\"\n    ]\n  },\n  \"event_date\" : 1,\n  \"button\" : \"BOOK\",\n  \"time_slot\" : {\n    \"name\" : \"Time Slot\",\n    \"value\" : [\n      [\n        \"morning\",\n        \"Morning\"\n      ],\n      [\n        \"evening\",\n        \"Evening\"\n      ]\n    ]\n  },\n  \"type\" : \"book\"\n}','2015-08-15',NULL,'morning','book','0'),(243,'c2v','posting bid','2015-08-05 08:39:07',86,18,'','',0,'{\n  \"package\" : {\n    \"value\" : \"500 Rs per plate minimum 100 persons required\",\n    \"package_list\" : {\n      \"veg_package_2\" : {\n        \"select_val\" : \"Veg Pakackage 2\",\n        \"description\" : \"Description about veg package 2\"\n      },\n      \"veg_package_1\" : {\n        \"select_val\" : \"Veg Pakackage 1\",\n        \"description\" : \"Description about veg package 1\"\n      }\n    },\n    \"name\" : \"Package\",\n    \"package_order\" : [\n      \"veg_package_1\",\n      \"veg_package_2\"\n    ]\n  },\n  \"event_date\" : 1,\n  \"button\" : \"BOOK\",\n  \"time_slot\" : {\n    \"name\" : \"Time Slot\",\n    \"value\" : [\n      [\n        \"morning\",\n        \"Morning\"\n      ],\n      [\n        \"evening\",\n        \"Evening\"\n      ]\n    ]\n  },\n  \"type\" : \"book\"\n}','2015-08-20',NULL,'morning','book','0'),(244,'c2v','posting bid','2015-08-05 10:19:16',86,18,'{\n  \"quoted\" : {\n    \"name\" : \"Package\",\n    \"value\" : \"450 Rs per plate minimum 100 persons required\"\n  },\n  \"button\" : \"BID\",\n  \"time_slot\" : {\n    \"name\" : \"Time Slot\",\n    \"value\" : [\n      [\n        \"morning\",\n        \"Morning\"\n      ],\n      [\n        \"evening\",\n        \"Evening\"\n      ]\n    ]\n  },\n  \"package\" : {\n    \"value\" : \"500 Rs per plate minimum 100 persons required\",\n    \"package_list\" : {\n      \"veg_package_2\" : {\n        \"select_val\" : \"Veg Pakackage 2\",\n        \"description\" : \"Description about veg package 2\"\n      },\n      \"veg_package_1\" : {\n        \"select_val\" : \"Veg Pakackage 1\",\n        \"description\" : \"Description about veg package 1\"\n      }\n    },\n    \"name\" : \"Package\",\n    \"package_order\" : [\n      \"veg_package_1\",\n      \"veg_package_2\"\n    ]\n  },\n  \"text\" : \"Some terms and conditions text at the end\",\n  \"flexible_date\" : \"Flexible Date\",\n  \"type\" : \"bid\",\n  \"event_date\" : \"1\",\n  \"bid_options\" : {\n    \"quantity\" : {\n      \"max\" : 1500,\n      \"min\" : {\n        \"message\" : \"Book for least 50 people\",\n        \"value\" : 50\n      },\n      \"label\" : \"Persons\"\n    },\n    \"min_per_unit\" : 430.5,\n    \"name\" : \"Bid Price\",\n    \"item\" : {\n      \"max\" : 500,\n      \"min\" : 400,\n      \"label\" : \"Per plate\"\n    }\n  }\n}','500',600,'','2015-08-15',NULL,'morning','bid','0'),(245,'c2v','posting bid','2015-08-05 10:25:46',86,19,'{\n  \"quoted\" : {\n    \"name\" : \"Package\",\n    \"value\" : \"450 Rs per plate minimum 100 persons required\"\n  },\n  \"button\" : \"BID\",\n  \"time_slot\" : {\n    \"name\" : \"Time Slot\",\n    \"value\" : [\n      [\n        \"morning\",\n        \"Morning\"\n      ],\n      [\n        \"evening\",\n        \"Evening\"\n      ]\n    ]\n  },\n  \"package\" : {\n    \"name\" : \"Package\",\n    \"value\" : \"500 Rs per plate minimum 100 persons required\"\n  },\n  \"text\" : \"Some terms and conditions text at the end\",\n  \"type\" : \"bid\",\n  \"bid_options\" : {\n    \"quantity\" : {\n      \"max\" : 1500,\n      \"min\" : {\n        \"message\" : \"Book for least 50 people\",\n        \"value\" : 50\n      },\n      \"label\" : \"Persons\"\n    },\n    \"min_per_unit\" : 430.5,\n    \"name\" : \"Bid Price\",\n    \"item\" : {\n      \"max\" : 500,\n      \"min\" : 400,\n      \"label\" : \"Per plate\"\n    }\n  },\n  \"event_date\" : 1\n}','444',455,'','2015-10-31',NULL,'morning','bid','0'),(246,'c2v','posting bid','2015-08-05 10:30:06',86,18,'','',0,'{\n  \"package\" : {\n    \"value\" : \"500 Rs per plate minimum 100 persons required\",\n    \"package_list\" : {\n      \"veg_package_2\" : {\n        \"select_val\" : \"Veg Pakackage 2\",\n        \"description\" : \"Description about veg package 2\"\n      },\n      \"veg_package_1\" : {\n        \"select_val\" : \"Veg Pakackage 1\",\n        \"description\" : \"Description about veg package 1\"\n      }\n    },\n    \"name\" : \"Package\",\n    \"package_order\" : [\n      \"veg_package_1\",\n      \"veg_package_2\"\n    ]\n  },\n  \"event_date\" : 1,\n  \"button\" : \"BOOK\",\n  \"time_slot\" : {\n    \"name\" : \"Time Slot\",\n    \"value\" : [\n      [\n        \"morning\",\n        \"Morning\"\n      ],\n      [\n        \"evening\",\n        \"Evening\"\n      ]\n    ]\n  },\n  \"type\" : \"book\"\n}','2015-08-20',NULL,'morning','book','0'),(247,'c2v','Fuck','2015-08-05 10:31:19',86,18,'','',0,'',NULL,NULL,'','message','0'),(248,'c2v','posting bid','2015-08-06 14:54:01',86,18,'{\n  \"quoted\" : {\n    \"name\" : \"Package\",\n    \"value\" : \"450 Rs per plate minimum 100 persons required\"\n  },\n  \"button\" : \"BID\",\n  \"time_slot\" : {\n    \"name\" : \"Time Slot\",\n    \"value\" : [\n      [\n        \"morning\",\n        \"Morning\"\n      ],\n      [\n        \"evening\",\n        \"Evening\"\n      ]\n    ]\n  },\n  \"package\" : {\n    \"value\" : \"500 Rs per plate minimum 100 persons required\",\n    \"package_list\" : {\n      \"veg_package_2\" : {\n        \"select_val\" : \"Veg Pakackage 2\",\n        \"description\" : \"Description about veg package 2\"\n      },\n      \"veg_package_1\" : {\n        \"select_val\" : \"Veg Pakackage 1\",\n        \"description\" : \"Description about veg package 1\"\n      }\n    },\n    \"name\" : \"Package\",\n    \"package_order\" : [\n      \"veg_package_1\",\n      \"veg_package_2\"\n    ]\n  },\n  \"text\" : \"Some terms and conditions text at the end\",\n  \"flexible_date\" : \"Flexible Date\",\n  \"type\" : \"bid\",\n  \"event_date\" : \"1\",\n  \"bid_options\" : {\n    \"quantity\" : {\n      \"max\" : 1500,\n      \"min\" : {\n        \"message\" : \"Book for least 50 people\",\n        \"value\" : 50\n      },\n      \"label\" : \"Persons\"\n    },\n    \"min_per_unit\" : 430.5,\n    \"name\" : \"Bid Price\",\n    \"item\" : {\n      \"max\" : 500,\n      \"min\" : 400,\n      \"label\" : \"Per plate\"\n    }\n  }\n}','430',430,'','2015-09-24',NULL,'morning','bid','0'),(249,'c2v','posting bid','2015-08-07 09:14:42',86,18,'','',0,'{\n  \"package\" : {\n    \"value\" : \"500 Rs per plate minimum 100 persons required\",\n    \"package_list\" : {\n      \"veg_package_2\" : {\n        \"select_val\" : \"Veg Pakackage 2\",\n        \"description\" : \"Description about veg package 2\"\n      },\n      \"veg_package_1\" : {\n        \"select_val\" : \"Veg Pakackage 1\",\n        \"description\" : \"Description about veg package 1\"\n      }\n    },\n    \"name\" : \"Package\",\n    \"package_order\" : [\n      \"veg_package_1\",\n      \"veg_package_2\"\n    ]\n  },\n  \"event_date\" : 1,\n  \"button\" : \"BOOK\",\n  \"time_slot\" : {\n    \"name\" : \"Time Slot\",\n    \"value\" : [\n      [\n        \"morning\",\n        \"Morning\"\n      ],\n      [\n        \"evening\",\n        \"Evening\"\n      ]\n    ]\n  },\n  \"type\" : \"book\"\n}','2015-08-06',NULL,'morning','book','0'),(250,'c2v','hey','2015-08-10 16:02:47',96,18,'','',0,'',NULL,NULL,NULL,'message','0'),(251,'c2v','Bid by customer','2015-08-10 16:03:47',96,21,'{\"item\":{\"label\":\"Per plate\",\"max\":500,\"min\":400},\"quantity\":{\"label\":\"Persons\",\"min\":{\"message\":\"Book for least 50 people\",\"value\":50},\"max\":1500},\"name\":\"Bid Price\",\"min_per_unit\":430.5}','400',12,'','2015-08-10',NULL,'Morning','bid','0'),(252,'c2v','what ???','2015-08-10 18:12:01',86,18,'','',0,'',NULL,NULL,NULL,'message','0'),(253,'c2v','New Booking by customer','2015-08-12 06:46:27',86,18,'','',0,'null','2015-08-12',NULL,'Morning','book','0'),(254,'c2v','New Booking by customer','2015-08-12 06:49:26',86,18,'','',0,'null','2015-08-12',NULL,'Morning','book','0'),(255,'c2v','New Booking by customer','2015-08-12 06:51:02',86,18,'','',0,'null','2015-08-12',NULL,'Morning','book','0'),(256,'c2v','New Booking by customer','2015-08-12 06:55:23',86,18,'','',0,'null','2015-08-12',NULL,'Morning','book','0'),(257,'c2v','New Booking by customer','2015-08-12 06:56:43',86,18,'','',0,'null','2015-08-12',NULL,'Morning','book','0'),(258,'c2v','New Booking by customer','2015-08-12 07:25:14',86,19,'','',0,'null','2015-08-12',NULL,'Morning','book','0'),(259,'c2v','this\n\n','2015-08-12 07:26:45',86,19,'','',0,'',NULL,NULL,NULL,'message','0'),(260,'c2v','this\n\n','2015-08-12 07:26:46',86,19,'','',0,'',NULL,NULL,NULL,'message','0'),(261,'c2v','nflhxjgxhfchfchfxhfxgdkjfxigdxgf','2015-08-12 07:26:57',86,19,'','',0,'',NULL,NULL,NULL,'message','0'),(262,'c2v','nflhxjgxhfchfchfxhfxgdkjfxigdxgf','2015-08-12 07:26:58',86,19,'','',0,'',NULL,NULL,NULL,'message','0'),(263,'c2v','nnddhxns','2015-08-12 07:27:06',86,19,'','',0,'',NULL,NULL,NULL,'message','0'),(264,'c2v','billion caucusing kfg ofgxhfx xkv,hrxhfxhfcgrxogdxogd ogdx','2015-08-12 07:27:18',86,19,'','',0,'',NULL,NULL,NULL,'message','0'),(265,'c2v','billion caucusing kfg ofgxhfx xkv,hrxhfxhfcgrxogdxogd ogdx','2015-08-12 07:27:19',86,19,'','',0,'',NULL,NULL,NULL,'message','0'),(266,'c2v',' phfchfxfhxhfxhfx','2015-08-12 07:27:27',86,19,'','',0,'',NULL,NULL,NULL,'message','0'),(267,'c2v','b vvmnc\npphpfchfchrybfc','2015-08-12 07:27:35',86,19,'','',0,'',NULL,NULL,NULL,'message','0'),(268,'c2v','this message is not sure that I am not be able to','2015-08-12 07:28:00',86,19,'','',0,'',NULL,NULL,NULL,'message','0'),(269,'c2v',' gdtd\nbhvhg\nvgcgch\ncgchvj\ncffgchvhvhv\nbgxfcgv\n','2015-08-12 07:34:11',86,19,'','',0,'',NULL,NULL,NULL,'message','0'),(270,'c2v','gdede','2015-08-12 08:01:08',86,18,'','',0,'',NULL,NULL,NULL,'message','0'),(271,'c2v','xcv','2015-08-12 08:01:20',86,18,'','',0,'',NULL,NULL,NULL,'message','0'),(272,'c2v','fdgf','2015-08-12 08:02:09',86,18,'','',0,'',NULL,NULL,NULL,'message','0'),(273,'c2v','cgydgfhfc','2015-08-12 08:02:34',86,18,'','',0,'',NULL,NULL,NULL,'message','0'),(274,'c2v','cvvuhfhguhhi\ngvhv\nfcgvh\nfcgv','2015-08-12 08:03:06',86,18,'','',0,'',NULL,NULL,NULL,'message','0'),(275,'c2v','!htdvdzbf','2015-08-12 08:19:06',86,18,'','',0,'',NULL,NULL,NULL,'message','0'),(276,'c2v','!htdvdzbf','2015-08-12 08:19:06',86,18,'','',0,'',NULL,NULL,NULL,'message','0'),(277,'c2v','tytufu\nfhfjg\ngjgjh\n','2015-08-12 08:53:52',86,18,'','',0,'',NULL,NULL,NULL,'message','0'),(278,'c2v','New Booking by customer','2015-08-12 09:04:07',86,18,'','',0,'null','2015-08-12',NULL,'Morning','book','0'),(279,'c2v','Bid by customer','2015-08-12 15:06:43',86,18,'{\"item\":{\"label\":\"Per plate\",\"max\":500,\"min\":400},\"min_per_unit\":430.5,\"name\":\"Bid Price\",\"quantity\":{\"label\":\"Persons\",\"max\":1500,\"min\":{\"message\":\"Book for least 50 people\",\"value\":50}}}','450',12,'','2015-08-12',NULL,'Morning','bid','0'),(280,'c2v','hi\n','2015-08-12 15:48:23',86,18,'','',0,'',NULL,NULL,NULL,'message','0'),(281,'v2c','hi','2015-08-12 16:03:13',86,18,'','',0,'',NULL,NULL,NULL,'message','0'),(282,'v2c','hi','2015-08-12 16:03:15',86,18,'','',0,'',NULL,NULL,NULL,'message','0'),(283,'c2v','okay','2015-08-12 16:03:23',86,18,'','',0,'',NULL,NULL,NULL,'message','0'),(284,'v2c','r','2015-08-12 16:03:59',86,18,'','',0,'',NULL,NULL,NULL,'message','0'),(285,'c2v','what\'s up ','2015-08-12 16:06:25',96,18,'','',0,'',NULL,NULL,NULL,'message','0'),(286,'c2v','New Booking by customer','2015-08-12 16:18:51',86,18,'','',0,'null','2015-08-15',NULL,'Evening','book','0'),(287,'c2v','Are you there? ','2015-08-12 17:11:15',86,18,'','',0,'',NULL,NULL,NULL,'message','0'),(288,'c2v','Hello hello','2015-08-12 18:24:56',86,18,'','',0,'',NULL,NULL,'','message','0'),(289,'v2c','He\'ll yeah I am here','2015-08-12 18:25:28',86,18,'','',0,'',NULL,NULL,'','message','0');
/*!40000 ALTER TABLE `wedwise_messages_messages` ENABLE KEYS */;
UNLOCK TABLES;
/*!40103 SET TIME_ZONE=@OLD_TIME_ZONE */;

/*!40101 SET SQL_MODE=@OLD_SQL_MODE */;
/*!40014 SET FOREIGN_KEY_CHECKS=@OLD_FOREIGN_KEY_CHECKS */;
/*!40014 SET UNIQUE_CHECKS=@OLD_UNIQUE_CHECKS */;
/*!40101 SET CHARACTER_SET_CLIENT=@OLD_CHARACTER_SET_CLIENT */;
/*!40101 SET CHARACTER_SET_RESULTS=@OLD_CHARACTER_SET_RESULTS */;
/*!40101 SET COLLATION_CONNECTION=@OLD_COLLATION_CONNECTION */;
/*!40111 SET SQL_NOTES=@OLD_SQL_NOTES */;

-- Dump completed on 2015-08-12 18:43:43
