-- MySQL dump 10.13  Distrib 5.5.43, for debian-linux-gnu (x86_64)
--
-- Host: localhost    Database: wedwise
-- ------------------------------------------------------
-- Server version	5.5.43-0ubuntu0.14.04.1

/*!40101 SET @OLD_CHARACTER_SET_CLIENT=@@CHARACTER_SET_CLIENT */;
/*!40101 SET @OLD_CHARACTER_SET_RESULTS=@@CHARACTER_SET_RESULTS */;
/*!40101 SET @OLD_COLLATION_CONNECTION=@@COLLATION_CONNECTION */;
/*!40101 SET NAMES utf8 */;
/*!40103 SET @OLD_TIME_ZONE=@@TIME_ZONE */;
/*!40103 SET TIME_ZONE='+00:00' */;
/*!40014 SET @OLD_UNIQUE_CHECKS=@@UNIQUE_CHECKS, UNIQUE_CHECKS=0 */;
/*!40014 SET @OLD_FOREIGN_KEY_CHECKS=@@FOREIGN_KEY_CHECKS, FOREIGN_KEY_CHECKS=0 */;
/*!40101 SET @OLD_SQL_MODE=@@SQL_MODE, SQL_MODE='NO_AUTO_VALUE_ON_ZERO' */;
/*!40111 SET @OLD_SQL_NOTES=@@SQL_NOTES, SQL_NOTES=0 */;

--
-- Table structure for table `auth_group`
--

DROP TABLE IF EXISTS `auth_group`;
/*!40101 SET @saved_cs_client     = @@character_set_client */;
/*!40101 SET character_set_client = utf8 */;
CREATE TABLE `auth_group` (
  `id` int(11) NOT NULL AUTO_INCREMENT,
  `name` varchar(80) NOT NULL,
  PRIMARY KEY (`id`),
  UNIQUE KEY `name` (`name`)
) ENGINE=InnoDB AUTO_INCREMENT=2 DEFAULT CHARSET=latin1;
/*!40101 SET character_set_client = @saved_cs_client */;

--
-- Dumping data for table `auth_group`
--

LOCK TABLES `auth_group` WRITE;
/*!40000 ALTER TABLE `auth_group` DISABLE KEYS */;
INSERT INTO `auth_group` VALUES (1,'VendorTeamAdmin');
/*!40000 ALTER TABLE `auth_group` ENABLE KEYS */;
UNLOCK TABLES;

--
-- Table structure for table `auth_group_permissions`
--

DROP TABLE IF EXISTS `auth_group_permissions`;
/*!40101 SET @saved_cs_client     = @@character_set_client */;
/*!40101 SET character_set_client = utf8 */;
CREATE TABLE `auth_group_permissions` (
  `id` int(11) NOT NULL AUTO_INCREMENT,
  `group_id` int(11) NOT NULL,
  `permission_id` int(11) NOT NULL,
  PRIMARY KEY (`id`),
  UNIQUE KEY `group_id` (`group_id`,`permission_id`),
  KEY `auth_group_permissions_0e939a4f` (`group_id`),
  KEY `auth_group_permissions_8373b171` (`permission_id`),
  CONSTRAINT `auth_group_permissions_group_id_58c48ba9_fk_auth_group_id` FOREIGN KEY (`group_id`) REFERENCES `auth_group` (`id`),
  CONSTRAINT `auth_group_permissi_permission_id_23962d04_fk_auth_permission_id` FOREIGN KEY (`permission_id`) REFERENCES `auth_permission` (`id`)
) ENGINE=InnoDB AUTO_INCREMENT=8 DEFAULT CHARSET=latin1;
/*!40101 SET character_set_client = @saved_cs_client */;

--
-- Dumping data for table `auth_group_permissions`
--

LOCK TABLES `auth_group_permissions` WRITE;
/*!40000 ALTER TABLE `auth_group_permissions` DISABLE KEYS */;
INSERT INTO `auth_group_permissions` VALUES (5,1,25),(6,1,26),(7,1,27),(4,1,32);
/*!40000 ALTER TABLE `auth_group_permissions` ENABLE KEYS */;
UNLOCK TABLES;

--
-- Table structure for table `auth_permission`
--

DROP TABLE IF EXISTS `auth_permission`;
/*!40101 SET @saved_cs_client     = @@character_set_client */;
/*!40101 SET character_set_client = utf8 */;
CREATE TABLE `auth_permission` (
  `id` int(11) NOT NULL AUTO_INCREMENT,
  `name` varchar(50) NOT NULL,
  `content_type_id` int(11) NOT NULL,
  `codename` varchar(100) NOT NULL,
  PRIMARY KEY (`id`),
  UNIQUE KEY `content_type_id` (`content_type_id`,`codename`),
  KEY `auth_permission_417f1b1c` (`content_type_id`),
  CONSTRAINT `auth_permissi_content_type_id_51277a81_fk_django_content_type_id` FOREIGN KEY (`content_type_id`) REFERENCES `django_content_type` (`id`)
) ENGINE=InnoDB AUTO_INCREMENT=34 DEFAULT CHARSET=latin1;
/*!40101 SET character_set_client = @saved_cs_client */;

--
-- Dumping data for table `auth_permission`
--

LOCK TABLES `auth_permission` WRITE;
/*!40000 ALTER TABLE `auth_permission` DISABLE KEYS */;
INSERT INTO `auth_permission` VALUES (1,'Can add log entry',1,'add_logentry'),(2,'Can change log entry',1,'change_logentry'),(3,'Can delete log entry',1,'delete_logentry'),(4,'Can add permission',2,'add_permission'),(5,'Can change permission',2,'change_permission'),(6,'Can delete permission',2,'delete_permission'),(7,'Can add group',3,'add_group'),(8,'Can change group',3,'change_group'),(9,'Can delete group',3,'delete_group'),(10,'Can add user',4,'add_user'),(11,'Can change user',4,'change_user'),(12,'Can delete user',4,'delete_user'),(13,'Can add content type',5,'add_contenttype'),(14,'Can change content type',5,'change_contenttype'),(15,'Can delete content type',5,'delete_contenttype'),(16,'Can add session',6,'add_session'),(17,'Can change session',6,'change_session'),(18,'Can delete session',6,'delete_session'),(19,'Can add customer',7,'add_customer'),(20,'Can change customer',7,'change_customer'),(21,'Can delete customer',7,'delete_customer'),(22,'Can add category',8,'add_category'),(23,'Can change category',8,'change_category'),(24,'Can delete category',8,'delete_category'),(25,'Can add vendor',9,'add_vendor'),(26,'Can change vendor',9,'change_vendor'),(27,'Can delete vendor',9,'delete_vendor'),(28,'Can add vendor lead',10,'add_vendorlead'),(29,'Can change vendor lead',10,'change_vendorlead'),(30,'Can delete vendor lead',10,'delete_vendorlead'),(31,'Can add messages',11,'add_messages'),(32,'Can change messages',11,'change_messages'),(33,'Can delete messages',11,'delete_messages');
/*!40000 ALTER TABLE `auth_permission` ENABLE KEYS */;
UNLOCK TABLES;

--
-- Table structure for table `auth_user`
--

DROP TABLE IF EXISTS `auth_user`;
/*!40101 SET @saved_cs_client     = @@character_set_client */;
/*!40101 SET character_set_client = utf8 */;
CREATE TABLE `auth_user` (
  `id` int(11) NOT NULL AUTO_INCREMENT,
  `password` varchar(128) NOT NULL,
  `last_login` datetime NOT NULL,
  `is_superuser` tinyint(1) NOT NULL,
  `username` varchar(256) NOT NULL,
  `first_name` varchar(30) NOT NULL,
  `last_name` varchar(30) NOT NULL,
  `email` varchar(75) NOT NULL,
  `is_staff` tinyint(1) NOT NULL,
  `is_active` tinyint(1) NOT NULL,
  `date_joined` datetime NOT NULL,
  PRIMARY KEY (`id`),
  UNIQUE KEY `username` (`username`)
) ENGINE=InnoDB AUTO_INCREMENT=169 DEFAULT CHARSET=latin1;
/*!40101 SET character_set_client = @saved_cs_client */;

--
-- Dumping data for table `auth_user`
--

LOCK TABLES `auth_user` WRITE;
/*!40000 ALTER TABLE `auth_user` DISABLE KEYS */;
INSERT INTO `auth_user` VALUES (1,'pbkdf2_sha256$12000$KOIoZOzPTauR$ddw99YMUCgOiS1TfiiWbXfFJp6Iy3mpnONdkg7v49G8=','2015-08-27 10:31:51',1,'root','','','root@gm.com',1,1,'2015-06-28 17:32:56'),(74,'pbkdf2_sha256$12000$FaXI8yhqB6wE$CS0Isi3Oj9wgM9AlaFoTF+TqPk9piLNjIT2WT73zqYg=','2015-07-11 19:45:02',0,'banquet_homotel@wedwise.in','','','',0,1,'2015-07-11 19:45:02'),(75,'pbkdf2_sha256$12000$XjizvflG96ec$EO8mU1ukHluLodbWNpdmc9vzv47ryJYWFxezxoJB1TY=','2015-07-11 19:45:40',0,'banquet_novotel@wedwise.in','','','',0,1,'2015-07-11 19:45:40'),(76,'pbkdf2_sha256$12000$8nRRBryHcRzB$kUR0GpJ6LdNlgL1D06igG73tiaYR/9TNT6hGRZn8d50=','2015-07-11 19:46:47',0,'banquet_sun_n_sand@wedwise.in','','','',0,1,'2015-07-11 19:46:47'),(77,'pbkdf2_sha256$12000$6kFzkO2z22Bk$AggNREItnL0s2aoJzqxlEfylKvqKxohNM28mC3fLszY=','2015-07-11 19:47:41',0,'photo_clyde_n_karen@wedwise.in','','','',0,1,'2015-07-11 19:47:41'),(78,'pbkdf2_sha256$12000$Cicos0glgdSk$Rg97yoTXTCsVserrnZ0cCgqD1BXF4NZK5+sd6vmJhhc=','2015-07-11 19:48:20',0,'photo_prashant@wedwise.in','','','',0,1,'2015-07-11 19:48:20'),(79,'pbkdf2_sha256$12000$qqfCqqPYKinC$UYZCC+BPozwA0G18Gig+DtNSjh7fe1+jzKTs4fpFxRE=','2015-07-11 19:48:48',0,'photo_umesh_shah@wedwise.in','','','',0,1,'2015-07-11 19:48:48'),(80,'pbkdf2_sha256$12000$SCwD8qMsQCEV$h8QKdR9Xn97sPLMA/Ii2PSmwlPI0BMkIg+eMgMen0/8=','2015-07-11 19:49:26',0,'caterer_trupti@wedwise.in','','','',0,1,'2015-07-11 19:49:26'),(81,'pbkdf2_sha256$12000$Z06oBhgLWnOq$00Zvi8LJIhqX2m8oykaaD488rJH74qgU/2PpK/XX07Q=','2015-07-11 19:49:42',0,'caterer_grand@wedwise.in','','','',0,1,'2015-07-11 19:49:42'),(82,'pbkdf2_sha256$12000$udbS9J2A8aLa$oFw0mMKiYnL6rLVNkjS4VbfOCuB2DjJDE+S1MRKBJOE=','2015-07-11 19:50:01',0,'caterer_lakahani@wedwise.in','','','',0,1,'2015-07-11 19:50:01'),(83,'pbkdf2_sha256$12000$GYS9XjWdUcGS$Lrv+gk1yPxStZeL9lPk5cBlxszUhZzQre9ihp8wh5Pw=','2015-07-11 19:56:32',0,'makeup_charmikimi@wedwise.in','','','',0,1,'2015-07-11 19:56:32'),(84,'pbkdf2_sha256$12000$Nr409qSw1gd5$oz/0FASfZy+iaXlTofTNg7UDNAy23HeyrbscWgmuBT8=','2015-07-11 20:04:50',0,'makeup_ojas@wedwise.in','','','',0,1,'2015-07-11 20:04:50'),(85,'pbkdf2_sha256$12000$CgxWvA9vnozA$2J4+KWngiuPhDD+uoF4oufEIhKVNKzbtVjXoAUNu8Dg=','2015-07-11 20:05:07',0,'makeup_khushi@wedwise.in','','','',0,1,'2015-07-11 20:05:07'),(86,'pbkdf2_sha256$12000$pGWNwDbf27NG$uZd24bRbBoRUxWEJfHSsGJSobwx7Unr2k5u2XYyq7Ic=','2015-07-11 23:46:21',0,'customer@wedwise.in','','','customer@wedwise.in',0,1,'2015-07-11 23:46:21'),(87,'pbkdf2_sha256$12000$QLkoS1f5ky1l$lusGchfKcxthunZ3wVQWAX4zeH5Kw8y8PFQvrEIDxrM=','2015-07-18 10:45:13',0,'wed@gmal.com','','','wed@gmal.com',0,1,'2015-07-18 10:45:13'),(88,'pbkdf2_sha256$12000$k4IqpNCpsbJX$VTKSC+ApGWK8xKP0yXwgEaCMUxo6EbylPZ4w82kCqZ8=','2015-07-18 11:29:15',0,'lokesh@gmal.com','','','lokesh@gmal.com',0,1,'2015-07-18 11:29:15'),(89,'pbkdf2_sha256$12000$NtxpGlk3GApr$kPDlFUe8u/Ms7tbwn6QNRLR8mAxf6EeSjp93Xk042QA=','2015-07-18 12:16:05',0,'ankur.test17@gmail.com','','','ankur.test17@gmail.com',0,1,'2015-07-18 12:16:05'),(90,'pbkdf2_sha256$12000$GDYkFcHtkORS$5NWlR+XrkVfvqMBLjQs3QArxeDBdAycJ+vNmVASGQVw=','2015-07-18 13:47:07',0,'l.s321991@gmail.com','','','l.s321991@gmail.com',0,1,'2015-07-18 13:47:07'),(91,'pbkdf2_sha256$12000$9F14EodM5qEy$QvqzboXFxUPgIar03PSmgk5lmnOL2aH1XmSVgnnD958=','2015-07-18 14:22:29',0,'customer1@wedwise.in','','','customer1@wedwise.in',0,1,'2015-07-18 14:22:29'),(92,'pbkdf2_sha256$12000$pacGmwnTmbPR$So8rKkuBxPb5cUEU1OhP54BOihqZp3vZ3Pzj7Jrjw84=','2015-07-18 16:20:08',0,'swapnil_jain05@yahoo.in','','','swapnil_jain05@yahoo.in',0,1,'2015-07-18 16:20:08'),(93,'pbkdf2_sha256$12000$fXlASodWIqfg$ag9z0Vv0vjCDoNJ3ZnF1CvY4TrC9vnW9KqpEvfSwCCo=','2015-07-19 13:03:37',0,'test@gmail.com','','','test@gmail.com',0,1,'2015-07-19 13:03:37'),(94,'pbkdf2_sha256$12000$UzH3xRMJUkvW$zPzYqwdPGGORhGaiRS+aEcWk8I0FzTIVVKICtp82DEA=','2015-07-19 13:05:32',0,'vendortest@gmail.com','','','vendortest@gmail.com',0,1,'2015-07-19 13:05:32'),(95,'pbkdf2_sha256$12000$pwenw6anHgYB$7yDsj+/hmP1PbpZXPZQor1g3rUbPxDWda7nn4VFK0bA=','2015-07-21 12:20:14',0,'swapnil@gmail.com','','','swapnil@gmail.com',0,1,'2015-07-21 12:20:14'),(97,'pbkdf2_sha256$12000$ZRgRy2W4HVHC$BtF6PvaIQlTkmGlFvDnH9PGBqEtXA0VwMe2OJEF3Brk=','2015-07-23 19:46:28',0,'dummy_customer@wedwise.in','','','dummy_customer@wedwise.in',0,1,'2015-07-23 19:46:28'),(98,'pbkdf2_sha256$12000$cCe40VAtX6za$KHjubxsOiQrKmj+kf47p/HCEImUSC31R+yLc0NmWAMU=','2015-07-24 17:10:47',0,'swapnil_jain05d@yahoo.in','','','swapnil_jain05d@yahoo.in',0,1,'2015-07-24 17:10:47'),(99,'pbkdf2_sha256$12000$8AESg5hHphcJ$2xUesd6DxQdMnWLnHllOoF+pLGk0ayA9ZI0iZz3g/Lw=','2015-07-24 17:11:37',0,'swapnil_jain05dsd@yahoo.in','','','swapnil_jain05dsd@yahoo.in',0,1,'2015-07-24 17:11:37'),(100,'pbkdf2_sha256$12000$Si1MPjqbtLkt$8vY1Q/cIOJ8JcEivvBgPPCbPW8i3xbnnsp79tnHVj94=','2015-07-24 17:11:59',0,'swapnil_jain05dsdsd@yahoo.in','','','swapnil_jain05dsdsd@yahoo.in',0,1,'2015-07-24 17:11:59'),(101,'pbkdf2_sha256$12000$G5xABAcv7fDI$L1nCL0Px9Vt1HzvZ8kU1rwmfiUfCLqRI2q1t8bKoiFY=','2015-07-24 17:13:23',0,'swapnil_jain05asdsdsd@yahoo.in','','','swapnil_jain05asdsdsd@yahoo.in',0,1,'2015-07-24 17:13:23'),(102,'pbkdf2_sha256$12000$h6eZFA6AYqk0$9TMjOLgktpw7AbSbz4QqKg8v/++A3fwOUbfRLDh63hc=','2015-07-24 17:18:01',0,'swapnil_jain05acfsdsdsd@yahoo.in','','','swapnil_jain05acfsdsdsd@yahoo.in',0,1,'2015-07-24 17:18:01'),(104,'pbkdf2_sha256$12000$tuTpOHXEauf9$H1gypLfuUsJLzMhEO05zMscYJCVXW7XZtTuT7WD2zT4=','2015-07-24 19:20:01',0,'shiva@gmail.in','','','shiva@gmail.in',0,1,'2015-07-24 19:20:01'),(105,'pbkdf2_sha256$12000$6jMWhdtHxLzN$ybVD5Tlw/4FOwsgBUAfqX1zj6eD8sPtD9iyhHnHbszg=','2015-07-24 19:29:11',0,'deepak@gmail.in','','','deepak@gmail.in',0,1,'2015-07-24 19:29:11'),(106,'pbkdf2_sha256$12000$CTLdASHVK1GK$q39UfZNoyAKlhpRKYtAb32UcApxAQWZIKegmaQGqdKE=','2015-07-24 19:46:05',0,'test@gmail.in','','','test@gmail.in',0,1,'2015-07-24 19:46:05'),(107,'pbkdf2_sha256$12000$riy9Pw9OXUrX$zT4R+4CEteyxZYAXJ97MdSi+L3Ef6yhna5jXvTAbr1M=','2015-07-24 19:52:35',0,'user@gmail.in','','','user@gmail.in',0,1,'2015-07-24 19:52:35'),(108,'pbkdf2_sha256$12000$4kAs1X9lVI7Y$RxrBlsNivHU4BcKGroGkSQWl4+Ape4haBVy2gQ5Vnbk=','2015-07-24 19:54:35',0,'test@wed.in','','','test@wed.in',0,1,'2015-07-24 19:54:35'),(109,'pbkdf2_sha256$12000$lVYA0WP8SlVf$FkKRdg0cXnIVR97nW2NLXILq6pssjkHQg0TbxAG9P2Q=','2015-07-25 06:19:06',0,'asdf@gmail.com','','','asdf@gmail.com',0,1,'2015-07-25 06:19:06'),(110,'pbkdf2_sha256$12000$AVoCPWTVa5K3$nZuR8Vs78oZ4BDDhH2sfr9sYabktRskuRqQFJr3lUY8=','2015-07-30 08:14:30',0,'dharammehta@xyz.com','','','dharammehta@xyz.com',0,1,'2015-07-30 08:14:30'),(111,'pbkdf2_sha256$12000$CooVXs49YF5X$I2Z+oLUyzBdxBMUeV72IhufmSuhIbSNH4TuaAWd/Os4=','2015-07-31 12:06:34',0,'sadd@gmail.com','','','sadd@gmail.com',0,1,'2015-07-31 12:06:34'),(113,'pbkdf2_sha256$12000$VmZCm9AkBPDH$lf31sTH/00v0rkCrYiPzObqinm8ucpKXsfOnPdwG2fk=','2015-08-04 16:39:37',0,'vendor@gmail.com','','','vendor@gmail.com',0,1,'2015-08-04 16:39:37'),(114,'pbkdf2_sha256$12000$PXYkvktlTZWo$2Ko9o8xoYqB/pehHs/uDFfLI3K4pHGT7KcdTmO+yv2E=','2015-08-04 16:44:37',0,'deepak@vendor.com','','','deepak@vendor.com',0,1,'2015-08-04 16:44:37'),(115,'pbkdf2_sha256$12000$v8cnnOfqDsti$ye7OyEmMUI63ba6CTp1f1i2SCfNQ3SjDyL4QdGFNxDk=','2015-08-06 17:18:47',0,'aap@gmail.com','','','aap@gmail.com',0,1,'2015-08-06 17:18:47'),(116,'pbkdf2_sha256$12000$awEC4Yv8RhjT$FGCxAqkgWRYjV+A9W6A4F2h0uQhY7cq8hapdllRnyJ8=','2015-08-09 21:09:48',0,'vendor@gmail.in','','','vendor@gmail.in',0,1,'2015-08-09 21:09:48'),(117,'pbkdf2_sha256$12000$AjSC3V8otNzM$b7YCX6bStDmEvmkF4y9HsIWCIRzT4Z2pcyvhF6aXWe0=','2015-08-12 12:32:49',0,'mukesh.vijay3@gmail.com','','','mukesh.vijay3@gmail.com',0,1,'2015-08-12 12:32:49'),(118,'pbkdf2_sha256$12000$rqUf3urIoBbt$k77myM3vVJtP9T8LVIX6R9LpeJE/rAkGzye6kZ4VTZk=','2015-08-12 13:09:48',0,'rksh_vijay@yahoo.com','','','rksh_vijay@yahoo.com',0,1,'2015-08-12 13:09:48'),(119,'pbkdf2_sha256$12000$ake7cxXlk8Uh$aMlYl/d/AveDEVzXzBmGDtChNhjm/Ew+G2dBmbcvQro=','2015-08-12 20:26:36',0,'ankit.write@gmail.com','','','ankit.write@gmail.com',0,1,'2015-08-12 20:26:36'),(120,'pbkdf2_sha256$12000$4vi3xl95xay0$G7UBkP6m3+Ro9y9jj8nGv6eGImdD9GSsx+pahZYYdUc=','2015-08-12 20:28:32',0,'ankit.write1@gmail.com','','','ankit.write1@gmail.com',0,1,'2015-08-12 20:28:32'),(121,'pbkdf2_sha256$12000$R1gjdEaK65FJ$GsoIp500UQQBX6LkSkcVIXb1wWIM7tZiszxmczZZpVo=','2015-08-25 10:29:30',0,'ven_team_admin','','','',1,1,'2015-08-13 06:45:29'),(122,'pbkdf2_sha256$12000$okaXyD5ldwri$PEF6LOiu38bASITviv30e4iDWV4cnJiaVLJQzAdLD0c=','2015-08-13 16:24:37',0,'uma@wedwise.in','','','uma@wedwise.in',0,1,'2015-08-13 16:24:37'),(123,'pbkdf2_sha256$12000$3Ds5heYLJrpL$2th9kCh5k0fLGnZQx/ou0Kl5M7qmdGoyxmK4FPHAckw=','2015-08-13 19:55:46',0,'mukesh.vijay4@gmail.com','','','mukesh.vijay4@gmail.com',0,1,'2015-08-13 19:55:46'),(124,'pbkdf2_sha256$12000$5qZpGkCLPtab$dZzt0nZnRo0ooLD3AoLksxCmWDdL0WnUIIxLp7V3hPA=','2015-08-13 20:00:17',0,'deno.vj3@gmail.com','','','deno.vj3@gmail.com',0,1,'2015-08-13 20:00:17'),(125,'pbkdf2_sha256$12000$RRTWVTLd2Yfs$jZ1D9AuLdo5QPOA1B0sI8P2r0Pys4cBu5RCs/h/kCkw=','2015-08-14 14:24:56',0,'dharam@wedwise.in','','','dharam@wedwise.in',0,1,'2015-08-14 14:24:56'),(126,'pbkdf2_sha256$12000$phdSHczwWcs4$9zoQxOsDRPwTiJGsfPPgx7PJLHBtD1j6lgHB3TVGuH0=','2015-08-15 06:26:40',0,'test123@gmail.com','','','test123@gmail.com',0,1,'2015-08-15 06:26:40'),(127,'pbkdf2_sha256$12000$QRu0Kp5HJbnl$fzQ96WjFGCoLNH83w815hPAkU9uBUtM3L96jAWLr3sE=','2015-08-16 04:34:44',0,'atest@ggh.com','','','atest@ggh.com',0,1,'2015-08-16 04:34:44'),(128,'pbkdf2_sha256$12000$lmxD3aSaXuud$kY1l4Un8XOnCDko1Tw3ucWH7W6MAyFr2PEJILcFhyJY=','2015-08-16 07:11:49',0,'gshd@64264.com','','','gshd@64264.com',0,1,'2015-08-16 07:11:49'),(129,'pbkdf2_sha256$12000$nUCPjDqNMhdh$lA7xzB/Zx1znM1hw5zTc6qwr+1BF9feqkUoDTFO44qI=','2015-08-16 10:40:00',0,'qwerty@qwe.com','','','qwerty@qwe.com',0,1,'2015-08-16 10:40:00'),(130,'pbkdf2_sha256$12000$vzheGyG0hkgP$6fIiF0pnyLkdL85yyB3i4vUR3qHC3tJs1RuaJoliszQ=','2015-08-16 17:41:02',0,'roy@toy.com','','','roy@toy.com',0,1,'2015-08-16 17:41:02'),(131,'pbkdf2_sha256$12000$0GIT1gQZyb6Q$goZahktDJDRzmH12Q2dH5FIOsXwX7ZNyOFOw1e3CfnI=','2015-08-16 17:42:50',0,'royr@toy.com','','','royr@toy.com',0,1,'2015-08-16 17:42:50'),(132,'pbkdf2_sha256$12000$vqnBQZc5CImZ$kqpQlRMIgPsqB6rcjlF2Xb6uuoSTizJJM0LOipn1XrY=','2015-08-16 17:50:27',0,'qqq@asd.com','','','qqq@asd.com',0,1,'2015-08-16 17:50:27'),(133,'pbkdf2_sha256$12000$hvWb0qleYwMY$iovC/fihUXtxYzAX7g6w/THzBH4YTnHrmUrY7eN4VbM=','2015-08-16 17:59:15',0,'qwe@asd.com','','','qwe@asd.com',0,1,'2015-08-16 17:59:15'),(134,'pbkdf2_sha256$12000$KDNnesSn16zl$S9nqCC8xA4Zk1j8m4KhB3j0ayhwdIx/rOS1lURURBsA=','2015-08-16 18:00:59',0,'qrtwe@asd.com','','','qrtwe@asd.com',0,1,'2015-08-16 18:00:59'),(135,'pbkdf2_sha256$12000$K2Ket9RTCUaN$8dJbkBz9DN1JfbbXHMXV45d4WjtbYbnIbSgiENDNtQA=','2015-08-16 18:02:27',0,'qrtwhhe@asd.com','','','qrtwhhe@asd.com',0,1,'2015-08-16 18:02:27'),(136,'pbkdf2_sha256$12000$y2UCKBn3K93X$ttVuVtsVjFQ8E0igAxe0hYnrovOFQhvHlmK7Qhw5d08=','2015-08-16 18:03:05',0,'ravi@asd.com','','','ravi@asd.com',0,1,'2015-08-16 18:03:05'),(137,'pbkdf2_sha256$12000$GALMTxvmXJhU$ps8QqtZmiF4p2Yq35+KjPnyb8Kx2dBeynHkwS5QDfuU=','2015-08-16 18:04:35',0,'rati@asd.com','','','rati@asd.com',0,1,'2015-08-16 18:04:35'),(138,'pbkdf2_sha256$12000$m6dbeCzyTAZq$uf6q0zuGBKM88zERNZ/XNHCVp1elIpTNNuIRLS+cRyY=','2015-08-16 18:12:20',0,'mukeshvj90@gmail.com','','','mukeshvj90@gmail.com',0,1,'2015-08-16 18:12:20'),(139,'pbkdf2_sha256$12000$lIKTPMlhGntL$5xTBHgx4o0vViOAah2NVCmdpQ/Uc2KSEPGi7HslsD/Q=','2015-08-16 18:19:15',0,'ravi@sod.com','','','ravi@sod.com',0,1,'2015-08-16 18:19:15'),(140,'pbkdf2_sha256$12000$fYhlMDYzs4Bs$f7AK5NC5MOMLHKLpT2ZnQSJOeuPV7NYXuI84943wLE0=','2015-08-18 17:57:25',0,'test@test.com','','','test@test.com',0,1,'2015-08-18 17:57:25'),(143,'pbkdf2_sha256$12000$Xv62TNoa3x6O$pmzss16VJ7DoxRecRyyeGvUIBl/xL6R3f1/paWTJXMo=','2015-08-20 20:09:39',0,'zzz@gmail.com','','','zzz@gmail.com',0,1,'2015-08-20 20:09:39'),(144,'pbkdf2_sha256$12000$8I06oWBrISOy$9aRmME0twpRlLUvAtp7YsfFOuMbpjPBIB7wUM2zY6fs=','2015-08-20 20:19:54',0,'bchd@gmail.com','','','bchd@gmail.com',0,1,'2015-08-20 20:19:54'),(145,'pbkdf2_sha256$12000$g03CBEMFr2AW$s/IlzWUHWcx0YHwlqM4BogkbpmqFI3/9+kQOF1kasaY=','2015-08-20 20:31:49',0,'naya@gm.com','','','naya@gm.com',0,1,'2015-08-20 20:31:49'),(146,'pbkdf2_sha256$12000$ivRmukjvlmJY$48l3vZXFJzEVGUHwXMFg+fgBFVGJyZiEeHF/z6yWoN4=','2015-08-22 08:57:31',0,'sandeep@gmail.com','','','sandeep@gmail.com',0,1,'2015-08-22 08:57:31'),(147,'pbkdf2_sha256$12000$Vt54kYX14SfW$h2Nj1vZ2oOGD03QRl4JuqPvuIwGEGM9ewxOT3mB4hSU=','2015-08-22 09:04:54',0,'sandeep1@gmail.com','','','sandeep1@gmail.com',0,1,'2015-08-22 09:04:54'),(148,'pbkdf2_sha256$12000$WMXkVLtuoTwU$s2ZNbIIfck4fVeOtJRs39m+dqI4y4zo8PuCfAdy4BEU=','2015-08-23 04:35:25',0,'sndp123@gmail.com','','','sndp123@gmail.com',0,1,'2015-08-23 04:35:25'),(149,'pbkdf2_sha256$12000$6eHQSTSzZMFc$PXJvboISb3StYlkHTfgszp2yovsIQTdKO1DrLgfwSQ0=','2015-08-23 09:18:27',0,'exampleid100@gmail.com','','','exampleid100@gmail.com',0,1,'2015-08-23 09:18:27'),(154,'pbkdf2_sha256$12000$zSRId33BCdhR$DQuUQM9VZQXgFzknmkIulcU67HBtm1juMUu0BYrPomk=','2015-08-23 13:19:51',0,'deepakglbitm07@gmail.com','','','deepakglbitm07@gmail.com',0,1,'2015-08-23 13:19:51'),(155,'pbkdf2_sha256$12000$9WUm86rSoleV$RZX1WHhcWft623Hqssc4mywYnTbbAgc3zynzLQoim5U=','2015-08-25 11:34:27',0,'dd@dd.com','','','dd@dd.com',0,1,'2015-08-25 11:34:27'),(156,'pbkdf2_sha256$12000$KOyvX9eE6LNG$H0Ks9qPgX99PoTzkyVcX1MjQx4N4yXKWxSen9T0AusQ=','2015-08-25 11:40:36',0,'aa@aa.com','','','aa@aa.com',0,1,'2015-08-25 11:40:36'),(157,'pbkdf2_sha256$12000$s4VLNfziBKJE$FXp/3X+59dr2Be4o3+1dANm9VXp12saHPIgeIK0SXcU=','2015-08-25 16:34:32',0,'asdfg@gmail.com','','','asdfg@gmail.com',0,1,'2015-08-25 16:34:32'),(158,'pbkdf2_sha256$12000$CYLMsxzb5bM6$TaLesUh+RsdGexX0/fu+Wslngblhak258+LxXL447qo=','2015-08-25 16:42:02',0,'asdfgh@gmail.com','','','asdfgh@gmail.com',0,1,'2015-08-25 16:42:02'),(159,'pbkdf2_sha256$12000$kKmeL2Soyaxm$202dLLyhlzcmSH2s5pShsxQTZVW/Nq0jfLfyaUTn4fg=','2015-08-27 06:38:16',0,'ashvaraysingh@gmail.com','','','ashvaraysingh@gmail.com',0,1,'2015-08-27 06:38:16'),(160,'pbkdf2_sha256$12000$80znqIsu4RYF$S5AK3ieEoCLgLrXok1YHReFOZaxxJ7b4VYSHOhgTl7U=','2015-08-27 07:02:10',0,'ramendraqa@gmail.com','','','ramendraqa@gmail.com',0,1,'2015-08-27 07:02:10'),(161,'pbkdf2_sha256$12000$iGOpG2yQ4Qrv$/VwgfOmwK4IxavLWmxpJbhNymaVcslZvTjxMIxsnp9I=','2015-08-27 10:11:53',0,'preeti.sharma@bpomatrix.net','','','preeti.sharma@bpomatrix.net',0,1,'2015-08-27 10:11:53'),(162,'pbkdf2_sha256$12000$oA9J8L6jlm86$CyxypXrBIyfKMNHgKmFyWYBkj8gAAp2++AMJ29Q81uI=','2015-09-01 08:10:06',0,'nishu.saxena@gmail.com','','','nishu.saxena@gmail.com',0,1,'2015-09-01 08:10:06'),(163,'pbkdf2_sha256$12000$ICRNap74kLqN$580qe8gKAlmXAANn7yJ6QNAV7WtxozkbKeMi7V/VSjk=','2015-09-01 11:38:05',0,'priyaranjan.paikray@bpomatrix.net','','','priyaranjan.paikray@bpomatrix.net',0,1,'2015-09-01 11:38:05'),(164,'pbkdf2_sha256$12000$eG9VM8LjGXYN$BYwGs8FrWjbLg2X3CLS584tqrmoLZRBzg4XOPIlfPjs=','2015-09-01 23:08:14',0,'ragshr@gmail.com','','','ragshr@gmail.com',0,1,'2015-09-01 23:08:14'),(165,'pbkdf2_sha256$12000$KIu8GwBXbp9L$ka54nGWu0gusL7EkjYTEVk3qCbMO84l9+/YU6xRJS18=','2015-09-02 11:23:23',0,'azsx@gmail.com','','','azsx@gmail.com',0,1,'2015-09-02 11:23:23'),(166,'pbkdf2_sha256$12000$PclopPI2tlpA$7NnawhDctoWQ7BWRgSclEHHFlvbbzZtF5hH8klNkGws=','2015-09-03 09:31:10',0,'qwerty@gmail.com','','','qwerty@gmail.com',0,1,'2015-09-03 09:31:10'),(167,'pbkdf2_sha256$12000$LTFJ9Xqx6NJW$Y/1l/TZsF3sYCwY2Mnlzd7KKZxsY6hktmwRxSaUM/BY=','2015-09-03 11:50:27',0,'ash@live.in','','','ash@live.in',0,1,'2015-09-03 11:50:27'),(168,'pbkdf2_sha256$12000$HqmnITXv52VV$yAgFA5mf1t5jN1v6Ob4qYuynSBjCcrvXMUF2RcdV2aU=','2015-09-04 05:34:18',0,'ramendraqa1@gmail.com','','','ramendraqa1@gmail.com',0,1,'2015-09-04 05:34:18');
/*!40000 ALTER TABLE `auth_user` ENABLE KEYS */;
UNLOCK TABLES;

--
-- Table structure for table `auth_user_groups`
--

DROP TABLE IF EXISTS `auth_user_groups`;
/*!40101 SET @saved_cs_client     = @@character_set_client */;
/*!40101 SET character_set_client = utf8 */;
CREATE TABLE `auth_user_groups` (
  `id` int(11) NOT NULL AUTO_INCREMENT,
  `user_id` int(11) NOT NULL,
  `group_id` int(11) NOT NULL,
  PRIMARY KEY (`id`),
  UNIQUE KEY `user_id` (`user_id`,`group_id`),
  KEY `auth_user_groups_e8701ad4` (`user_id`),
  KEY `auth_user_groups_0e939a4f` (`group_id`),
  CONSTRAINT `auth_user_groups_group_id_30a071c9_fk_auth_group_id` FOREIGN KEY (`group_id`) REFERENCES `auth_group` (`id`),
  CONSTRAINT `auth_user_groups_user_id_24702650_fk_auth_user_id` FOREIGN KEY (`user_id`) REFERENCES `auth_user` (`id`)
) ENGINE=InnoDB AUTO_INCREMENT=2 DEFAULT CHARSET=latin1;
/*!40101 SET character_set_client = @saved_cs_client */;

--
-- Dumping data for table `auth_user_groups`
--

LOCK TABLES `auth_user_groups` WRITE;
/*!40000 ALTER TABLE `auth_user_groups` DISABLE KEYS */;
INSERT INTO `auth_user_groups` VALUES (1,121,1);
/*!40000 ALTER TABLE `auth_user_groups` ENABLE KEYS */;
UNLOCK TABLES;

--
-- Table structure for table `auth_user_user_permissions`
--

DROP TABLE IF EXISTS `auth_user_user_permissions`;
/*!40101 SET @saved_cs_client     = @@character_set_client */;
/*!40101 SET character_set_client = utf8 */;
CREATE TABLE `auth_user_user_permissions` (
  `id` int(11) NOT NULL AUTO_INCREMENT,
  `user_id` int(11) NOT NULL,
  `permission_id` int(11) NOT NULL,
  PRIMARY KEY (`id`),
  UNIQUE KEY `user_id` (`user_id`,`permission_id`),
  KEY `auth_user_user_permissions_e8701ad4` (`user_id`),
  KEY `auth_user_user_permissions_8373b171` (`permission_id`),
  CONSTRAINT `auth_user_user_permissions_user_id_7cd7acb6_fk_auth_user_id` FOREIGN KEY (`user_id`) REFERENCES `auth_user` (`id`),
  CONSTRAINT `auth_user_user_perm_permission_id_3d7071f0_fk_auth_permission_id` FOREIGN KEY (`permission_id`) REFERENCES `auth_permission` (`id`)
) ENGINE=InnoDB DEFAULT CHARSET=latin1;
/*!40101 SET character_set_client = @saved_cs_client */;

--
-- Dumping data for table `auth_user_user_permissions`
--

LOCK TABLES `auth_user_user_permissions` WRITE;
/*!40000 ALTER TABLE `auth_user_user_permissions` DISABLE KEYS */;
/*!40000 ALTER TABLE `auth_user_user_permissions` ENABLE KEYS */;
UNLOCK TABLES;

--
-- Table structure for table `customer_customer`
--

DROP TABLE IF EXISTS `customer_customer`;
/*!40101 SET @saved_cs_client     = @@character_set_client */;
/*!40101 SET character_set_client = utf8 */;
CREATE TABLE `customer_customer` (
  `user_id` int(11) NOT NULL,
  `groom_name` varchar(100) NOT NULL,
  `bride_name` varchar(100) NOT NULL,
  `contact_number` varchar(20) NOT NULL,
  `fbid` varchar(1024) NOT NULL,
  `gid` varchar(1024) NOT NULL,
  `identifier` varchar(512) NOT NULL,
  `tentative_wedding_date` varchar(20) DEFAULT NULL,
  `forgot_code` varchar(50) DEFAULT NULL,
  `contact_name` varchar(100) DEFAULT NULL,
  PRIMARY KEY (`user_id`),
  CONSTRAINT `customer_customer_user_id_57101913_fk_auth_user_id` FOREIGN KEY (`user_id`) REFERENCES `auth_user` (`id`)
) ENGINE=InnoDB DEFAULT CHARSET=latin1;
/*!40101 SET character_set_client = @saved_cs_client */;

--
-- Dumping data for table `customer_customer`
--

LOCK TABLES `customer_customer` WRITE;
/*!40000 ALTER TABLE `customer_customer` DISABLE KEYS */;
INSERT INTO `customer_customer` VALUES (93,'trdt','trdt','9560419801','','','test@gmail.com:HZ8I4kgzUG7PTeuTbunNn13CvX0','27-08-2015',NULL,'ram'),(109,'qwert','qwer','1234567890','','','asdf@gmail.com:tu4RiSBgjWg9jjncY6extoaJ2bY','26-08-2015',NULL,'qwerty'),(125,'Shraddha Verma','Abhishek Jain','9812212335','','','dharam@wedwise.in:-BSw2UWndW9YLG4kos0dCUntNcs','2016-03-23',NULL,'Mr. Jain'),(128,'sgdshgfug','gdshdkyfkyf','49549549549','','','gshd@64264.com:9sSTYY6Qz9d7HXj9v5SmAvo5b6I','',NULL,''),(129,'qwerty','qwerty','55457758875','','','qwerty@qwe.com:0RHmlyO6ulQILywdjMKJUvLDJIo','',NULL,''),(130,'toy','roy','50808525855','','','roy@toy.com:30ZWiZSYPjAz8elahl3w49zloKk','',NULL,''),(131,'toy','roy','50808525855','','','royr@toy.com:l3xdt9A3pAo5Sc7-yw6MNHKFOoU','',NULL,''),(132,'qwe','qwe','4545454544','','','qqq@asd.com:fvc_Y3QLkUVl1Iu4lyDVIn-oAI8','',NULL,''),(133,'qweer','qwertt','45454454554','','','qwe@asd.com:L_nklQzO-alzdDT5s4SBAwgwSLI','',NULL,''),(134,'qweer','qwertt','45454454554','','','qrtwe@asd.com:edJhr8VtCxhgWwniABGwa7LV62Q','',NULL,''),(135,'qweer','qwertt','45454454554','','','qrtwhhe@asd.com:w5GC_SAFIh8XHqrnGwIvM-M4Vyw','',NULL,''),(136,'qweer','root','45454454554','','','ravi@asd.com:Xe9qM6HquwK9Ahk_Urdc_x9tDxg','',NULL,''),(137,'qweer','root','45454454554','','','rati@asd.com:I8iViucdhM0nfub21q9sAYn1a2c','',NULL,''),(138,'y','yui','52212545845','','','mukeshvj90@gmail.com:u3RY8GqLDybhAXbr0tw-9-C4s7M','',NULL,''),(139,'god','zom','45778986445','','','ravi@sod.com:RdJWymepeOOjNo1mjn10JtZTRTw','',NULL,''),(140,'test','test','4567895052','','','test@test.com:hOfgcGJRGI2bbQqLGi_fy8NKrw8','',NULL,''),(143,'groom','bride','1234532453','','','zzz@gmail.com:hpWS9n1Wl1CKVJhg4ALxePGq3qE','2016-08-21',NULL,'xxx'),(144,'groom','bride','1234567890','','','bchd@gmail.com:3nuevmSKSwvR6pg_FNbG2PbWM4c','2015-08-22',NULL,'name'),(145,'nnn','nnn','9019019019','','','naya@gm.com:-tZDCtAGusJwNsgd2mr1PPG1hrs','2014-11-26',NULL,'Nishant Saxena'),(154,'grrom fb','bride','1234567890','1452000651775144','','deepakglbitm07@gmail.com:JMbUPpr1Q_gznA02bRSUncxeayw','2015-09-23',NULL,'deepak'),(155,'ed','de','8888888888','','','dd@dd.com:MM7ssJ35wCtdPzDsSy5WWiiKjKE','29-08-2015',NULL,'dd'),(157,'qwer','qwert','1234567890','','','asdfg@gmail.com:x61akRn_wJAD2NV6ozeGNnsq1A4','26-08-2015',NULL,'qwerty'),(158,'qwert','qwer','1234567890','','','asdfgh@gmail.com:LjXdAtuYjazfeGzROtRlz-iMF7g','26-08-2015',NULL,'qwerty'),(159,'abc','xyz','8130519041','','','ashvaraysingh@gmail.com:RS7Fpel5l6PEICiVZBjocVamNV8','2015-09-27',NULL,'ashvaray singh'),(160,'test groom','test','9560419801','','','ramendraqa@gmail.com:5I5ysHKpzHHsjgzhurGZHM9aA8Y','29-08-2015',NULL,'RAM'),(161,'vivek','priya','9599249973','','','preeti.sharma@bpomatrix.net:8kdl-4UAWy9j_WYCZoqXph8uA90','29-08-2015',NULL,'preeti '),(162,'Himanshi','Vicky','9085369888','','','nishu.saxena@gmail.com:-aXxfMHFNWGP9SY6d6DStZ0qDnY','2-11-2015',NULL,'Nishant'),(163,'levitate','levitate','99999999999','','','priyaranjan.paikray@bpomatrix.net:VIgDR7TD3D4rA3wkYKNR0s20pUs','02-09-2015',NULL,'priyaranjan'),(164,'test','test','9891098122','','','ragshr@gmail.com:Tl7ZaWfYqBc6eCQlmwWICGWJLyE','02-09-2015',NULL,'Rag'),(165,'asd','qwe','9876598761','','','azsx@gmail.com:OpqAWwJ6YeOPWzPRL5HK-ei-DnY','2016-09-02',NULL,'sam'),(166,'raza','rani','9878987898','','','qwerty@gmail.com:_RxPJkUvRUyqqRH2_fgV31OJJMM','2016-09-03',NULL,'ashvaray'),(167,'ssdf','qwe','9876567894','','','ash@live.in:wSnKV6amCi8BXLlPb99Og04zkpI','2015-12-05',NULL,'ashvaray'),(168,'Groom','bride','9560419801','','','ramendraqa1@gmail.com:2ScGs0yGWvaYkwu3skbrRq6S1uA','25-09-2015',NULL,'Ramendra');
/*!40000 ALTER TABLE `customer_customer` ENABLE KEYS */;
UNLOCK TABLES;

--
-- Table structure for table `customer_favorites`
--

DROP TABLE IF EXISTS `customer_favorites`;
/*!40101 SET @saved_cs_client     = @@character_set_client */;
/*!40101 SET character_set_client = utf8 */;
CREATE TABLE `customer_favorites` (
  `id` int(11) NOT NULL AUTO_INCREMENT,
  `favorite` varchar(2) NOT NULL,
  `customer_id` int(11) NOT NULL,
  `vendor_id` int(11) NOT NULL,
  PRIMARY KEY (`id`),
  KEY `customer_favorites_cb24373b` (`customer_id`),
  KEY `customer_favorites_96b1f972` (`vendor_id`),
  CONSTRAINT `customer_favorite_vendor_id_11913d96c51dd3a6_fk_vendor_vendor_id` FOREIGN KEY (`vendor_id`) REFERENCES `vendor_vendor` (`id`),
  CONSTRAINT `custom_customer_id_19e440efb94da3ea_fk_customer_customer_user_id` FOREIGN KEY (`customer_id`) REFERENCES `customer_customer` (`user_id`)
) ENGINE=InnoDB AUTO_INCREMENT=38 DEFAULT CHARSET=utf8;
/*!40101 SET character_set_client = @saved_cs_client */;

--
-- Dumping data for table `customer_favorites`
--

LOCK TABLES `customer_favorites` WRITE;
/*!40000 ALTER TABLE `customer_favorites` DISABLE KEYS */;
INSERT INTO `customer_favorites` VALUES (21,'1',129,18),(26,'-1',125,18),(27,'-1',125,19),(30,'1',125,21),(31,'1',158,18),(32,'1',158,19),(33,'1',158,22),(34,'-1',160,19),(35,'1',160,23),(36,'1',163,18),(37,'1',168,19);
/*!40000 ALTER TABLE `customer_favorites` ENABLE KEYS */;
UNLOCK TABLES;

--
-- Table structure for table `django_admin_log`
--

DROP TABLE IF EXISTS `django_admin_log`;
/*!40101 SET @saved_cs_client     = @@character_set_client */;
/*!40101 SET character_set_client = utf8 */;
CREATE TABLE `django_admin_log` (
  `id` int(11) NOT NULL AUTO_INCREMENT,
  `action_time` datetime NOT NULL,
  `object_id` longtext,
  `object_repr` varchar(200) NOT NULL,
  `action_flag` smallint(5) unsigned NOT NULL,
  `change_message` longtext NOT NULL,
  `content_type_id` int(11) DEFAULT NULL,
  `user_id` int(11) NOT NULL,
  PRIMARY KEY (`id`),
  KEY `django_admin_log_417f1b1c` (`content_type_id`),
  KEY `django_admin_log_e8701ad4` (`user_id`),
  CONSTRAINT `django_admin_log_user_id_1c5f563_fk_auth_user_id` FOREIGN KEY (`user_id`) REFERENCES `auth_user` (`id`),
  CONSTRAINT `django_admin__content_type_id_5151027a_fk_django_content_type_id` FOREIGN KEY (`content_type_id`) REFERENCES `django_content_type` (`id`)
) ENGINE=InnoDB AUTO_INCREMENT=256 DEFAULT CHARSET=latin1;
/*!40101 SET character_set_client = @saved_cs_client */;

--
-- Dumping data for table `django_admin_log`
--

LOCK TABLES `django_admin_log` WRITE;
/*!40000 ALTER TABLE `django_admin_log` DISABLE KEYS */;
INSERT INTO `django_admin_log` VALUES (1,'2015-07-11 18:17:43','5','Others',3,'',8,1),(2,'2015-07-11 18:19:36','3','Decorators',2,'Changed image.',8,1),(3,'2015-07-11 19:10:15','3','Hair & Makeup',2,'Changed name and key.',8,1),(4,'2015-07-11 19:12:32','17','vendor2@test.com belong to vendor Banquets (as )',3,'',9,1),(5,'2015-07-11 19:12:32','16','sljlsd@gm.com belong to vendor Banquets (as )',3,'',9,1),(6,'2015-07-11 19:12:32','15','sandeepgaddam123@gmail.com belong to vendor Banquets (as )',3,'',9,1),(7,'2015-07-11 19:12:32','14','iamcoder7@gmail.com belong to vendor Hair & Makeup (as )',3,'',9,1),(8,'2015-07-11 19:12:32','13','abc@abc.com belong to vendor Banquets (as )',3,'',9,1),(9,'2015-07-11 19:12:32','12','atttt@ttt.com belong to vendor Banquets (as )',3,'',9,1),(10,'2015-07-11 19:12:32','11','aattyy@aa.com belong to vendor Banquets (as )',3,'',9,1),(11,'2015-07-11 19:12:32','10','test11@test.com belong to vendor Banquets (as )',3,'',9,1),(12,'2015-07-11 19:12:32','9','aa@aa.com belong to vendor Banquets (as )',3,'',9,1),(13,'2015-07-11 19:12:32','8','common@test.com belong to vendor Banquets (as )',3,'',9,1),(14,'2015-07-11 19:12:32','7','test2@test2.com belong to vendor Banquets (as )',3,'',9,1),(15,'2015-07-11 19:12:32','6','test1@test1.com belong to vendor Banquets (as )',3,'',9,1),(16,'2015-07-11 19:12:32','5','vendor1@test.com belong to vendor Banquets (as )',3,'',9,1),(17,'2015-07-11 19:12:32','4','test@test.com belong to vendor Banquets (as )',3,'',9,1),(18,'2015-07-11 19:12:32','3','vendor@test.com belong to vendor Banquets (as )',3,'',9,1),(19,'2015-07-11 19:12:32','1','nishusaxena@gmail.com belong to vendor Banquets (as )',3,'',9,1),(20,'2015-07-11 19:12:55','2','root belong to vendor Banquets (as Admin)',3,'',9,1),(21,'2015-07-11 19:13:45','61','aa@aa.com',3,'',4,1),(22,'2015-07-11 19:13:45','65','aattyy@aa.com',3,'',4,1),(23,'2015-07-11 19:13:45','68','abc@abc.com',3,'',4,1),(24,'2015-07-11 19:13:45','66','atttt@ttt.com',3,'',4,1),(25,'2015-07-11 19:13:45','38','ccc',3,'',4,1),(26,'2015-07-11 19:13:45','60','common@test.com',3,'',4,1),(27,'2015-07-11 19:13:45','53','customer@test.com',3,'',4,1),(28,'2015-07-11 19:13:45','62','deepak@gmail.in',3,'',4,1),(29,'2015-07-11 19:13:45','69','iamcoder7@gmail.com',3,'',4,1),(30,'2015-07-11 19:13:45','44','nishu.saxena@gmail.com',3,'',4,1),(31,'2015-07-11 19:13:45','34','nishu.ssddccsaxenadd@gmail.com',3,'',4,1),(32,'2015-07-11 19:13:45','37','nishu.ssddsaasccsaxenadd@gmail.com',3,'',4,1),(33,'2015-07-11 19:13:45','33','nishu.ssddsaxenadd@gmail.com',3,'',4,1),(34,'2015-07-11 19:13:45','36','nishu.ssddssccsaxenadd@gmail.com',3,'',4,1),(35,'2015-07-11 19:13:45','51','nishusaxena@gmail.com',3,'',4,1),(36,'2015-07-11 19:13:45','71','sandeepgaddam123@gmail.com',3,'',4,1),(37,'2015-07-11 19:13:45','70','sandeeproy.465@gmail.com',3,'',4,1),(38,'2015-07-11 19:13:45','72','sljlsd@gm.com',3,'',4,1),(39,'2015-07-11 19:13:45','41','ss@gm.com',3,'',4,1),(40,'2015-07-11 19:13:45','42','ssdd@gm.com',3,'',4,1),(41,'2015-07-11 19:13:45','43','ssdsssd@gm.com',3,'',4,1),(42,'2015-07-11 19:13:45','39','sss@gm.com',3,'',4,1),(43,'2015-07-11 19:13:45','40','ssss@gm.com',3,'',4,1),(44,'2015-07-11 19:13:45','59','tedt@test.com',3,'',4,1),(45,'2015-07-11 19:13:45','63','test11@test.com',3,'',4,1),(46,'2015-07-11 19:13:45','64','test12@test.com',3,'',4,1),(47,'2015-07-11 19:13:45','67','test13@test.com',3,'',4,1),(48,'2015-07-11 19:13:45','56','test1@test1.com',3,'',4,1),(49,'2015-07-11 19:13:45','57','test2@test2.com',3,'',4,1),(50,'2015-07-11 19:13:45','54','test@test.com',3,'',4,1),(51,'2015-07-11 19:13:45','58','test@test1.com',3,'',4,1),(52,'2015-07-11 19:13:45','55','vendor1@test.com',3,'',4,1),(53,'2015-07-11 19:13:45','73','vendor2@test.com',3,'',4,1),(54,'2015-07-11 19:13:45','52','vendor@test.com',3,'',4,1),(55,'2015-07-11 19:45:02','74','banquet_homotel',1,'',4,1),(56,'2015-07-11 19:45:40','75','banquet_novotel',1,'',4,1),(57,'2015-07-11 19:46:47','76','banquet_sun_and_sand',1,'',4,1),(58,'2015-07-11 19:47:41','77','photographer_clyde_and_karen',1,'',4,1),(59,'2015-07-11 19:48:20','78','photographer_prashant',1,'',4,1),(60,'2015-07-11 19:48:48','79','photographer_umesh_shah',1,'',4,1),(61,'2015-07-11 19:49:26','80','caterer_trupti',1,'',4,1),(62,'2015-07-11 19:49:30','80','caterer_trupti',2,'No fields changed.',4,1),(63,'2015-07-11 19:49:42','81','caterer_grand',1,'',4,1),(64,'2015-07-11 19:49:47','81','caterer_grand',2,'No fields changed.',4,1),(65,'2015-07-11 19:50:01','82','caterer_lakahani',1,'',4,1),(66,'2015-07-11 19:50:14','74','banquet_homotel@wedwise.in',2,'Changed username.',4,1),(67,'2015-07-11 19:50:29','75','banquet_novotel@wedwise.in',2,'Changed username.',4,1),(68,'2015-07-11 19:50:43','76','banquet_sun_n_sand@wedwise.in',2,'Changed username.',4,1),(69,'2015-07-11 19:50:49','81','caterer_grand@wedwise.in',2,'Changed username.',4,1),(70,'2015-07-11 19:51:00','82','caterer_lakahani@wedwise.in',2,'Changed username.',4,1),(71,'2015-07-11 19:51:05','80','caterer_trupti@wedwise.in',2,'Changed username.',4,1),(72,'2015-07-11 19:51:37','77','photo_clyde_n_karen@wedwise.n',2,'Changed username.',4,1),(73,'2015-07-11 19:51:47','78','photo_prashant@wedwise.in',2,'Changed username.',4,1),(74,'2015-07-11 19:51:59','79','photo_umesh_shah@wedwise.in',2,'Changed username.',4,1),(75,'2015-07-11 19:52:35','74','banquet_homotel@wedwise.in',2,'Changed password.',4,1),(76,'2015-07-11 19:52:52','74','banquet_homotel@wedwise.in',2,'Changed password.',4,1),(77,'2015-07-11 19:53:16','75','banquet_novotel@wedwise.in',2,'Changed password.',4,1),(78,'2015-07-11 19:53:29','76','banquet_sun_n_sand@wedwise.in',2,'Changed password.',4,1),(79,'2015-07-11 19:53:42','76','banquet_sun_n_sand@wedwise.in',2,'Changed password.',4,1),(80,'2015-07-11 19:53:55','81','caterer_grand@wedwise.in',2,'Changed password.',4,1),(81,'2015-07-11 19:54:10','82','caterer_lakahani@wedwise.in',2,'Changed password.',4,1),(82,'2015-07-11 19:54:24','80','caterer_trupti@wedwise.in',2,'Changed password.',4,1),(83,'2015-07-11 19:54:40','77','photo_clyde_n_karen@wedwise.n',2,'Changed password.',4,1),(84,'2015-07-11 19:54:57','78','photo_prashant@wedwise.in',2,'Changed password.',4,1),(85,'2015-07-11 19:55:18','79','photo_umesh_shah@wedwise.in',2,'Changed password.',4,1),(86,'2015-07-11 19:56:32','83','makeup_charmikimi@wedwise.in',1,'',4,1),(87,'2015-07-11 20:04:50','84','makeup_ojas@wedwise.in',1,'',4,1),(88,'2015-07-11 20:05:07','85','makeup_khushi@wedwise.in',1,'',4,1),(89,'2015-07-11 20:10:10','18','banquet_homotel@wedwise.in belong to vendor Banquets (as Admin)',1,'',9,1),(90,'2015-07-11 20:13:48','19','banquet_novotel@wedwise.in belong to vendor Banquets (as Admin)',1,'',9,1),(91,'2015-07-11 20:15:46','20','banquet_sun_n_sand@wedwise.in belong to vendor Banquets (as Admin)',1,'',9,1),(92,'2015-07-11 20:19:14','21','caterer_grand@wedwise.in belong to vendor Catereres (as Admin)',1,'',9,1),(93,'2015-07-11 20:21:25','22','caterer_lakahani@wedwise.in belong to vendor Catereres (as Admin)',1,'',9,1),(94,'2015-07-11 20:22:58','23','caterer_trupti@wedwise.in belong to vendor Catereres (as Admin)',1,'',9,1),(95,'2015-07-11 20:24:48','24','makeup_charmikimi@wedwise.in belong to vendor Hair & Makeup (as Admin)',1,'',9,1),(96,'2015-07-11 20:46:29','24','makeup_charmikimi@wedwise.in belong to vendor Hair & Makeup (as Admin)',2,'Changed dynamic_info.',9,1),(97,'2015-07-11 20:47:41','24','makeup_charmikimi@wedwise.in belong to vendor Hair & Makeup (as Admin)',2,'Changed dynamic_info.',9,1),(98,'2015-07-11 20:48:25','24','makeup_charmikimi@wedwise.in belong to vendor Hair & Makeup (as Admin)',2,'Changed dynamic_info.',9,1),(99,'2015-07-11 20:58:36','24','makeup_charmikimi@wedwise.in belong to vendor Hair & Makeup (as Admin)',2,'Changed dynamic_info.',9,1),(100,'2015-07-11 20:58:53','23','caterer_trupti@wedwise.in belong to vendor Catereres (as Admin)',2,'Changed dynamic_info.',9,1),(101,'2015-07-11 20:59:22','22','caterer_lakahani@wedwise.in belong to vendor Catereres (as Admin)',2,'Changed dynamic_info.',9,1),(102,'2015-07-11 20:59:50','21','caterer_grand@wedwise.in belong to vendor Catereres (as Admin)',2,'Changed dynamic_info.',9,1),(103,'2015-07-11 21:01:57','21','caterer_grand@wedwise.in belong to vendor Catereres (as Admin)',2,'No fields changed.',9,1),(104,'2015-07-11 21:02:19','20','banquet_sun_n_sand@wedwise.in belong to vendor Banquets (as Admin)',2,'Changed address.',9,1),(105,'2015-07-11 21:02:43','19','banquet_novotel@wedwise.in belong to vendor Banquets (as Admin)',2,'Changed dynamic_info.',9,1),(106,'2015-07-11 22:20:00','18','banquet_homotel@wedwise.in belong to vendor Banquets (as Admin)',2,'Changed dynamic_info.',9,1),(107,'2015-07-11 22:20:37','20','banquet_sun_n_sand@wedwise.in belong to vendor Banquets (as Admin)',2,'No fields changed.',9,1),(108,'2015-07-11 22:22:34','20','banquet_sun_n_sand@wedwise.in belong to vendor Banquets (as Admin)',2,'Changed dynamic_info.',9,1),(109,'2015-07-11 22:23:53','20','banquet_sun_n_sand@wedwise.in belong to vendor Banquets (as Admin)',2,'Changed address.',9,1),(110,'2015-07-11 22:29:39','20','banquet_sun_n_sand@wedwise.in belong to vendor Banquets (as Admin)',2,'Changed address.',9,1),(111,'2015-07-11 22:31:37','20','banquet_sun_n_sand@wedwise.in belong to vendor Banquets (as Admin)',2,'Changed address.',9,1),(112,'2015-07-11 22:33:22','20','banquet_sun_n_sand@wedwise.in belong to vendor Banquets (as Admin)',2,'Changed address.',9,1),(113,'2015-07-11 22:34:14','20','banquet_sun_n_sand@wedwise.in belong to vendor Banquets (as Admin)',2,'Changed address.',9,1),(114,'2015-07-11 22:34:38','20','banquet_sun_n_sand@wedwise.in belong to vendor Banquets (as Admin)',2,'Changed address.',9,1),(115,'2015-07-11 22:43:52','20','banquet_sun_n_sand@wedwise.in belong to vendor Banquets (as Admin)',2,'Changed address and dynamic_info.',9,1),(116,'2015-07-11 22:48:20','20','banquet_sun_n_sand@wedwise.in belong to vendor Banquets (as Admin)',2,'Changed address.',9,1),(117,'2015-07-11 22:48:56','20','banquet_sun_n_sand@wedwise.in belong to vendor Banquets (as Admin)',3,'',9,1),(118,'2015-07-11 22:54:07','25','makeup_khushi@wedwise.in belong to vendor Hair & Makeup (as Admin)',1,'',9,1),(119,'2015-07-11 22:56:39','25','makeup_khushi@wedwise.in belong to vendor Hair & Makeup (as Admin)',2,'Changed dynamic_info.',9,1),(120,'2015-07-11 22:57:16','25','makeup_khushi@wedwise.in belong to vendor Hair & Makeup (as Admin)',2,'Changed dynamic_info.',9,1),(121,'2015-07-11 23:02:13','26','makeup_ojas@wedwise.in belong to vendor Hair & Makeup (as Admin)',1,'',9,1),(122,'2015-07-11 23:02:27','26','makeup_ojas@wedwise.in belong to vendor Hair & Makeup (as Admin)',2,'Changed address.',9,1),(123,'2015-07-11 23:05:17','26','makeup_ojas@wedwise.in belong to vendor Hair & Makeup (as Admin)',2,'Changed address.',9,1),(124,'2015-07-11 23:07:06','26','makeup_ojas@wedwise.in belong to vendor Hair & Makeup (as Admin)',2,'Changed address.',9,1),(125,'2015-07-11 23:07:19','26','makeup_ojas@wedwise.in belong to vendor Hair & Makeup (as Admin)',2,'Changed address.',9,1),(126,'2015-07-11 23:07:45','26','makeup_ojas@wedwise.in belong to vendor Hair & Makeup (as Admin)',2,'Changed dynamic_info.',9,1),(127,'2015-07-11 23:09:07','26','makeup_ojas@wedwise.in belong to vendor Hair & Makeup (as Admin)',2,'Changed dynamic_info.',9,1),(128,'2015-07-11 23:09:38','26','makeup_ojas@wedwise.in belong to vendor Hair & Makeup (as Admin)',2,'Changed dynamic_info.',9,1),(129,'2015-07-11 23:12:09','27','banquet_sun_n_sand@wedwise.in belong to vendor Banquets (as Admin)',1,'',9,1),(130,'2015-07-11 23:14:28','27','banquet_sun_n_sand@wedwise.in belong to vendor Banquets (as Admin)',3,'',9,1),(131,'2015-07-11 23:16:23','77','photo_clyde_n_karen@wedwise.in',2,'Changed username.',4,1),(132,'2015-07-11 23:21:30','28','photo_clyde_n_karen@wedwise.in belong to vendor Photographers (as Admin)',1,'',9,1),(133,'2015-07-11 23:22:14','28','photo_clyde_n_karen@wedwise.in belong to vendor Photographers (as Admin)',2,'Changed dynamic_info.',9,1),(134,'2015-07-11 23:27:02','29','photo_prashant@wedwise.in belong to vendor Photographers (as Admin)',1,'',9,1),(135,'2015-07-11 23:27:56','29','photo_prashant@wedwise.in belong to vendor Photographers (as Admin)',2,'Changed dynamic_info.',9,1),(136,'2015-07-11 23:30:28','29','photo_prashant@wedwise.in belong to vendor Photographers (as Admin)',2,'Changed dynamic_info.',9,1),(137,'2015-07-11 23:31:04','29','photo_prashant@wedwise.in belong to vendor Photographers (as Admin)',2,'Changed dynamic_info.',9,1),(138,'2015-07-18 18:37:24','18','banquet_homotel@wedwise.in belong to vendor Banquets (as Admin)',2,'Changed dynamic_info.',9,1),(139,'2015-07-18 18:41:36','18','banquet_homotel@wedwise.in belong to vendor Banquets (as Admin)',2,'Changed dynamic_info.',9,1),(140,'2015-07-18 19:01:03','18','banquet_homotel@wedwise.in belong to vendor Banquets (as Admin)',2,'Changed dynamic_info.',9,1),(141,'2015-07-18 21:48:00','18','banquet_homotel@wedwise.in belong to vendor Banquets (as Admin)',2,'Changed dynamic_info.',9,1),(142,'2015-07-18 21:50:50','18','banquet_homotel@wedwise.in belong to vendor Banquets (as Admin)',2,'Changed dynamic_info.',9,1),(143,'2015-07-18 21:58:04','18','banquet_homotel@wedwise.in belong to vendor Banquets (as Admin)',2,'Changed dynamic_info.',9,1),(144,'2015-07-18 22:00:01','18','banquet_homotel@wedwise.in belong to vendor Banquets (as Admin)',2,'Changed dynamic_info.',9,1),(145,'2015-07-18 22:06:11','18','banquet_homotel@wedwise.in belong to vendor Banquets (as Admin)',2,'Changed dynamic_info.',9,1),(146,'2015-07-21 13:06:26','18','banquet_homotel@wedwise.in belong to vendor Banquets (as Admin)',2,'Changed dynamic_info.',9,1),(147,'2015-07-25 09:38:18','19','banquet_novotel@wedwise.in belong to vendor Banquets (as Admin)',2,'Changed dynamic_info.',9,1),(148,'2015-07-25 10:45:17','19','banquet_novotel@wedwise.in belong to vendor Banquets (as Admin)',2,'Changed dynamic_info.',9,1),(149,'2015-07-25 10:46:58','19','banquet_novotel@wedwise.in belong to vendor Banquets (as Admin)',2,'Changed dynamic_info.',9,1),(150,'2015-07-25 10:58:46','19','banquet_novotel@wedwise.in belong to vendor Banquets (as Admin)',2,'Changed dynamic_info.',9,1),(151,'2015-07-25 20:49:32','18','banquet_homotel@wedwise.in belong to vendor Banquets (as Admin)',2,'Changed dynamic_info.',9,1),(152,'2015-07-25 20:51:20','18','banquet_homotel@wedwise.in belong to vendor Banquets (as Admin)',2,'Changed dynamic_info.',9,1),(153,'2015-07-25 21:15:47','18','banquet_homotel@wedwise.in belong to vendor Banquets (as Admin)',2,'Changed dynamic_info.',9,1),(154,'2015-07-26 12:09:31','18','banquet_homotel@wedwise.in belong to vendor Banquets (as Admin)',2,'Changed dynamic_info.',9,1),(155,'2015-07-26 18:41:14','18','banquet_homotel@wedwise.in belong to vendor Banquets (as Admin)',2,'Changed dynamic_info.',9,1),(156,'2015-07-26 18:41:59','18','banquet_homotel@wedwise.in belong to vendor Banquets (as Admin)',2,'Changed dynamic_info.',9,1),(157,'2015-07-26 19:01:44','18','banquet_homotel@wedwise.in belong to vendor Banquets (as Admin)',2,'Changed dynamic_info.',9,1),(158,'2015-08-13 06:24:32','1','VendorTeamAdmin',1,'',3,1),(159,'2015-08-13 06:45:29','121','ven_team_admin',1,'',4,1),(160,'2015-08-13 06:46:02','121','ven_team_admin',2,'Changed is_staff and groups.',4,1),(161,'2015-08-13 08:17:40','1','VendorTeamAdmin',2,'Changed permissions.',3,1),(162,'2015-08-13 08:22:48','1','root',2,'Changed password.',4,1),(163,'2015-08-15 07:51:49','18','banquet_homotel@wedwise.in belong to vendor Banquets (as Admin)',2,'Changed dynamic_info.',9,1),(164,'2015-08-15 09:39:19','18','banquet_homotel@wedwise.in belong to vendor Banquets (as Admin)',2,'Changed dynamic_info.',9,1),(165,'2015-08-16 04:54:54','126','Customer object',3,'',7,1),(166,'2015-08-16 04:54:54','125','Customer object',3,'',7,1),(167,'2015-08-16 04:54:54','124','Customer object',3,'',7,1),(168,'2015-08-16 04:54:54','123','Customer object',3,'',7,1),(169,'2015-08-16 04:54:54','122','Customer object',3,'',7,1),(170,'2015-08-16 04:54:54','120','Customer object',3,'',7,1),(171,'2015-08-16 04:54:54','119','Customer object',3,'',7,1),(172,'2015-08-16 04:54:54','118','Customer object',3,'',7,1),(173,'2015-08-16 04:54:54','117','Customer object',3,'',7,1),(174,'2015-08-16 04:54:54','115','Customer object',3,'',7,1),(175,'2015-08-16 04:54:54','111','Customer object',3,'',7,1),(176,'2015-08-16 04:54:54','110','Customer object',3,'',7,1),(177,'2015-08-16 04:54:54','109','Customer object',3,'',7,1),(178,'2015-08-16 04:54:54','108','Customer object',3,'',7,1),(179,'2015-08-16 04:54:54','107','Customer object',3,'',7,1),(180,'2015-08-16 04:54:54','106','Customer object',3,'',7,1),(181,'2015-08-16 04:54:54','105','Customer object',3,'',7,1),(182,'2015-08-16 04:54:54','104','Customer object',3,'',7,1),(183,'2015-08-16 04:54:54','103','Customer object',3,'',7,1),(184,'2015-08-16 04:54:54','102','Customer object',3,'',7,1),(185,'2015-08-16 04:54:54','101','Customer object',3,'',7,1),(186,'2015-08-16 04:54:54','100','Customer object',3,'',7,1),(187,'2015-08-16 04:54:54','99','Customer object',3,'',7,1),(188,'2015-08-16 04:54:54','98','Customer object',3,'',7,1),(189,'2015-08-16 04:54:54','97','Customer object',3,'',7,1),(190,'2015-08-16 04:54:54','96','Customer object',3,'',7,1),(191,'2015-08-16 04:54:54','95','Customer object',3,'',7,1),(192,'2015-08-16 04:54:54','93','Customer object',3,'',7,1),(193,'2015-08-16 04:54:54','92','Customer object',3,'',7,1),(194,'2015-08-16 04:54:54','89','Customer object',3,'',7,1),(195,'2015-08-16 04:54:54','88','Customer object',3,'',7,1),(196,'2015-08-16 04:54:54','87','Customer object',3,'',7,1),(197,'2015-08-16 04:54:54','86','Customer object',3,'',7,1),(198,'2015-08-16 14:06:13','96','Customer object',2,'Changed contact_name, tentative_wedding_date, fbid and gid.',7,1),(199,'2015-08-17 07:26:02','18','banquet_homotel@wedwise.in belong to vendor Banquets (as Admin)',2,'Changed dynamic_info.',9,1),(200,'2015-08-17 11:09:40','29','Messages object',3,'',11,1),(201,'2015-08-17 12:37:58','18','banquet_homotel@wedwise.in belong to vendor Banquets (as Admin)',2,'Changed dynamic_info.',9,1),(202,'2015-08-17 18:58:36','32','Messages object',3,'',11,1),(203,'2015-08-17 19:12:46','33','Messages object',3,'',11,1),(204,'2015-08-17 19:46:44','18','banquet_homotel@wedwise.in belong to vendor Banquets (as Admin)',2,'Changed dynamic_info.',9,1),(205,'2015-08-17 19:48:57','18','banquet_homotel@wedwise.in belong to vendor Banquets (as Admin)',2,'Changed dynamic_info.',9,1),(206,'2015-08-17 19:57:52','18','banquet_homotel@wedwise.in belong to vendor Banquets (as Admin)',2,'Changed dynamic_info.',9,1),(207,'2015-08-17 19:59:03','18','banquet_homotel@wedwise.in belong to vendor Banquets (as Admin)',2,'Changed dynamic_info.',9,1),(208,'2015-08-17 21:30:27','18','banquet_homotel@wedwise.in belong to vendor Banquets (as Admin)',2,'Changed dynamic_info.',9,1),(209,'2015-08-17 21:32:40','18','banquet_homotel@wedwise.in belong to vendor Banquets (as Admin)',2,'Changed dynamic_info.',9,1),(210,'2015-08-19 07:57:25','40','rksh_vijay@yahoo.com belong to vendor Banquets (as )',2,'Changed dynamic_info.',9,1),(211,'2015-08-20 19:14:10','19','banquet_novotel@wedwise.in belong to vendor Banquets (as Admin)',2,'Changed dynamic_info.',9,1),(212,'2015-08-21 18:40:10','18','banquet_homotel@wedwise.in belong to vendor Banquets (as Admin)',2,'Changed dynamic_info.',9,1),(213,'2015-08-21 19:13:46','23','caterer_trupti@wedwise.in belong to vendor Catereres (as Admin)',2,'Changed dynamic_info.',9,1),(214,'2015-08-22 05:04:37','23','caterer_trupti@wedwise.in belong to vendor Catereres (as Admin)',2,'No fields changed.',9,1),(215,'2015-08-22 05:07:30','22','caterer_lakahani@wedwise.in belong to vendor Catereres (as Admin)',2,'Changed name and dynamic_info.',9,1),(216,'2015-08-22 05:09:12','22','caterer_lakahani@wedwise.in belong to vendor Catereres (as Admin)',2,'No fields changed.',9,1),(217,'2015-08-22 05:09:48','22','caterer_lakahani@wedwise.in belong to vendor Catereres (as Admin)',2,'Changed dynamic_info.',9,1),(218,'2015-08-22 05:39:10','23','caterer_trupti@wedwise.in belong to vendor Catereres (as Admin)',2,'Changed dynamic_info.',9,1),(219,'2015-08-22 05:57:20','23','caterer_trupti@wedwise.in belong to vendor Catereres (as Admin)',2,'Changed dynamic_info.',9,1),(220,'2015-08-22 05:59:13','23','caterer_trupti@wedwise.in belong to vendor Catereres (as Admin)',2,'No fields changed.',9,1),(221,'2015-08-22 06:06:38','23','caterer_trupti@wedwise.in belong to vendor Catereres (as Admin)',2,'Changed dynamic_info.',9,1),(222,'2015-08-22 06:09:20','23','caterer_trupti@wedwise.in belong to vendor Catereres (as Admin)',2,'Changed dynamic_info.',9,1),(223,'2015-08-22 08:46:17','18','banquet_homotel@wedwise.in belong to vendor Banquets (as Admin)',2,'Changed dynamic_info.',9,1),(224,'2015-08-22 08:49:06','18','banquet_homotel@wedwise.in belong to vendor Banquets (as Admin)',2,'Changed dynamic_info.',9,1),(225,'2015-08-22 20:30:13','43','sandeep1@gmail.com belong to vendor Banquets (as )',2,'Changed dynamic_info, availability and active.',9,1),(226,'2015-08-22 20:30:29','42','sandeep@gmail.com belong to vendor Banquets (as )',2,'Changed dynamic_info, availability and active.',9,1),(227,'2015-08-22 20:30:47','41','atest@ggh.com belong to vendor Banquets (as )',2,'Changed dynamic_info and active.',9,1),(228,'2015-08-23 11:42:25','150','Customer object',3,'',7,1),(229,'2015-08-23 11:42:53','150','deepakglbitm07@gmail.com',3,'',4,1),(230,'2015-08-23 13:18:01','153','Customer object',3,'',7,1),(231,'2015-08-23 13:18:43','153','deepakglbitm07@gmail.com',3,'',4,1),(232,'2015-08-26 08:30:29','18','banquet_homotel@wedwise.in belong to vendor Banquets (as Admin)',2,'Changed dynamic_info.',9,1),(233,'2015-08-26 11:10:49','18','banquet_homotel@wedwise.in belong to vendor Banquets (as Admin)',2,'Changed dynamic_info.',9,1),(234,'2015-08-26 14:12:14','18','banquet_homotel@wedwise.in belong to vendor Banquets (as Admin)',2,'Changed dynamic_info.',9,1),(235,'2015-08-26 14:13:23','18','banquet_homotel@wedwise.in belong to vendor Banquets (as Admin)',2,'Changed dynamic_info.',9,1),(236,'2015-08-26 14:14:33','18','banquet_homotel@wedwise.in belong to vendor Banquets (as Admin)',2,'Changed dynamic_info.',9,1),(237,'2015-08-27 07:29:55','46','aa@aa.com belong to vendor Banquets (as )',2,'Changed dynamic_info and active.',9,1),(238,'2015-08-27 07:31:38','46','aa@aa.com belong to vendor Banquets (as )',2,'No fields changed.',9,1),(239,'2015-08-27 07:31:57','44','sndp123@gmail.com belong to vendor Banquets (as )',2,'Changed dynamic_info and active.',9,1),(240,'2015-08-27 07:32:15','45','exampleid100@gmail.com belong to vendor Banquets (as )',2,'Changed dynamic_info and active.',9,1),(241,'2015-08-27 07:39:39','19','banquet_novotel@wedwise.in belong to vendor Banquets (as Admin)',2,'Changed dynamic_info.',9,1),(242,'2015-08-27 07:43:11','19','banquet_novotel@wedwise.in belong to vendor Banquets (as Admin)',2,'Changed dynamic_info.',9,1),(243,'2015-08-27 10:32:14','96','nishu.saxena@gmail.com',3,'',4,1),(244,'2015-08-27 10:32:14','103','nishu1.saxena@gmail.com',3,'',4,1),(245,'2015-08-27 10:32:14','142','nishusaxen.a@gmail.com',3,'',4,1),(246,'2015-08-27 10:32:14','141','nishusaxena@gmail.com',3,'',4,1),(247,'2015-08-27 10:50:43','23','caterer_trupti@wedwise.in belong to vendor Catereres (as Admin)',2,'Changed dynamic_info.',9,1),(248,'2015-08-27 19:29:31','4','Photographers',3,'',8,1),(249,'2015-08-27 19:29:31','3','Hair & Makeup',3,'',8,1),(250,'2015-08-27 19:30:53','22','caterer_lakahani@wedwise.in belong to vendor Catereres (as Admin)',2,'Changed active.',9,1),(251,'2015-08-27 19:35:47','22','caterer_lakahani@wedwise.in belong to vendor Catereres (as Admin)',2,'Changed active.',9,1),(252,'2015-08-27 19:35:59','21','caterer_grand@wedwise.in belong to vendor Catereres (as Admin)',2,'Changed active.',9,1),(253,'2015-09-02 06:03:37','18','banquet_homotel@wedwise.in belong to vendor Banquets (as Admin)',2,'Changed dynamic_info.',9,1),(254,'2015-09-02 06:52:53','19','banquet_novotel@wedwise.in belong to vendor Banquets (as Admin)',2,'Changed dynamic_info.',9,1),(255,'2015-09-03 06:59:16','18','banquet_homotel@wedwise.in belong to vendor Banquets (as Admin)',2,'Changed availability.',9,1);
/*!40000 ALTER TABLE `django_admin_log` ENABLE KEYS */;
UNLOCK TABLES;

--
-- Table structure for table `django_content_type`
--

DROP TABLE IF EXISTS `django_content_type`;
/*!40101 SET @saved_cs_client     = @@character_set_client */;
/*!40101 SET character_set_client = utf8 */;
CREATE TABLE `django_content_type` (
  `id` int(11) NOT NULL AUTO_INCREMENT,
  `name` varchar(100) NOT NULL,
  `app_label` varchar(100) NOT NULL,
  `model` varchar(100) NOT NULL,
  PRIMARY KEY (`id`),
  UNIQUE KEY `django_content_type_app_label_3ec8c61c_uniq` (`app_label`,`model`)
) ENGINE=InnoDB AUTO_INCREMENT=12 DEFAULT CHARSET=latin1;
/*!40101 SET character_set_client = @saved_cs_client */;

--
-- Dumping data for table `django_content_type`
--

LOCK TABLES `django_content_type` WRITE;
/*!40000 ALTER TABLE `django_content_type` DISABLE KEYS */;
INSERT INTO `django_content_type` VALUES (1,'log entry','admin','logentry'),(2,'permission','auth','permission'),(3,'group','auth','group'),(4,'user','auth','user'),(5,'content type','contenttypes','contenttype'),(6,'session','sessions','session'),(7,'customer','customer','customer'),(8,'category','vendor','category'),(9,'vendor','vendor','vendor'),(10,'vendor lead','vendor','vendorlead'),(11,'messages','wedwise_messages','messages');
/*!40000 ALTER TABLE `django_content_type` ENABLE KEYS */;
UNLOCK TABLES;

--
-- Table structure for table `django_migrations`
--

DROP TABLE IF EXISTS `django_migrations`;
/*!40101 SET @saved_cs_client     = @@character_set_client */;
/*!40101 SET character_set_client = utf8 */;
CREATE TABLE `django_migrations` (
  `id` int(11) NOT NULL AUTO_INCREMENT,
  `app` varchar(255) NOT NULL,
  `name` varchar(255) NOT NULL,
  `applied` datetime NOT NULL,
  PRIMARY KEY (`id`)
) ENGINE=InnoDB AUTO_INCREMENT=27 DEFAULT CHARSET=latin1;
/*!40101 SET character_set_client = @saved_cs_client */;

--
-- Dumping data for table `django_migrations`
--

LOCK TABLES `django_migrations` WRITE;
/*!40000 ALTER TABLE `django_migrations` DISABLE KEYS */;
INSERT INTO `django_migrations` VALUES (1,'contenttypes','0001_initial','2015-06-28 17:31:36'),(2,'auth','0001_initial','2015-06-28 17:31:50'),(3,'admin','0001_initial','2015-06-28 17:31:52'),(4,'customer','0001_initial','2015-06-28 17:31:53'),(5,'sessions','0001_initial','2015-06-28 17:31:54'),(6,'vendor','0001_initial','2015-06-28 17:31:59'),(7,'customer','0002_auto_20150629_1300','2015-06-29 07:32:28'),(8,'customer','0003_auto_20150629_1301','2015-06-29 07:32:28'),(9,'customer','0004_auto_20150629_1301','2015-06-29 07:32:29'),(10,'vendor','0002_auto_20150702_1849','2015-07-02 13:19:48'),(11,'vendor','0003_vendorlead_name','2015-07-02 13:19:49'),(12,'vendor','0004_auto_20150702_1850','2015-07-02 13:20:46'),(13,'vendor','0005_auto_20150702_1920','2015-07-02 13:50:15'),(14,'vendor','0006_vendor_identifier','2015-07-02 14:36:28'),(15,'vendor','0007_vendor_dynamic_info','2015-07-02 17:58:44'),(16,'vendor','0008_auto_20150704_0910','2015-07-04 09:10:55'),(17,'wedwise_messages','0001_initial','2015-07-04 19:53:45'),(18,'wedwise_messages','0002_auto_20150704_2010','2015-07-04 20:10:14'),(19,'vendor','0009_remove_vendor_email','2015-07-07 16:34:47'),(20,'wedwise_messages','0003_auto_20150707_1431','2015-07-07 16:34:47'),(21,'wedwise_messages','0004_auto_20150709_1426','2015-07-09 14:36:28'),(22,'wedwise_messages','0005_auto_20150709_1706','2015-07-09 17:07:08'),(23,'wedwise_messages','0006_auto_20150709_1710','2015-07-09 17:10:13'),(24,'wedwise_messages','0007_remove_messages_msg_type','2015-07-09 18:01:06'),(25,'wedwise_messages','0008_messages_msg_type','2015-07-09 18:01:06'),(26,'wedwise_messages','0009_auto_20150713_1159','2015-07-13 12:00:03');
/*!40000 ALTER TABLE `django_migrations` ENABLE KEYS */;
UNLOCK TABLES;

--
-- Table structure for table `django_session`
--

DROP TABLE IF EXISTS `django_session`;
/*!40101 SET @saved_cs_client     = @@character_set_client */;
/*!40101 SET character_set_client = utf8 */;
CREATE TABLE `django_session` (
  `session_key` varchar(40) NOT NULL,
  `session_data` longtext NOT NULL,
  `expire_date` datetime NOT NULL,
  PRIMARY KEY (`session_key`),
  KEY `django_session_de54fa62` (`expire_date`)
) ENGINE=InnoDB DEFAULT CHARSET=latin1;
/*!40101 SET character_set_client = @saved_cs_client */;

--
-- Dumping data for table `django_session`
--

LOCK TABLES `django_session` WRITE;
/*!40000 ALTER TABLE `django_session` DISABLE KEYS */;
INSERT INTO `django_session` VALUES ('1aeqi1w829y8mlpsw06cnumtkr9mi290','MzY1NWU3NzQ2MmRmN2Q5YzYxZWZhNzdmMmUzYjk3MGMwZjE4NDJkMDp7Il9hdXRoX3VzZXJfaGFzaCI6IjM0Yjk5OTVmMzE4MjZkN2ViNjgyNmRiZGQ0OGI5NjA1ZDdmNmNlZWUiLCJfYXV0aF91c2VyX2JhY2tlbmQiOiJkamFuZ28uY29udHJpYi5hdXRoLmJhY2tlbmRzLk1vZGVsQmFja2VuZCIsIl9hdXRoX3VzZXJfaWQiOjF9','2015-08-27 08:23:11'),('1l0pr780h3a7qxn6p5bfoanxq6a3i81v','MzY1NWU3NzQ2MmRmN2Q5YzYxZWZhNzdmMmUzYjk3MGMwZjE4NDJkMDp7Il9hdXRoX3VzZXJfaGFzaCI6IjM0Yjk5OTVmMzE4MjZkN2ViNjgyNmRiZGQ0OGI5NjA1ZDdmNmNlZWUiLCJfYXV0aF91c2VyX2JhY2tlbmQiOiJkamFuZ28uY29udHJpYi5hdXRoLmJhY2tlbmRzLk1vZGVsQmFja2VuZCIsIl9hdXRoX3VzZXJfaWQiOjF9','2015-08-29 09:36:15'),('2vr45zdsk55dp05qmh1juotg88hiobb2','NzI4MDRiYTZjYjg5MWExM2NjZjkxZmQ4YjUyMjBjZTNjNmY2OTk5Mjp7Il9hdXRoX3VzZXJfaGFzaCI6IjM0Yjk5OTVmMzE4MjZkN2ViNjgyNmRiZGQ0OGI5NjA1ZDdmNmNlZWUiLCJfbWVzc2FnZXMiOiJbW1wiX19qc29uX21lc3NhZ2VcIiwwLDI1LFwiU3VjY2Vzc2Z1bGx5IGRlbGV0ZWQgNCB1c2Vycy5cIl0sW1wiX19qc29uX21lc3NhZ2VcIiwwLDI1LFwiVGhlIHZlbmRvciBcXFwiY2F0ZXJlcl90cnVwdGlAd2Vkd2lzZS5pbiBiZWxvbmcgdG8gdmVuZG9yIENhdGVyZXJlcyAoYXMgQWRtaW4pXFxcIiB3YXMgY2hhbmdlZCBzdWNjZXNzZnVsbHkuXCJdLFtcIl9fanNvbl9tZXNzYWdlXCIsMCwyNSxcIlN1Y2Nlc3NmdWxseSBkZWxldGVkIDIgY2F0ZWdvcnlzLlwiXSxbXCJfX2pzb25fbWVzc2FnZVwiLDAsMjUsXCJUaGUgdmVuZG9yIFxcXCJjYXRlcmVyX2xha2FoYW5pQHdlZHdpc2UuaW4gYmVsb25nIHRvIHZlbmRvciBDYXRlcmVyZXMgKGFzIEFkbWluKVxcXCIgd2FzIGNoYW5nZWQgc3VjY2Vzc2Z1bGx5LlwiXSxbXCJfX2pzb25fbWVzc2FnZVwiLDAsMjUsXCJUaGUgdmVuZG9yIFxcXCJjYXRlcmVyX2xha2FoYW5pQHdlZHdpc2UuaW4gYmVsb25nIHRvIHZlbmRvciBDYXRlcmVyZXMgKGFzIEFkbWluKVxcXCIgd2FzIGNoYW5nZWQgc3VjY2Vzc2Z1bGx5LlwiXSxbXCJfX2pzb25fbWVzc2FnZVwiLDAsMjUsXCJUaGUgdmVuZG9yIFxcXCJjYXRlcmVyX2dyYW5kQHdlZHdpc2UuaW4gYmVsb25nIHRvIHZlbmRvciBDYXRlcmVyZXMgKGFzIEFkbWluKVxcXCIgd2FzIGNoYW5nZWQgc3VjY2Vzc2Z1bGx5LlwiXV0iLCJfYXV0aF91c2VyX2lkIjoxLCJfYXV0aF91c2VyX2JhY2tlbmQiOiJkamFuZ28uY29udHJpYi5hdXRoLmJhY2tlbmRzLk1vZGVsQmFja2VuZCJ9','2015-09-10 19:35:59'),('5vr8ggadcyd84iwtuux6v7jnh7eghbbc','NzQyYWZhNzhlNmFiZmM5ZDZlOWRhMmNiZjczNDQ3NGFmNGMzZjJlMDp7Il9hdXRoX3VzZXJfaGFzaCI6IjhjZDlhNjRjNzQzODE0YTBkYjVlYmUyNDllMDIzYzU4OWQzNWUxODMiLCJfYXV0aF91c2VyX2JhY2tlbmQiOiJkamFuZ28uY29udHJpYi5hdXRoLmJhY2tlbmRzLk1vZGVsQmFja2VuZCIsIl9hdXRoX3VzZXJfaWQiOjF9','2015-08-27 06:22:20'),('627zlhgc5kbhwvu07phvakeica485zz1','YTM3MTRhM2Q5YWY1NTQ2YjMxZjdjZWIwZDhjOGZhYzViNzcxY2M2Zjp7fQ==','2015-09-08 10:32:28'),('b7iymzuh0p15gbo7pux368uwonimy306','ODg1Y2FmYTNjZGQyZjg4ODA2OTNlMjRlMTJmYmE0YmM5MTE5YTYzOTp7Il9hdXRoX3VzZXJfYmFja2VuZCI6ImRqYW5nby5jb250cmliLmF1dGguYmFja2VuZHMuTW9kZWxCYWNrZW5kIiwiX2F1dGhfdXNlcl9oYXNoIjoiMzRiOTk5NWYzMTgyNmQ3ZWI2ODI2ZGJkZDQ4Yjk2MDVkN2Y2Y2VlZSIsIl9hdXRoX3VzZXJfaWQiOjEsIl9tZXNzYWdlcyI6IltbXCJfX2pzb25fbWVzc2FnZVwiLDAsMjUsXCJUaGUgdmVuZG9yIFxcXCJiYW5xdWV0X25vdm90ZWxAd2Vkd2lzZS5pbiBiZWxvbmcgdG8gdmVuZG9yIEJhbnF1ZXRzIChhcyBBZG1pbilcXFwiIHdhcyBjaGFuZ2VkIHN1Y2Nlc3NmdWxseS5cIl0sW1wiX19qc29uX21lc3NhZ2VcIiwwLDI1LFwiVGhlIHZlbmRvciBcXFwiYmFucXVldF9ob21vdGVsQHdlZHdpc2UuaW4gYmVsb25nIHRvIHZlbmRvciBCYW5xdWV0cyAoYXMgQWRtaW4pXFxcIiB3YXMgY2hhbmdlZCBzdWNjZXNzZnVsbHkuXCJdXSJ9','2015-09-17 06:59:16'),('c4hwsmt121sphyb2th3bc3eap9fyhjof','YTRiZmM4NzY2YTAzM2I1YTU2ZmMyZThmMWEwZWUxMTRjNmNlODdhYTp7Il9hdXRoX3VzZXJfYmFja2VuZCI6ImRqYW5nby5jb250cmliLmF1dGguYmFja2VuZHMuTW9kZWxCYWNrZW5kIiwiX2F1dGhfdXNlcl9oYXNoIjoiOGNkOWE2NGM3NDM4MTRhMGRiNWViZTI0OWUwMjNjNTg5ZDM1ZTE4MyIsIl9hdXRoX3VzZXJfaWQiOjEsIl9tZXNzYWdlcyI6IltbXCJfX2pzb25fbWVzc2FnZVwiLDAsMjUsXCJUaGUgdmVuZG9yIFxcXCJiYW5xdWV0X2hvbW90ZWxAd2Vkd2lzZS5pbiBiZWxvbmcgdG8gdmVuZG9yIEJhbnF1ZXRzIChhcyBBZG1pbilcXFwiIHdhcyBjaGFuZ2VkIHN1Y2Nlc3NmdWxseS4gWW91IG1heSBlZGl0IGl0IGFnYWluIGJlbG93LlwiXSxbXCJfX2pzb25fbWVzc2FnZVwiLDAsMjUsXCJUaGUgdmVuZG9yIFxcXCJiYW5xdWV0X2hvbW90ZWxAd2Vkd2lzZS5pbiBiZWxvbmcgdG8gdmVuZG9yIEJhbnF1ZXRzIChhcyBBZG1pbilcXFwiIHdhcyBjaGFuZ2VkIHN1Y2Nlc3NmdWxseS4gWW91IG1heSBlZGl0IGl0IGFnYWluIGJlbG93LlwiXV0ifQ==','2015-08-09 19:01:44'),('caes1rbu1uihbo0nssd33u3sm1p775ln','NzQyYWZhNzhlNmFiZmM5ZDZlOWRhMmNiZjczNDQ3NGFmNGMzZjJlMDp7Il9hdXRoX3VzZXJfaGFzaCI6IjhjZDlhNjRjNzQzODE0YTBkYjVlYmUyNDllMDIzYzU4OWQzNWUxODMiLCJfYXV0aF91c2VyX2JhY2tlbmQiOiJkamFuZ28uY29udHJpYi5hdXRoLmJhY2tlbmRzLk1vZGVsQmFja2VuZCIsIl9hdXRoX3VzZXJfaWQiOjF9','2015-08-01 18:30:57'),('f5lrvul9rgdb2tpphmokcxzpaw8bhcd6','NzQyYWZhNzhlNmFiZmM5ZDZlOWRhMmNiZjczNDQ3NGFmNGMzZjJlMDp7Il9hdXRoX3VzZXJfaGFzaCI6IjhjZDlhNjRjNzQzODE0YTBkYjVlYmUyNDllMDIzYzU4OWQzNWUxODMiLCJfYXV0aF91c2VyX2JhY2tlbmQiOiJkamFuZ28uY29udHJpYi5hdXRoLmJhY2tlbmRzLk1vZGVsQmFja2VuZCIsIl9hdXRoX3VzZXJfaWQiOjF9','2015-08-04 12:46:51'),('igvrgipzx4getgztj2qhagl4cjaks6ei','ZDY0NmJhNDU4M2Q4YWJjMjkzMGJmNGQ0ZDFlZTA3YTI1ZTg4NGU5ZDp7Il9hdXRoX3VzZXJfYmFja2VuZCI6ImRqYW5nby5jb250cmliLmF1dGguYmFja2VuZHMuTW9kZWxCYWNrZW5kIiwiX2F1dGhfdXNlcl9oYXNoIjoiMzRiOTk5NWYzMTgyNmQ3ZWI2ODI2ZGJkZDQ4Yjk2MDVkN2Y2Y2VlZSIsIl9hdXRoX3VzZXJfaWQiOjEsIl9tZXNzYWdlcyI6IltbXCJfX2pzb25fbWVzc2FnZVwiLDAsMjUsXCJUaGUgdmVuZG9yIFxcXCJiYW5xdWV0X2hvbW90ZWxAd2Vkd2lzZS5pbiBiZWxvbmcgdG8gdmVuZG9yIEJhbnF1ZXRzIChhcyBBZG1pbilcXFwiIHdhcyBjaGFuZ2VkIHN1Y2Nlc3NmdWxseS5cIl0sW1wiX19qc29uX21lc3NhZ2VcIiwwLDI1LFwiVGhlIHZlbmRvciBcXFwic2FuZGVlcDFAZ21haWwuY29tIGJlbG9uZyB0byB2ZW5kb3IgQmFucXVldHMgKGFzIClcXFwiIHdhcyBjaGFuZ2VkIHN1Y2Nlc3NmdWxseS5cIl0sW1wiX19qc29uX21lc3NhZ2VcIiwwLDI1LFwiVGhlIHZlbmRvciBcXFwic2FuZGVlcEBnbWFpbC5jb20gYmVsb25nIHRvIHZlbmRvciBCYW5xdWV0cyAoYXMgKVxcXCIgd2FzIGNoYW5nZWQgc3VjY2Vzc2Z1bGx5LlwiXSxbXCJfX2pzb25fbWVzc2FnZVwiLDAsMjUsXCJUaGUgdmVuZG9yIFxcXCJhdGVzdEBnZ2guY29tIGJlbG9uZyB0byB2ZW5kb3IgQmFucXVldHMgKGFzIClcXFwiIHdhcyBjaGFuZ2VkIHN1Y2Nlc3NmdWxseS5cIl0sW1wiX19qc29uX21lc3NhZ2VcIiwwLDI1LFwiVGhlIGN1c3RvbWVyIFxcXCJDdXN0b21lciBvYmplY3RcXFwiIHdhcyBkZWxldGVkIHN1Y2Nlc3NmdWxseS5cIl0sW1wiX19qc29uX21lc3NhZ2VcIiwwLDI1LFwiU3VjY2Vzc2Z1bGx5IGRlbGV0ZWQgMSB1c2VyLlwiXSxbXCJfX2pzb25fbWVzc2FnZVwiLDAsMjUsXCJUaGUgY3VzdG9tZXIgXFxcIkN1c3RvbWVyIG9iamVjdFxcXCIgd2FzIGRlbGV0ZWQgc3VjY2Vzc2Z1bGx5LlwiXSxbXCJfX2pzb25fbWVzc2FnZVwiLDAsMjUsXCJUaGUgdXNlciBcXFwiZGVlcGFrZ2xiaXRtMDdAZ21haWwuY29tXFxcIiB3YXMgZGVsZXRlZCBzdWNjZXNzZnVsbHkuXCJdXSJ9','2015-09-06 13:18:43'),('jwd0wqkmp6n1bbn9vvoxikugfxndvitt','MzY1NWU3NzQ2MmRmN2Q5YzYxZWZhNzdmMmUzYjk3MGMwZjE4NDJkMDp7Il9hdXRoX3VzZXJfaGFzaCI6IjM0Yjk5OTVmMzE4MjZkN2ViNjgyNmRiZGQ0OGI5NjA1ZDdmNmNlZWUiLCJfYXV0aF91c2VyX2JhY2tlbmQiOiJkamFuZ28uY29udHJpYi5hdXRoLmJhY2tlbmRzLk1vZGVsQmFja2VuZCIsIl9hdXRoX3VzZXJfaWQiOjF9','2015-08-31 19:40:44'),('kx0synh5pnzvlbe5ksl3m25ee2r8fxce','MzY1NWU3NzQ2MmRmN2Q5YzYxZWZhNzdmMmUzYjk3MGMwZjE4NDJkMDp7Il9hdXRoX3VzZXJfaGFzaCI6IjM0Yjk5OTVmMzE4MjZkN2ViNjgyNmRiZGQ0OGI5NjA1ZDdmNmNlZWUiLCJfYXV0aF91c2VyX2JhY2tlbmQiOiJkamFuZ28uY29udHJpYi5hdXRoLmJhY2tlbmRzLk1vZGVsQmFja2VuZCIsIl9hdXRoX3VzZXJfaWQiOjF9','2015-09-05 20:24:06'),('q4ui5k158ykuh1fx0mqfd1e16r6cqsye','NzQyYWZhNzhlNmFiZmM5ZDZlOWRhMmNiZjczNDQ3NGFmNGMzZjJlMDp7Il9hdXRoX3VzZXJfaGFzaCI6IjhjZDlhNjRjNzQzODE0YTBkYjVlYmUyNDllMDIzYzU4OWQzNWUxODMiLCJfYXV0aF91c2VyX2JhY2tlbmQiOiJkamFuZ28uY29udHJpYi5hdXRoLmJhY2tlbmRzLk1vZGVsQmFja2VuZCIsIl9hdXRoX3VzZXJfaWQiOjF9','2015-07-16 02:52:28'),('r1vkrmu4npshuhvfdxs5nbgoknombnsg','YjEzOTc4OTJlNDVkZjk3ZDEyYzQ5OTQ4M2JiNzkzOGMwOGMwZTkwMzp7Il9hdXRoX3VzZXJfYmFja2VuZCI6ImRqYW5nby5jb250cmliLmF1dGguYmFja2VuZHMuTW9kZWxCYWNrZW5kIiwiX2F1dGhfdXNlcl9oYXNoIjoiOGNkOWE2NGM3NDM4MTRhMGRiNWViZTI0OWUwMjNjNTg5ZDM1ZTE4MyIsIl9hdXRoX3VzZXJfaWQiOjEsIl9tZXNzYWdlcyI6IltbXCJfX2pzb25fbWVzc2FnZVwiLDAsMjUsXCJUaGUgdXNlciBcXFwiYmFucXVldF9ob21vdGVsQHdlZHdpc2UuaW5cXFwiIHdhcyBjaGFuZ2VkIHN1Y2Nlc3NmdWxseS5cIl0sW1wiX19qc29uX21lc3NhZ2VcIiwwLDI1LFwiVGhlIHVzZXIgXFxcImJhbnF1ZXRfbm92b3RlbEB3ZWR3aXNlLmluXFxcIiB3YXMgY2hhbmdlZCBzdWNjZXNzZnVsbHkuXCJdLFtcIl9fanNvbl9tZXNzYWdlXCIsMCwyNSxcIlRoZSB1c2VyIFxcXCJiYW5xdWV0X3N1bl9uX3NhbmRAd2Vkd2lzZS5pblxcXCIgd2FzIGNoYW5nZWQgc3VjY2Vzc2Z1bGx5LlwiXSxbXCJfX2pzb25fbWVzc2FnZVwiLDAsMjUsXCJUaGUgdXNlciBcXFwiY2F0ZXJlcl9ncmFuZEB3ZWR3aXNlLmluXFxcIiB3YXMgY2hhbmdlZCBzdWNjZXNzZnVsbHkuIFlvdSBtYXkgYWRkIGFub3RoZXIgdXNlciBiZWxvdy5cIl0sW1wiX19qc29uX21lc3NhZ2VcIiwwLDI1LFwiVGhlIHVzZXIgXFxcImNhdGVyZXJfbGFrYWhhbmlAd2Vkd2lzZS5pblxcXCIgd2FzIGNoYW5nZWQgc3VjY2Vzc2Z1bGx5LlwiXSxbXCJfX2pzb25fbWVzc2FnZVwiLDAsMjUsXCJUaGUgdXNlciBcXFwiY2F0ZXJlcl90cnVwdGlAd2Vkd2lzZS5pblxcXCIgd2FzIGNoYW5nZWQgc3VjY2Vzc2Z1bGx5LlwiXSxbXCJfX2pzb25fbWVzc2FnZVwiLDAsMjUsXCJUaGUgdXNlciBcXFwicGhvdG9fY2x5ZGVfbl9rYXJlbkB3ZWR3aXNlLm5cXFwiIHdhcyBjaGFuZ2VkIHN1Y2Nlc3NmdWxseS5cIl0sW1wiX19qc29uX21lc3NhZ2VcIiwwLDI1LFwiVGhlIHVzZXIgXFxcInBob3RvX3ByYXNoYW50QHdlZHdpc2UuaW5cXFwiIHdhcyBjaGFuZ2VkIHN1Y2Nlc3NmdWxseS5cIl0sW1wiX19qc29uX21lc3NhZ2VcIiwwLDI1LFwiVGhlIHVzZXIgXFxcInBob3RvX3VtZXNoX3NoYWhAd2Vkd2lzZS5pblxcXCIgd2FzIGNoYW5nZWQgc3VjY2Vzc2Z1bGx5LlwiXSxbXCJfX2pzb25fbWVzc2FnZVwiLDAsMjUsXCJQYXNzd29yZCBjaGFuZ2VkIHN1Y2Nlc3NmdWxseS5cIl0sW1wiX19qc29uX21lc3NhZ2VcIiwwLDI1LFwiUGFzc3dvcmQgY2hhbmdlZCBzdWNjZXNzZnVsbHkuXCJdLFtcIl9fanNvbl9tZXNzYWdlXCIsMCwyNSxcIlBhc3N3b3JkIGNoYW5nZWQgc3VjY2Vzc2Z1bGx5LlwiXSxbXCJfX2pzb25fbWVzc2FnZVwiLDAsMjUsXCJQYXNzd29yZCBjaGFuZ2VkIHN1Y2Nlc3NmdWxseS5cIl0sW1wiX19qc29uX21lc3NhZ2VcIiwwLDI1LFwiUGFzc3dvcmQgY2hhbmdlZCBzdWNjZXNzZnVsbHkuXCJdLFtcIl9fanNvbl9tZXNzYWdlXCIsMCwyNSxcIlBhc3N3b3JkIGNoYW5nZWQgc3VjY2Vzc2Z1bGx5LlwiXSxbXCJfX2pzb25fbWVzc2FnZVwiLDAsMjUsXCJQYXNzd29yZCBjaGFuZ2VkIHN1Y2Nlc3NmdWxseS5cIl0sW1wiX19qc29uX21lc3NhZ2VcIiwwLDI1LFwiUGFzc3dvcmQgY2hhbmdlZCBzdWNjZXNzZnVsbHkuXCJdLFtcIl9fanNvbl9tZXNzYWdlXCIsMCwyNSxcIlBhc3N3b3JkIGNoYW5nZWQgc3VjY2Vzc2Z1bGx5LlwiXSxbXCJfX2pzb25fbWVzc2FnZVwiLDAsMjUsXCJQYXNzd29yZCBjaGFuZ2VkIHN1Y2Nlc3NmdWxseS5cIl0sW1wiX19qc29uX21lc3NhZ2VcIiwwLDI1LFwiUGFzc3dvcmQgY2hhbmdlZCBzdWNjZXNzZnVsbHkuXCJdLFtcIl9fanNvbl9tZXNzYWdlXCIsMCwyNSxcIlRoZSB1c2VyIFxcXCJtYWtldXBfY2hhcm1pa2ltaUB3ZWR3aXNlLmluXFxcIiB3YXMgYWRkZWQgc3VjY2Vzc2Z1bGx5LiBZb3UgbWF5IGFkZCBhbm90aGVyIHVzZXIgYmVsb3cuXCJdLFtcIl9fanNvbl9tZXNzYWdlXCIsMCwyNSxcIlRoZSB1c2VyIFxcXCJtYWtldXBfb2phc0B3ZWR3aXNlLmluXFxcIiB3YXMgYWRkZWQgc3VjY2Vzc2Z1bGx5LiBZb3UgbWF5IGFkZCBhbm90aGVyIHVzZXIgYmVsb3cuXCJdLFtcIl9fanNvbl9tZXNzYWdlXCIsMCwyNSxcIlRoZSB1c2VyIFxcXCJtYWtldXBfa2h1c2hpQHdlZHdpc2UuaW5cXFwiIHdhcyBhZGRlZCBzdWNjZXNzZnVsbHkuIFlvdSBtYXkgZWRpdCBpdCBhZ2FpbiBiZWxvdy5cIl0sW1wiX19qc29uX21lc3NhZ2VcIiwwLDI1LFwiVGhlIHZlbmRvciBcXFwiYmFucXVldF9ob21vdGVsQHdlZHdpc2UuaW4gYmVsb25nIHRvIHZlbmRvciBCYW5xdWV0cyAoYXMgQWRtaW4pXFxcIiB3YXMgYWRkZWQgc3VjY2Vzc2Z1bGx5LiBZb3UgbWF5IGFkZCBhbm90aGVyIHZlbmRvciBiZWxvdy5cIl0sW1wiX19qc29uX21lc3NhZ2VcIiwwLDI1LFwiVGhlIHZlbmRvciBcXFwiYmFucXVldF9ub3ZvdGVsQHdlZHdpc2UuaW4gYmVsb25nIHRvIHZlbmRvciBCYW5xdWV0cyAoYXMgQWRtaW4pXFxcIiB3YXMgYWRkZWQgc3VjY2Vzc2Z1bGx5LiBZb3UgbWF5IGFkZCBhbm90aGVyIHZlbmRvciBiZWxvdy5cIl0sW1wiX19qc29uX21lc3NhZ2VcIiwwLDI1LFwiVGhlIHZlbmRvciBcXFwiYmFucXVldF9zdW5fbl9zYW5kQHdlZHdpc2UuaW4gYmVsb25nIHRvIHZlbmRvciBCYW5xdWV0cyAoYXMgQWRtaW4pXFxcIiB3YXMgYWRkZWQgc3VjY2Vzc2Z1bGx5LiBZb3UgbWF5IGFkZCBhbm90aGVyIHZlbmRvciBiZWxvdy5cIl0sW1wiX19qc29uX21lc3NhZ2VcIiwwLDI1LFwiVGhlIHZlbmRvciBcXFwiY2F0ZXJlcl9ncmFuZEB3ZWR3aXNlLmluIGJlbG9uZyB0byB2ZW5kb3IgQ2F0ZXJlcmVzIChhcyBBZG1pbilcXFwiIHdhcyBhZGRlZCBzdWNjZXNzZnVsbHkuIFlvdSBtYXkgYWRkIGFub3RoZXIgdmVuZG9yIGJlbG93LlwiXSxbXCJfX2pzb25fbWVzc2FnZVwiLDAsMjUsXCJUaGUgdmVuZG9yIFxcXCJjYXRlcmVyX2xha2FoYW5pQHdlZHdpc2UuaW4gYmVsb25nIHRvIHZlbmRvciBDYXRlcmVyZXMgKGFzIEFkbWluKVxcXCIgd2FzIGFkZGVkIHN1Y2Nlc3NmdWxseS4gWW91IG1heSBhZGQgYW5vdGhlciB2ZW5kb3IgYmVsb3cuXCJdLFtcIl9fanNvbl9tZXNzYWdlXCIsMCwyNSxcIlRoZSB2ZW5kb3IgXFxcImNhdGVyZXJfdHJ1cHRpQHdlZHdpc2UuaW4gYmVsb25nIHRvIHZlbmRvciBDYXRlcmVyZXMgKGFzIEFkbWluKVxcXCIgd2FzIGFkZGVkIHN1Y2Nlc3NmdWxseS4gWW91IG1heSBhZGQgYW5vdGhlciB2ZW5kb3IgYmVsb3cuXCJdLFtcIl9fanNvbl9tZXNzYWdlXCIsMCwyNSxcIlRoZSB2ZW5kb3IgXFxcIm1ha2V1cF9jaGFybWlraW1pQHdlZHdpc2UuaW4gYmVsb25nIHRvIHZlbmRvciBIYWlyICYgTWFrZXVwIChhcyBBZG1pbilcXFwiIHdhcyBhZGRlZCBzdWNjZXNzZnVsbHkuXCJdLFtcIl9fanNvbl9tZXNzYWdlXCIsMCwyNSxcIlRoZSB2ZW5kb3IgXFxcIm1ha2V1cF9jaGFybWlraW1pQHdlZHdpc2UuaW4gYmVsb25nIHRvIHZlbmRvciBIYWlyICYgTWFrZXVwIChhcyBBZG1pbilcXFwiIHdhcyBjaGFuZ2VkIHN1Y2Nlc3NmdWxseS5cIl0sW1wiX19qc29uX21lc3NhZ2VcIiwwLDI1LFwiVGhlIHZlbmRvciBcXFwibWFrZXVwX2NoYXJtaWtpbWlAd2Vkd2lzZS5pbiBiZWxvbmcgdG8gdmVuZG9yIEhhaXIgJiBNYWtldXAgKGFzIEFkbWluKVxcXCIgd2FzIGNoYW5nZWQgc3VjY2Vzc2Z1bGx5LlwiXSxbXCJfX2pzb25fbWVzc2FnZVwiLDAsMjUsXCJUaGUgdmVuZG9yIFxcXCJtYWtldXBfY2hhcm1pa2ltaUB3ZWR3aXNlLmluIGJlbG9uZyB0byB2ZW5kb3IgSGFpciAmIE1ha2V1cCAoYXMgQWRtaW4pXFxcIiB3YXMgY2hhbmdlZCBzdWNjZXNzZnVsbHkuXCJdLFtcIl9fanNvbl9tZXNzYWdlXCIsMCwyNSxcIlRoZSB2ZW5kb3IgXFxcIm1ha2V1cF9jaGFybWlraW1pQHdlZHdpc2UuaW4gYmVsb25nIHRvIHZlbmRvciBIYWlyICYgTWFrZXVwIChhcyBBZG1pbilcXFwiIHdhcyBjaGFuZ2VkIHN1Y2Nlc3NmdWxseS5cIl0sW1wiX19qc29uX21lc3NhZ2VcIiwwLDI1LFwiVGhlIHZlbmRvciBcXFwiY2F0ZXJlcl90cnVwdGlAd2Vkd2lzZS5pbiBiZWxvbmcgdG8gdmVuZG9yIENhdGVyZXJlcyAoYXMgQWRtaW4pXFxcIiB3YXMgY2hhbmdlZCBzdWNjZXNzZnVsbHkuXCJdLFtcIl9fanNvbl9tZXNzYWdlXCIsMCwyNSxcIlRoZSB2ZW5kb3IgXFxcImNhdGVyZXJfbGFrYWhhbmlAd2Vkd2lzZS5pbiBiZWxvbmcgdG8gdmVuZG9yIENhdGVyZXJlcyAoYXMgQWRtaW4pXFxcIiB3YXMgY2hhbmdlZCBzdWNjZXNzZnVsbHkuXCJdLFtcIl9fanNvbl9tZXNzYWdlXCIsMCwyNSxcIlRoZSB2ZW5kb3IgXFxcImNhdGVyZXJfZ3JhbmRAd2Vkd2lzZS5pbiBiZWxvbmcgdG8gdmVuZG9yIENhdGVyZXJlcyAoYXMgQWRtaW4pXFxcIiB3YXMgY2hhbmdlZCBzdWNjZXNzZnVsbHkuXCJdLFtcIl9fanNvbl9tZXNzYWdlXCIsMCwyNSxcIlRoZSB2ZW5kb3IgXFxcImNhdGVyZXJfZ3JhbmRAd2Vkd2lzZS5pbiBiZWxvbmcgdG8gdmVuZG9yIENhdGVyZXJlcyAoYXMgQWRtaW4pXFxcIiB3YXMgY2hhbmdlZCBzdWNjZXNzZnVsbHkuXCJdLFtcIl9fanNvbl9tZXNzYWdlXCIsMCwyNSxcIlRoZSB2ZW5kb3IgXFxcImJhbnF1ZXRfc3VuX25fc2FuZEB3ZWR3aXNlLmluIGJlbG9uZyB0byB2ZW5kb3IgQmFucXVldHMgKGFzIEFkbWluKVxcXCIgd2FzIGNoYW5nZWQgc3VjY2Vzc2Z1bGx5LlwiXSxbXCJfX2pzb25fbWVzc2FnZVwiLDAsMjUsXCJUaGUgdmVuZG9yIFxcXCJiYW5xdWV0X25vdm90ZWxAd2Vkd2lzZS5pbiBiZWxvbmcgdG8gdmVuZG9yIEJhbnF1ZXRzIChhcyBBZG1pbilcXFwiIHdhcyBjaGFuZ2VkIHN1Y2Nlc3NmdWxseS5cIl0sW1wiX19qc29uX21lc3NhZ2VcIiwwLDI1LFwiVGhlIHZlbmRvciBcXFwiYmFucXVldF9ob21vdGVsQHdlZHdpc2UuaW4gYmVsb25nIHRvIHZlbmRvciBCYW5xdWV0cyAoYXMgQWRtaW4pXFxcIiB3YXMgY2hhbmdlZCBzdWNjZXNzZnVsbHkuXCJdLFtcIl9fanNvbl9tZXNzYWdlXCIsMCwyNSxcIlRoZSB2ZW5kb3IgXFxcImJhbnF1ZXRfc3VuX25fc2FuZEB3ZWR3aXNlLmluIGJlbG9uZyB0byB2ZW5kb3IgQmFucXVldHMgKGFzIEFkbWluKVxcXCIgd2FzIGNoYW5nZWQgc3VjY2Vzc2Z1bGx5LlwiXSxbXCJfX2pzb25fbWVzc2FnZVwiLDAsMjUsXCJUaGUgdmVuZG9yIFxcXCJiYW5xdWV0X3N1bl9uX3NhbmRAd2Vkd2lzZS5pbiBiZWxvbmcgdG8gdmVuZG9yIEJhbnF1ZXRzIChhcyBBZG1pbilcXFwiIHdhcyBjaGFuZ2VkIHN1Y2Nlc3NmdWxseS5cIl0sW1wiX19qc29uX21lc3NhZ2VcIiwwLDI1LFwiVGhlIHZlbmRvciBcXFwiYmFucXVldF9zdW5fbl9zYW5kQHdlZHdpc2UuaW4gYmVsb25nIHRvIHZlbmRvciBCYW5xdWV0cyAoYXMgQWRtaW4pXFxcIiB3YXMgY2hhbmdlZCBzdWNjZXNzZnVsbHkuXCJdLFtcIl9fanNvbl9tZXNzYWdlXCIsMCwyNSxcIlRoZSB2ZW5kb3IgXFxcImJhbnF1ZXRfc3VuX25fc2FuZEB3ZWR3aXNlLmluIGJlbG9uZyB0byB2ZW5kb3IgQmFucXVldHMgKGFzIEFkbWluKVxcXCIgd2FzIGNoYW5nZWQgc3VjY2Vzc2Z1bGx5LlwiXSxbXCJfX2pzb25fbWVzc2FnZVwiLDAsMjUsXCJUaGUgdmVuZG9yIFxcXCJiYW5xdWV0X3N1bl9uX3NhbmRAd2Vkd2lzZS5pbiBiZWxvbmcgdG8gdmVuZG9yIEJhbnF1ZXRzIChhcyBBZG1pbilcXFwiIHdhcyBjaGFuZ2VkIHN1Y2Nlc3NmdWxseS5cIl0sW1wiX19qc29uX21lc3NhZ2VcIiwwLDI1LFwiVGhlIHZlbmRvciBcXFwiYmFucXVldF9zdW5fbl9zYW5kQHdlZHdpc2UuaW4gYmVsb25nIHRvIHZlbmRvciBCYW5xdWV0cyAoYXMgQWRtaW4pXFxcIiB3YXMgY2hhbmdlZCBzdWNjZXNzZnVsbHkuXCJdLFtcIl9fanNvbl9tZXNzYWdlXCIsMCwyNSxcIlRoZSB2ZW5kb3IgXFxcImJhbnF1ZXRfc3VuX25fc2FuZEB3ZWR3aXNlLmluIGJlbG9uZyB0byB2ZW5kb3IgQmFucXVldHMgKGFzIEFkbWluKVxcXCIgd2FzIGNoYW5nZWQgc3VjY2Vzc2Z1bGx5LlwiXSxbXCJfX2pzb25fbWVzc2FnZVwiLDAsMjUsXCJUaGUgdmVuZG9yIFxcXCJiYW5xdWV0X3N1bl9uX3NhbmRAd2Vkd2lzZS5pbiBiZWxvbmcgdG8gdmVuZG9yIEJhbnF1ZXRzIChhcyBBZG1pbilcXFwiIHdhcyBjaGFuZ2VkIHN1Y2Nlc3NmdWxseS5cIl0sW1wiX19qc29uX21lc3NhZ2VcIiwwLDI1LFwiVGhlIHZlbmRvciBcXFwiYmFucXVldF9zdW5fbl9zYW5kQHdlZHdpc2UuaW4gYmVsb25nIHRvIHZlbmRvciBCYW5xdWV0cyAoYXMgQWRtaW4pXFxcIiB3YXMgY2hhbmdlZCBzdWNjZXNzZnVsbHkuXCJdLFtcIl9fanNvbl9tZXNzYWdlXCIsMCwyNSxcIlRoZSB2ZW5kb3IgXFxcImJhbnF1ZXRfc3VuX25fc2FuZEB3ZWR3aXNlLmluIGJlbG9uZyB0byB2ZW5kb3IgQmFucXVldHMgKGFzIEFkbWluKVxcXCIgd2FzIGNoYW5nZWQgc3VjY2Vzc2Z1bGx5LlwiXSxbXCJfX2pzb25fbWVzc2FnZVwiLDAsMjUsXCJTdWNjZXNzZnVsbHkgZGVsZXRlZCAxIHZlbmRvci5cIl0sW1wiX19qc29uX21lc3NhZ2VcIiwwLDI1LFwiVGhlIHZlbmRvciBcXFwibWFrZXVwX2todXNoaUB3ZWR3aXNlLmluIGJlbG9uZyB0byB2ZW5kb3IgSGFpciAmIE1ha2V1cCAoYXMgQWRtaW4pXFxcIiB3YXMgYWRkZWQgc3VjY2Vzc2Z1bGx5LlwiXSxbXCJfX2pzb25fbWVzc2FnZVwiLDAsMjUsXCJUaGUgdmVuZG9yIFxcXCJtYWtldXBfa2h1c2hpQHdlZHdpc2UuaW4gYmVsb25nIHRvIHZlbmRvciBIYWlyICYgTWFrZXVwIChhcyBBZG1pbilcXFwiIHdhcyBjaGFuZ2VkIHN1Y2Nlc3NmdWxseS5cIl0sW1wiX19qc29uX21lc3NhZ2VcIiwwLDI1LFwiVGhlIHZlbmRvciBcXFwibWFrZXVwX2todXNoaUB3ZWR3aXNlLmluIGJlbG9uZyB0byB2ZW5kb3IgSGFpciAmIE1ha2V1cCAoYXMgQWRtaW4pXFxcIiB3YXMgY2hhbmdlZCBzdWNjZXNzZnVsbHkuXCJdLFtcIl9fanNvbl9tZXNzYWdlXCIsMCwyNSxcIlRoZSB2ZW5kb3IgXFxcIm1ha2V1cF9vamFzQHdlZHdpc2UuaW4gYmVsb25nIHRvIHZlbmRvciBIYWlyICYgTWFrZXVwIChhcyBBZG1pbilcXFwiIHdhcyBhZGRlZCBzdWNjZXNzZnVsbHkuXCJdLFtcIl9fanNvbl9tZXNzYWdlXCIsMCwyNSxcIlRoZSB2ZW5kb3IgXFxcIm1ha2V1cF9vamFzQHdlZHdpc2UuaW4gYmVsb25nIHRvIHZlbmRvciBIYWlyICYgTWFrZXVwIChhcyBBZG1pbilcXFwiIHdhcyBjaGFuZ2VkIHN1Y2Nlc3NmdWxseS5cIl0sW1wiX19qc29uX21lc3NhZ2VcIiwwLDI1LFwiVGhlIHZlbmRvciBcXFwibWFrZXVwX29qYXNAd2Vkd2lzZS5pbiBiZWxvbmcgdG8gdmVuZG9yIEhhaXIgJiBNYWtldXAgKGFzIEFkbWluKVxcXCIgd2FzIGNoYW5nZWQgc3VjY2Vzc2Z1bGx5LlwiXSxbXCJfX2pzb25fbWVzc2FnZVwiLDAsMjUsXCJUaGUgdmVuZG9yIFxcXCJtYWtldXBfb2phc0B3ZWR3aXNlLmluIGJlbG9uZyB0byB2ZW5kb3IgSGFpciAmIE1ha2V1cCAoYXMgQWRtaW4pXFxcIiB3YXMgY2hhbmdlZCBzdWNjZXNzZnVsbHkuXCJdLFtcIl9fanNvbl9tZXNzYWdlXCIsMCwyNSxcIlRoZSB2ZW5kb3IgXFxcIm1ha2V1cF9vamFzQHdlZHdpc2UuaW4gYmVsb25nIHRvIHZlbmRvciBIYWlyICYgTWFrZXVwIChhcyBBZG1pbilcXFwiIHdhcyBjaGFuZ2VkIHN1Y2Nlc3NmdWxseS5cIl0sW1wiX19qc29uX21lc3NhZ2VcIiwwLDI1LFwiVGhlIHZlbmRvciBcXFwibWFrZXVwX29qYXNAd2Vkd2lzZS5pbiBiZWxvbmcgdG8gdmVuZG9yIEhhaXIgJiBNYWtldXAgKGFzIEFkbWluKVxcXCIgd2FzIGNoYW5nZWQgc3VjY2Vzc2Z1bGx5LlwiXSxbXCJfX2pzb25fbWVzc2FnZVwiLDAsMjUsXCJUaGUgdmVuZG9yIFxcXCJtYWtldXBfb2phc0B3ZWR3aXNlLmluIGJlbG9uZyB0byB2ZW5kb3IgSGFpciAmIE1ha2V1cCAoYXMgQWRtaW4pXFxcIiB3YXMgY2hhbmdlZCBzdWNjZXNzZnVsbHkuXCJdLFtcIl9fanNvbl9tZXNzYWdlXCIsMCwyNSxcIlRoZSB2ZW5kb3IgXFxcIm1ha2V1cF9vamFzQHdlZHdpc2UuaW4gYmVsb25nIHRvIHZlbmRvciBIYWlyICYgTWFrZXVwIChhcyBBZG1pbilcXFwiIHdhcyBjaGFuZ2VkIHN1Y2Nlc3NmdWxseS5cIl0sW1wiX19qc29uX21lc3NhZ2VcIiwwLDI1LFwiVGhlIHZlbmRvciBcXFwiYmFucXVldF9zdW5fbl9zYW5kQHdlZHdpc2UuaW4gYmVsb25nIHRvIHZlbmRvciBCYW5xdWV0cyAoYXMgQWRtaW4pXFxcIiB3YXMgYWRkZWQgc3VjY2Vzc2Z1bGx5LlwiXSxbXCJfX2pzb25fbWVzc2FnZVwiLDAsMjUsXCJUaGUgdmVuZG9yIFxcXCJiYW5xdWV0X3N1bl9uX3NhbmRAd2Vkd2lzZS5pbiBiZWxvbmcgdG8gdmVuZG9yIEJhbnF1ZXRzIChhcyBBZG1pbilcXFwiIHdhcyBkZWxldGVkIHN1Y2Nlc3NmdWxseS5cIl0sW1wiX19qc29uX21lc3NhZ2VcIiwwLDI1LFwiVGhlIHVzZXIgXFxcInBob3RvX2NseWRlX25fa2FyZW5Ad2Vkd2lzZS5pblxcXCIgd2FzIGNoYW5nZWQgc3VjY2Vzc2Z1bGx5LlwiXSxbXCJfX2pzb25fbWVzc2FnZVwiLDAsMjUsXCJUaGUgdmVuZG9yIFxcXCJwaG90b19jbHlkZV9uX2thcmVuQHdlZHdpc2UuaW4gYmVsb25nIHRvIHZlbmRvciBQaG90b2dyYXBoZXJzIChhcyBBZG1pbilcXFwiIHdhcyBhZGRlZCBzdWNjZXNzZnVsbHkuXCJdLFtcIl9fanNvbl9tZXNzYWdlXCIsMCwyNSxcIlRoZSB2ZW5kb3IgXFxcInBob3RvX2NseWRlX25fa2FyZW5Ad2Vkd2lzZS5pbiBiZWxvbmcgdG8gdmVuZG9yIFBob3RvZ3JhcGhlcnMgKGFzIEFkbWluKVxcXCIgd2FzIGNoYW5nZWQgc3VjY2Vzc2Z1bGx5LlwiXSxbXCJfX2pzb25fbWVzc2FnZVwiLDAsMjUsXCJUaGUgdmVuZG9yIFxcXCJwaG90b19wcmFzaGFudEB3ZWR3aXNlLmluIGJlbG9uZyB0byB2ZW5kb3IgUGhvdG9ncmFwaGVycyAoYXMgQWRtaW4pXFxcIiB3YXMgYWRkZWQgc3VjY2Vzc2Z1bGx5LlwiXSxbXCJfX2pzb25fbWVzc2FnZVwiLDAsMjUsXCJUaGUgdmVuZG9yIFxcXCJwaG90b19wcmFzaGFudEB3ZWR3aXNlLmluIGJlbG9uZyB0byB2ZW5kb3IgUGhvdG9ncmFwaGVycyAoYXMgQWRtaW4pXFxcIiB3YXMgY2hhbmdlZCBzdWNjZXNzZnVsbHkuXCJdLFtcIl9fanNvbl9tZXNzYWdlXCIsMCwyNSxcIlRoZSB2ZW5kb3IgXFxcInBob3RvX3ByYXNoYW50QHdlZHdpc2UuaW4gYmVsb25nIHRvIHZlbmRvciBQaG90b2dyYXBoZXJzIChhcyBBZG1pbilcXFwiIHdhcyBjaGFuZ2VkIHN1Y2Nlc3NmdWxseS5cIl0sW1wiX19qc29uX21lc3NhZ2VcIiwwLDI1LFwiVGhlIHZlbmRvciBcXFwicGhvdG9fcHJhc2hhbnRAd2Vkd2lzZS5pbiBiZWxvbmcgdG8gdmVuZG9yIFBob3RvZ3JhcGhlcnMgKGFzIEFkbWluKVxcXCIgd2FzIGNoYW5nZWQgc3VjY2Vzc2Z1bGx5LlwiXV0ifQ==','2015-07-25 23:31:04'),('tu2dr6sc6hgjkxdbfs2h71t7v62zzyz7','MzY1NWU3NzQ2MmRmN2Q5YzYxZWZhNzdmMmUzYjk3MGMwZjE4NDJkMDp7Il9hdXRoX3VzZXJfaGFzaCI6IjM0Yjk5OTVmMzE4MjZkN2ViNjgyNmRiZGQ0OGI5NjA1ZDdmNmNlZWUiLCJfYXV0aF91c2VyX2JhY2tlbmQiOiJkamFuZ28uY29udHJpYi5hdXRoLmJhY2tlbmRzLk1vZGVsQmFja2VuZCIsIl9hdXRoX3VzZXJfaWQiOjF9','2015-09-05 20:24:24'),('u9edo8sbcevoz0ke3m5ls2hoeg07zwvf','ZjljODVjNzlmZDYzNTFhM2UxNGE1ZDQ3MWY3NGJjYWYxMzI1NDcyNTp7Il9hdXRoX3VzZXJfaGFzaCI6ImE1Yzc3NjJmNjZjNzkxYzQ0NTY1MjA5NzczN2Q1MDM1MWQ4ZDk1NDYiLCJfYXV0aF91c2VyX2JhY2tlbmQiOiJkamFuZ28uY29udHJpYi5hdXRoLmJhY2tlbmRzLk1vZGVsQmFja2VuZCIsIl9hdXRoX3VzZXJfaWQiOjEyMX0=','2015-08-27 08:55:44'),('uxkd3jnmogya9x4uu8hd0x5ht0xn62o9','YTM3MTRhM2Q5YWY1NTQ2YjMxZjdjZWIwZDhjOGZhYzViNzcxY2M2Zjp7fQ==','2015-07-18 20:20:21'),('wo0igfzr6zjetr1c0rxljssn96kf3blz','NzQyYWZhNzhlNmFiZmM5ZDZlOWRhMmNiZjczNDQ3NGFmNGMzZjJlMDp7Il9hdXRoX3VzZXJfaGFzaCI6IjhjZDlhNjRjNzQzODE0YTBkYjVlYmUyNDllMDIzYzU4OWQzNWUxODMiLCJfYXV0aF91c2VyX2JhY2tlbmQiOiJkamFuZ28uY29udHJpYi5hdXRoLmJhY2tlbmRzLk1vZGVsQmFja2VuZCIsIl9hdXRoX3VzZXJfaWQiOjF9','2015-08-09 16:12:29');
/*!40000 ALTER TABLE `django_session` ENABLE KEYS */;
UNLOCK TABLES;

--
-- Table structure for table `vendor_category`
--

DROP TABLE IF EXISTS `vendor_category`;
/*!40101 SET @saved_cs_client     = @@character_set_client */;
/*!40101 SET character_set_client = utf8 */;
CREATE TABLE `vendor_category` (
  `id` int(11) NOT NULL AUTO_INCREMENT,
  `name` varchar(250) NOT NULL,
  `key` varchar(250) NOT NULL,
  `image` varchar(100) NOT NULL,
  PRIMARY KEY (`id`)
) ENGINE=InnoDB AUTO_INCREMENT=5 DEFAULT CHARSET=latin1;
/*!40101 SET character_set_client = @saved_cs_client */;

--
-- Dumping data for table `vendor_category`
--

LOCK TABLES `vendor_category` WRITE;
/*!40000 ALTER TABLE `vendor_category` DISABLE KEYS */;
INSERT INTO `vendor_category` VALUES (1,'Banquets','banquets',''),(2,'Catereres','caterers','');
/*!40000 ALTER TABLE `vendor_category` ENABLE KEYS */;
UNLOCK TABLES;

--
-- Table structure for table `vendor_vendor`
--

DROP TABLE IF EXISTS `vendor_vendor`;
/*!40101 SET @saved_cs_client     = @@character_set_client */;
/*!40101 SET character_set_client = utf8 */;
CREATE TABLE `vendor_vendor` (
  `id` int(11) NOT NULL AUTO_INCREMENT,
  `name` varchar(250) NOT NULL,
  `contact_number` varchar(50) NOT NULL,
  `address` longtext NOT NULL,
  `role` varchar(100) NOT NULL,
  `user_id` int(11) NOT NULL,
  `vendor_type_id` int(11) DEFAULT NULL,
  `identifier` varchar(512) NOT NULL,
  `dynamic_info` longtext NOT NULL,
  `fbid` varchar(1024) NOT NULL,
  `gid` varchar(1024) NOT NULL,
  `forgot_code` varchar(50) DEFAULT NULL,
  `availability` longtext,
  `active` tinyint(1) NOT NULL DEFAULT '0',
  PRIMARY KEY (`id`),
  UNIQUE KEY `user_id` (`user_id`),
  KEY `vendor_vendor_96b1f972` (`vendor_type_id`),
  CONSTRAINT `vendor_vendor_user_id_73675de7_fk_auth_user_id` FOREIGN KEY (`user_id`) REFERENCES `auth_user` (`id`),
  CONSTRAINT `vendor_vendor_vendor_type_id_6f6c99e_fk_vendor_category_id` FOREIGN KEY (`vendor_type_id`) REFERENCES `vendor_category` (`id`)
) ENGINE=InnoDB AUTO_INCREMENT=47 DEFAULT CHARSET=latin1;
/*!40101 SET character_set_client = @saved_cs_client */;

--
-- Dumping data for table `vendor_vendor`
--

LOCK TABLES `vendor_vendor` WRITE;
/*!40000 ALTER TABLE `vendor_vendor` DISABLE KEYS */;
INSERT INTO `vendor_vendor` VALUES (18,'Grand Homotel Malad','42797979','Sun-n-Sand Mumbai, 39, Juhu Beach, Mumbai - 400 049','Admin',74,1,'banquet_homotel@wedwise.in:ni-ZYm7L8xzNoyhafIJkKE3GIs0','{\r\n  \"bid\": {\r\n    \"type\": \"bid\",\r\n    \"event_date\": \"1\",\r\n    \"flexible_date\": \"Flexible Date\",\r\n    \"time_slot\": {\r\n      \"name\": \"Time Slot\",\r\n      \"value\": [\r\n        [\r\n          \"all_day\",\r\n          \"All Day\"\r\n        ],\r\n        [\r\n          \"morning\",\r\n          \"Morning\"\r\n        ],\r\n        [\r\n          \"evening\",\r\n          \"Evening\"\r\n        ]\r\n      ]\r\n    },\r\n    \"package_ios\": {\r\n      \"name\": \"Package\",\r\n      \"value\": [\r\n        [\r\n          \"veg_package_1\",\r\n          \"Veg Pakackage 1\"\r\n        ],\r\n        [\r\n          \"veg_package_2\",\r\n          \"Veg Pakackage 2\"\r\n        ]\r\n      ]\r\n    },\r\n    \"package\": {\r\n      \"name\": \"Package\",\r\n      \"value\": \"500 Rs per plate minimum 100 persons required\",\r\n      \"package_list\": {\r\n        \"veg_package_1\": {\r\n          \"price\": 500,\r\n          \"select_val\": \"Veg Pakackage 1\",\r\n          \"description\": \"Description about veg package 1\",\r\n          \"desscription_url\": \"http://seekersguru.github.io/wwhtml/Venues-details.html\",\r\n          \"pricing\": {\r\n            \"line1\": \"pricing line 1 veg pkg 1\",\r\n            \"line2\": \"pricing line 2 veg pkg 1\"\r\n          }\r\n        },\r\n        \"veg_package_2\": {\r\n          \"price\": 700,\r\n          \"select_val\": \"Veg Pakackage 2\",\r\n          \"description\": \"Description about veg package 2\",\r\n          \"pricing\": {\r\n            \"line1\": \"pricing line 1 veg pkg 2\",\r\n            \"line2\": \"pricing line 2 veg pkg 2\"\r\n          }\r\n        }\r\n      },\r\n      \"package_order\": [\r\n        \"veg_package_1\",\r\n        \"veg_package_2\"\r\n      ]\r\n    },\r\n    \"num_guests\": {\r\n      \"min\": 50,\r\n      \"max\": 500\r\n    },\r\n    \"notes\": \"Description(optional)\",\r\n    \"button\": \"Express Interest\"\r\n  },\r\n  \"info\": {\r\n    \"contact\": \"8298298982\",\r\n    \"starting_price\": \"250000/-\",\r\n    \"Hall Rental (If Any)\": \"none /-\",\r\n    \"top_name\": \"Grand Homotel Malad\",\r\n    \"hero_imgs\": [\r\n      \"/media/vendor_image/18/1.jpg\",\r\n      \"/media/vendor_image/18/2.jpg\",\r\n      \"/media/vendor_image/18/3.jpg\",\r\n      \"/media/vendor_image/18/4.jpg\",\r\n      \"/media/vendor_image/18/5.jpg\",\r\n      \"/media/vendor_image/18/6.jpg\",\r\n      \"/media/vendor_image/18/7.jpg\",\r\n      \"/media/vendor_image/18/8.jpg\",\r\n      \"/media/vendor_image/18/9.jpg\",\r\n      \"/media/vendor_image/18/10.jpg\"\r\n    ],\r\n    \"360_imgs\": \"http://www.vrv.co.in/ftpupload/Jw-marriott/virtualtour.html\",\r\n    \"top_address\": \"Sun-n-Sand Mumbai, 39, Juhu Beach, Mumbai - 400049\",\r\n    \"video_links\": [\r\n      \"http://dpmbedcollege.in/food-package/food-package.html\"\r\n    ],\r\n    \"email\": \"banquet_homotel@wedwise.in\",\r\n    \"name\": \"Grand Homotel Malad\"\r\n  },\r\n  \"sections\": [\r\n    {\r\n      \"heading\": \"General Information\",\r\n      \"data_display\": [\r\n        {\r\n          \"type\": \"key_value\",\r\n          \"key_values\": [\r\n            {\r\n              \"Starting Price\": \"Rs. 1,200 per plate\"\r\n            },\r\n            {\r\n              \"Capactiy\": \"200 - 800 guests\"\r\n            },\r\n            {\r\n              \"Venue Type\": \"Hotel Banquet\"\r\n            }\r\n          ]\r\n        }\r\n      ]\r\n    },\r\n    {\r\n      \"heading\": \"Food Packages\",\r\n      \"data_display\": [\r\n        {\r\n          \"type\": \"key_value\",\r\n          \"key_values\": [\r\n            {\r\n              \"Package 1 (Lunch)\": \"600 /- per plate\"\r\n            },\r\n            {\r\n              \"Package 2 (Dinner)\": \"900 /- per plate\"\r\n            },\r\n            {\r\n              \"Package 3 (Lunch/Dinner)\": \"1100 /- per plate minimum 300 peoples\"\r\n            }\r\n          ],\r\n          \"read_more\": [\r\n            {\r\n              \"heading\": \"Food Packages\",\r\n              \"data_display\": [\r\n                {\r\n                  \"type\": \"packages\",\r\n                  \"Lunch\": {\r\n                    \"package_values\": [\r\n                      {\r\n                        \"quoted\": {\r\n                          \"Quoted Price\": \"1800\"\r\n                        },\r\n                        \"minimum\": {\r\n                          \"Minimum Price\": \"1600\"\r\n                        },\r\n                        \"label\": \"Veg Package 1 ( 600 /- per plate)\",\r\n                        \"options\": [\r\n                          {\r\n                            \"Welcome Drink (2)\": \"Pepsi / Coke / Jaljeera /\"\r\n                          },\r\n                          {\r\n                            \"Starters (4)\": \"Veg manchurian / Hara bhara kabab / paneer pakoda\"\r\n                          },\r\n                          {\r\n                            \"Salads (4)\": \"Veg\"\r\n                          },\r\n                          {\r\n                            \"Soup (2)\": \"Veg\"\r\n                          },\r\n                          {\r\n                            \"Breads (4)\": \"Veg\"\r\n                          },\r\n                          {\r\n                            \"Main Courses (4)\": \"Veg\"\r\n                          },\r\n                          {\r\n                            \"Dal (1)\": \"Veg\"\r\n                          },\r\n                          {\r\n                            \"Rice (2)\": \"Veg\"\r\n                          },\r\n                          {\r\n                            \"Raita (1)\": \"Veg\"\r\n                          },\r\n                          {\r\n                            \"Desert (3)\": \"Veg\"\r\n                          },\r\n                          {\r\n                            \"Live Stations (1)\": \"Veg\"\r\n                          }\r\n                        ]\r\n                      },\r\n                      {\r\n                        \"quoted\": {\r\n                          \"Quoted Price\": \"2200\"\r\n                        },\r\n                        \"minimum\": {\r\n                          \"Minimum Price\": \"2000\"\r\n                        },\r\n                        \"label\": \"Veg Package 2 ( 900 /- per plate)\",\r\n                        \"options\": [\r\n                          {\r\n                            \"Welcome Drink (3)\": \"Pepsi / Coke / Jaljeera /\"\r\n                          },\r\n                          {\r\n                            \"Starters (5)\": \"Veg manchurian / Hara bhara kabab / paneer pakoda\"\r\n                          },\r\n                          {\r\n                            \"Salads (5)\": \"Veg\"\r\n                          },\r\n                          {\r\n                            \"Soup (4)\": \"Veg\"\r\n                          },\r\n                          {\r\n                            \"Breads (4)\": \"Veg\"\r\n                          },\r\n                          {\r\n                            \"Main Courses (6)\": \"Veg\"\r\n                          },\r\n                          {\r\n                            \"Dal (2)\": \"Veg\"\r\n                          },\r\n                          {\r\n                            \"Rice (2)\": \"Veg\"\r\n                          },\r\n                          {\r\n                            \"Raita (1)\": \"Veg\"\r\n                          },\r\n                          {\r\n                            \"Desert (5)\": \"Veg\"\r\n                          },\r\n                          {\r\n                            \"Live Stations (2)\": \"Veg\"\r\n                          }\r\n                        ]\r\n                      },\r\n                      {\r\n                        \"quoted\": {\r\n                          \"Quoted Price\": \"2300\"\r\n                        },\r\n                        \"minimum\": {\r\n                          \"Minimum Price\": \"2100\"\r\n                        },\r\n                        \"label\": \"Non Veg Package 1 ( 1100 /- per plate)\",\r\n                        \"options\": [\r\n                          {\r\n                            \"Welcome Drink (2)\": \"Pepsi / Coke / Jaljeera /\"\r\n                          },\r\n                          {\r\n                            \"Starters (4)\": \"Veg manchurian / Hara bhara kabab / paneer pakoda\"\r\n                          },\r\n                          {\r\n                            \"Salads (4)\": \"Veg\"\r\n                          },\r\n                          {\r\n                            \"Soup (2)\": \"Veg\"\r\n                          },\r\n                          {\r\n                            \"Breads (4)\": \"Veg\"\r\n                          },\r\n                          {\r\n                            \"Main Courses (4)\": \"Veg\"\r\n                          },\r\n                          {\r\n                            \"Dal (1)\": \"Veg\"\r\n                          },\r\n                          {\r\n                            \"Rice (2)\": \"Veg\"\r\n                          },\r\n                          {\r\n                            \"Raita (1)\": \"Veg\"\r\n                          },\r\n                          {\r\n                            \"Desert (3)\": \"Veg\"\r\n                          },\r\n                          {\r\n                            \"Live Stations (1)\": \"Veg\"\r\n                          }\r\n                        ]\r\n                      },\r\n                      {\r\n                        \"quoted\": {\r\n                          \"Quoted Price\": \"2500\"\r\n                        },\r\n                        \"minimum\": {\r\n                          \"Minimum Price\": \"2300\"\r\n                        },\r\n                        \"label\": \"Non Veg Package 2 ( 600 /- per plate)\",\r\n                        \"options\": [\r\n                          {\r\n                            \"Welcome Drink (3)\": \"Pepsi / Coke / Jaljeera /\"\r\n                          },\r\n                          {\r\n                            \"Starters (5)\": \"Veg manchurian / Hara bhara kabab / paneer pakoda\"\r\n                          },\r\n                          {\r\n                            \"Salads (5)\": \"Veg\"\r\n                          },\r\n                          {\r\n                            \"Soup (4)\": \"Veg\"\r\n                          },\r\n                          {\r\n                            \"Breads (4)\": \"Veg\"\r\n                          },\r\n                          {\r\n                            \"Main Courses (6)\": \"Veg\"\r\n                          },\r\n                          {\r\n                            \"Dal (2)\": \"Veg\"\r\n                          },\r\n                          {\r\n                            \"Rice (2)\": \"Veg\"\r\n                          },\r\n                          {\r\n                            \"Raita (1)\": \"Veg\"\r\n                          },\r\n                          {\r\n                            \"Desert (5)\": \"Veg\"\r\n                          },\r\n                          {\r\n                            \"Live Stations (2)\": \"Veg\"\r\n                          }\r\n                        ]\r\n                      }\r\n                    ]\r\n                  },\r\n                  \"Dinner\": {\r\n                    \"package_values\": [\r\n                      {\r\n                        \"quoted\": {\r\n                          \"Quoted Price\": \"1800\"\r\n                        },\r\n                        \"minimum\": {\r\n                          \"Minimum Price\": \"1600\"\r\n                        },\r\n                        \"label\": \"Veg Package 1 ( 600 /- per plate)\",\r\n                        \"options\": [\r\n                          {\r\n                            \"Welcome Drink (2)\": \"Pepsi / Coke /\"\r\n                          },\r\n                          {\r\n                            \"Starters (4)\": \"Veg manchurian / Hara bhara kabab / paneer pakoda\"\r\n                          },\r\n                          {\r\n                            \"Salads (4)\": \"Veg\"\r\n                          },\r\n                          {\r\n                            \"Soup (2)\": \"Veg\"\r\n                          },\r\n                          {\r\n                            \"Breads (4)\": \"Veg\"\r\n                          },\r\n                          {\r\n                            \"Main Courses (4)\": \"Veg\"\r\n                          },\r\n                          {\r\n                            \"Dal (1)\": \"Veg\"\r\n                          },\r\n                          {\r\n                            \"Rice (2)\": \"Veg\"\r\n                          },\r\n                          {\r\n                            \"Raita (1)\": \"Veg\"\r\n                          },\r\n                          {\r\n                            \"Desert (3)\": \"Veg\"\r\n                          },\r\n                          {\r\n                            \"Live Stations (1)\": \"Veg\"\r\n                          }\r\n                        ]\r\n                      },\r\n                      {\r\n                        \"quoted\": {\r\n                          \"Quoted Price\": \"2200\"\r\n                        },\r\n                        \"minimum\": {\r\n                          \"Minimum Price\": \"2000\"\r\n                        },\r\n                        \"label\": \"Veg Package 2 ( 600 /- per plate)\",\r\n                        \"options\": [\r\n                          {\r\n                            \"Welcome Drink (3)\": \"Pepsi / Coke / Jaljeera /\"\r\n                          },\r\n                          {\r\n                            \"Starters (5)\": \"Veg manchurian / Hara bhara kabab / paneer pakoda\"\r\n                          },\r\n                          {\r\n                            \"Salads (5)\": \"Veg\"\r\n                          },\r\n                          {\r\n                            \"Soup (4)\": \"Veg\"\r\n                          },\r\n                          {\r\n                            \"Breads (6)\": \"Veg\"\r\n                          },\r\n                          {\r\n                            \"Main Courses (6)\": \"Veg\"\r\n                          },\r\n                          {\r\n                            \"Dal (2)\": \"Veg\"\r\n                          },\r\n                          {\r\n                            \"Rice (2)\": \"Veg\"\r\n                          },\r\n                          {\r\n                            \"Raita (1)\": \"Veg\"\r\n                          },\r\n                          {\r\n                            \"Desert (5)\": \"Veg\"\r\n                          },\r\n                          {\r\n                            \"Live Stations (2)\": \"Veg\"\r\n                          }\r\n                        ]\r\n                      },\r\n                      {\r\n                        \"quoted\": {\r\n                          \"Quoted Price\": \"2300\"\r\n                        },\r\n                        \"minimum\": {\r\n                          \"Minimum Price\": \"2100\"\r\n                        },\r\n                        \"label\": \"Non Veg Package 1 ( 600 /- per plate)\",\r\n                        \"options\": [\r\n                          {\r\n                            \"Welcome Drink (2)\": \"Pepsi / Coke /\"\r\n                          },\r\n                          {\r\n                            \"Starters (4)\": \"Veg manchurian / Hara bhara kabab / paneer pakoda\"\r\n                          },\r\n                          {\r\n                            \"Salads (4)\": \"Veg\"\r\n                          },\r\n                          {\r\n                            \"Soup (2)\": \"Veg\"\r\n                          },\r\n                          {\r\n                            \"Breads (4)\": \"Veg\"\r\n                          },\r\n                          {\r\n                            \"Main Courses (4)\": \"Veg\"\r\n                          },\r\n                          {\r\n                            \"Dal (1)\": \"Veg\"\r\n                          },\r\n                          {\r\n                            \"Rice (2)\": \"Veg\"\r\n                          },\r\n                          {\r\n                            \"Raita (1)\": \"Veg\"\r\n                          },\r\n                          {\r\n                            \"Desert (3)\": \"Veg\"\r\n                          },\r\n                          {\r\n                            \"Live Stations (1)\": \"Veg\"\r\n                          }\r\n                        ]\r\n                      },\r\n                      {\r\n                        \"quoted\": {\r\n                          \"Quoted Price\": \"2500\"\r\n                        },\r\n                        \"minimum\": {\r\n                          \"Minimum Price\": \"2300\"\r\n                        },\r\n                        \"label\": \"Non Veg Package 2 ( 600 /- per plate)\",\r\n                        \"options\": [\r\n                          {\r\n                            \"Welcome Drink (3)\": \"Pepsi / Coke / Jaljeera /\"\r\n                          },\r\n                          {\r\n                            \"Starters (5)\": \"Veg manchurian / Hara bhara kabab / paneer pakoda\"\r\n                          },\r\n                          {\r\n                            \"Salads (5)\": \"Veg\"\r\n                          },\r\n                          {\r\n                            \"Soup (4)\": \"Veg\"\r\n                          },\r\n                          {\r\n                            \"Breads (4)\": \"Veg\"\r\n                          },\r\n                          {\r\n                            \"Main Courses (6)\": \"Veg\"\r\n                          },\r\n                          {\r\n                            \"Dal (2)\": \"Veg\"\r\n                          },\r\n                          {\r\n                            \"Rice (2)\": \"Veg\"\r\n                          },\r\n                          {\r\n                            \"Raita (1)\": \"Veg\"\r\n                          },\r\n                          {\r\n                            \"Desert (5)\": \"Veg\"\r\n                          },\r\n                          {\r\n                            \"Live Stations (2)\": \"Veg\"\r\n                          }\r\n                        ]\r\n                      }\r\n                    ]\r\n                  }\r\n                }\r\n              ]\r\n            }\r\n          ]\r\n        }\r\n      ]\r\n    },\r\n    {\r\n      \"heading\": \"Catering  Policies\",\r\n      \"data_display\": [\r\n        {\r\n          \"type\": \"key_value\",\r\n          \"key_values\": [\r\n            {\r\n              \"Veg\": \"Yes\"\r\n            },\r\n            {\r\n              \"Jain\": \"Yes\"\r\n            },\r\n            {\r\n              \"Non Veg\": \"No\"\r\n            }\r\n          ],\r\n          \"read_more\": [\r\n            {\r\n              \"heading\": \"Catering  Policies\",\r\n              \"data_display\": [\r\n                {\r\n                  \"type\": \"key_value\",\r\n                  \"key_values\": [\r\n                    {\r\n                      \"Veg\": \"Yes\"\r\n                    },\r\n                    {\r\n                      \"Jain\": \"Yes\"\r\n                    },\r\n                    {\r\n                      \"Non Veg\": \"No\"\r\n                    },\r\n                    {\r\n                      \"General Outside Catering\": \"Yes\"\r\n                    },\r\n                    {\r\n                      \"Specialist Outside Catering\": \"Yes\"\r\n                    },\r\n                    {\r\n                      \"Outside Alchohol\": \"Yes\"\r\n                    }\r\n                  ]\r\n                }\r\n              ]\r\n            }\r\n          ]\r\n        }\r\n      ]\r\n    },\r\n    {\r\n      \"heading\": \"Other Information\",\r\n      \"data_display\": [\r\n        {\r\n          \"type\": \"key_value\",\r\n          \"key_values\": [\r\n            {\r\n              \"Valet Service\": \"Yes\"\r\n            },\r\n            {\r\n              \"Music System\": \"Yes\"\r\n            },\r\n            {\r\n              \"DJ Booth\": \"No\"\r\n            }\r\n          ],\r\n          \"read_more\": [\r\n            {\r\n              \"heading\": \"Other Information\",\r\n              \"data_display\": [\r\n                {\r\n                  \"type\": \"key_value\",\r\n                  \"key_values\": [\r\n                    {\r\n                      \"Valet Service\": \"Yes\"\r\n                    },\r\n                    {\r\n                      \"Music System\": \"Yes\"\r\n                    },\r\n                    {\r\n                      \"DJ Booth\": \"No\"\r\n                    },\r\n                    {\r\n                      \"Power Back Up\": \"Yes\"\r\n                    },\r\n                    {\r\n                      \"Projector\": \"Yes\"\r\n                    },\r\n                    {\r\n                      \"\": \"\"\r\n                    },\r\n                    {\r\n                      \"Tie Ups\": \"\"\r\n                    },\r\n                    {\r\n                      \"Caterer-1\": \"Bhavik Caterer\"\r\n                    },\r\n                    {\r\n                      \"\": \"90292092000\"\r\n                    } ,\r\n                    {\r\n                      \"Caterer-2\": \"Ramesh Caterer\"\r\n                    },\r\n                    {\r\n                      \"\": \"9019019010\"\r\n                    },\r\n                    {\r\n                      \"Floorist\": \"Reema Flourist\"\r\n                    },\r\n                    {\r\n                      \"\": \"9109091090\"\r\n                    } \r\n                    \r\n                  ]\r\n                }\r\n\r\n              ]\r\n            }\r\n          ]\r\n        }\r\n      ]\r\n    },\r\n    {\r\n      \"heading\": \"Locate us on map\",\r\n      \"data_display\": [\r\n        {\r\n          \"lat\": \"19.1777352\",\r\n          \"type\": \"map\",\r\n          \"long\": \"72.8343873\"\r\n        }\r\n      ]\r\n    }\r\n  ]\r\n}','-1','-1',NULL,'{u\'2015-09-10\': u\'morning-blank-evening-ongoing_enquiry\', u\'2015-09-11\': u\'morning-blank-evening-ongoing_enquiry\', u\'2015-09-09\': u\'morning-available-evening-ongoing_enquiry\', u\'2015-09-08\': u\'morning-available-evening-booked\'}',1),(19,'Novotel Mumbai','022 6693 4444','Balraj Sahani Marg, Juhu Beach, Mumbai, Maharashtra 400049','Admin',75,1,'banquet_novotel@wedwise.in:aFC5IGjftFa2gkrYoR2oNuHLMCg','{\r\n  \"bid\": {\r\n    \"type\": \"bid\",\r\n    \"event_date\": \"1\",\r\n    \"flexible_date\": \"Flexible Date\",\r\n    \"time_slot\": {\r\n      \"name\": \"Time Slot\",\r\n      \"value\": [\r\n        [\r\n          \"all_day\",\r\n          \"All Day\"\r\n        ],\r\n        [\r\n          \"morning\",\r\n          \"Morning\"\r\n        ],\r\n        [\r\n          \"evening\",\r\n          \"Evening\"\r\n        ]\r\n      ]\r\n    },\r\n    \"package_ios\": {\r\n      \"name\": \"Package\",\r\n      \"value\": [\r\n        [\r\n          \"veg_package_1\",\r\n          \"Veg Pakackage 1\"\r\n        ],\r\n        [\r\n          \"veg_package_2\",\r\n          \"Veg Pakackage 2\"\r\n        ]\r\n      ]\r\n    },\r\n    \"package\": {\r\n      \"name\": \"Package\",\r\n      \"value\": \"500 Rs per plate minimum 100 persons required\",\r\n      \"package_list\": {\r\n        \"veg_package_1\": {\r\n          \"price\": 500,\r\n          \"select_val\": \"Veg Pakackage 1\",\r\n          \"description\": \"Description about veg package 1\",\r\n          \"desscription_url\": \"http://seekersguru.github.io/wwhtml/Venues-details.html\",\r\n          \"pricing\": {\r\n            \"line1\": \"pricing line 1 veg pkg 1\",\r\n            \"line2\": \"pricing line 2 veg pkg 1\"\r\n          }\r\n        },\r\n        \"veg_package_2\": {\r\n          \"price\": 700,\r\n          \"select_val\": \"Veg Pakackage 2\",\r\n          \"description\": \"Description about veg package 2\",\r\n          \"pricing\": {\r\n            \"line1\": \"pricing line 1 veg pkg 2\",\r\n            \"line2\": \"pricing line 2 veg pkg 2\"\r\n          }\r\n        }\r\n      },\r\n      \"package_order\": [\r\n        \"veg_package_1\",\r\n        \"veg_package_2\"\r\n      ]\r\n    },\r\n    \"num_guests\": {\r\n      \"min\": 50,\r\n      \"max\": 500\r\n    },\r\n    \"notes\": \"Description(optional)\",\r\n    \"button\": \"Express Interest\"\r\n  },\r\n  \"info\": {\r\n    \"contact\": \"8298298982\",\r\n    \"starting_price\": \"150000/-\",\r\n    \"Hall Rental (If Any)\": \"none /-\",\r\n    \"top_name\": \"Novotel (Juhu)\",\r\n    \"hero_imgs\": [\r\n      \"/media/vendor_image/19/1.jpg\",\r\n      \"/media/vendor_image/19/2.jpg\",\r\n      \"/media/vendor_image/19/3.jpg\",\r\n      \"/media/vendor_image/19/4.jpg\"\r\n\r\n    ],\r\n    \"360_imgs\": \"http://www.vrv.co.in/ftpupload/novotel-juhu/virtualtour.html\",\r\n    \"top_address\": \"Sun-n-Sand Mumbai, 39, Juhu Beach, Mumbai - 400049\",\r\n    \"video_links\": [\r\n      \"http://seekersguru.github.io/wwhtml/catring-video.html\"\r\n    ],\r\n    \"email\": \"banquet_novotel@wedwise.in\",\r\n    \"name\": \"Novotel  Juhu\"\r\n  },\r\n  \"sections\": [\r\n    {\r\n      \"heading\": \"General Information\",\r\n      \"data_display\": [\r\n        {\r\n          \"type\": \"key_value\",\r\n          \"key_values\": [\r\n            {\r\n              \"Starting Price\": \"Rs. 1,200 per plate\"\r\n            },\r\n            {\r\n              \"Capactiy\": \"200 - 800 guests\"\r\n            },\r\n            {\r\n              \"Venue Type\": \"Hotel Banquet\"\r\n            }\r\n          ]\r\n        }\r\n      ]\r\n    },\r\n    {\r\n      \"heading\": \"Food Packages\",\r\n      \"data_display\": [\r\n        {\r\n          \"type\": \"key_value\",\r\n          \"key_values\": [\r\n            {\r\n              \"Package 1 (Lunch)\": \"600 /- per plate\"\r\n            },\r\n            {\r\n              \"Package 2 (Dinner)\": \"900 /- per plate\"\r\n            },\r\n            {\r\n              \"Package 3 (Lunch/Dinner)\": \"1100 /- per plate minimum 300 peoples\"\r\n            }\r\n          ],\r\n          \"read_more\": [\r\n            {\r\n              \"heading\": \"Food Packages\",\r\n              \"data_display\": [\r\n                {\r\n                  \"type\": \"packages\",\r\n                  \"Lunch\": {\r\n                    \"package_values\": [\r\n                      {\r\n                        \"quoted\": {\r\n                          \"Quoted Price\": \"1800\"\r\n                        },\r\n                        \"minimum\": {\r\n                          \"Minimum Price\": \"1600\"\r\n                        },\r\n                        \"label\": \"Veg Package 1 ( 600 /- per plate)\",\r\n                        \"options\": [\r\n                          {\r\n                            \"Welcome Drink (2)\": \"Pepsi / Coke / Jaljeera /\"\r\n                          },\r\n                          {\r\n                            \"Starters (4)\": \"Veg manchurian / Hara bhara kabab / paneer pakoda\"\r\n                          },\r\n                          {\r\n                            \"Salads (4)\": \"Veg\"\r\n                          },\r\n                          {\r\n                            \"Soup (2)\": \"Veg\"\r\n                          },\r\n                          {\r\n                            \"Breads (4)\": \"Veg\"\r\n                          },\r\n                          {\r\n                            \"Main Courses (4)\": \"Veg\"\r\n                          },\r\n                          {\r\n                            \"Dal (1)\": \"Veg\"\r\n                          },\r\n                          {\r\n                            \"Rice (2)\": \"Veg\"\r\n                          },\r\n                          {\r\n                            \"Raita (1)\": \"Veg\"\r\n                          },\r\n                          {\r\n                            \"Desert (3)\": \"Veg\"\r\n                          },\r\n                          {\r\n                            \"Live Stations (1)\": \"Veg\"\r\n                          }\r\n                        ]\r\n                      },\r\n                      {\r\n                        \"quoted\": {\r\n                          \"Quoted Price\": \"2200\"\r\n                        },\r\n                        \"minimum\": {\r\n                          \"Minimum Price\": \"2000\"\r\n                        },\r\n                        \"label\": \"Veg Package 2 ( 900 /- per plate)\",\r\n                        \"options\": [\r\n                          {\r\n                            \"Welcome Drink (3)\": \"Pepsi / Coke / Jaljeera /\"\r\n                          },\r\n                          {\r\n                            \"Starters (5)\": \"Veg manchurian / Hara bhara kabab / paneer pakoda\"\r\n                          },\r\n                          {\r\n                            \"Salads (5)\": \"Veg\"\r\n                          },\r\n                          {\r\n                            \"Soup (4)\": \"Veg\"\r\n                          },\r\n                          {\r\n                            \"Breads (4)\": \"Veg\"\r\n                          },\r\n                          {\r\n                            \"Main Courses (6)\": \"Veg\"\r\n                          },\r\n                          {\r\n                            \"Dal (2)\": \"Veg\"\r\n                          },\r\n                          {\r\n                            \"Rice (2)\": \"Veg\"\r\n                          },\r\n                          {\r\n                            \"Raita (1)\": \"Veg\"\r\n                          },\r\n                          {\r\n                            \"Desert (5)\": \"Veg\"\r\n                          },\r\n                          {\r\n                            \"Live Stations (2)\": \"Veg\"\r\n                          }\r\n                        ]\r\n                      },\r\n                      {\r\n                        \"quoted\": {\r\n                          \"Quoted Price\": \"2300\"\r\n                        },\r\n                        \"minimum\": {\r\n                          \"Minimum Price\": \"2100\"\r\n                        },\r\n                        \"label\": \"Non Veg Package 1 ( 1100 /- per plate)\",\r\n                        \"options\": [\r\n                          {\r\n                            \"Welcome Drink (2)\": \"Pepsi / Coke / Jaljeera /\"\r\n                          },\r\n                          {\r\n                            \"Starters (4)\": \"Veg manchurian / Hara bhara kabab / paneer pakoda\"\r\n                          },\r\n                          {\r\n                            \"Salads (4)\": \"Veg\"\r\n                          },\r\n                          {\r\n                            \"Soup (2)\": \"Veg\"\r\n                          },\r\n                          {\r\n                            \"Breads (4)\": \"Veg\"\r\n                          },\r\n                          {\r\n                            \"Main Courses (4)\": \"Veg\"\r\n                          },\r\n                          {\r\n                            \"Dal (1)\": \"Veg\"\r\n                          },\r\n                          {\r\n                            \"Rice (2)\": \"Veg\"\r\n                          },\r\n                          {\r\n                            \"Raita (1)\": \"Veg\"\r\n                          },\r\n                          {\r\n                            \"Desert (3)\": \"Veg\"\r\n                          },\r\n                          {\r\n                            \"Live Stations (1)\": \"Veg\"\r\n                          }\r\n                        ]\r\n                      },\r\n                      {\r\n                        \"quoted\": {\r\n                          \"Quoted Price\": \"2500\"\r\n                        },\r\n                        \"minimum\": {\r\n                          \"Minimum Price\": \"2300\"\r\n                        },\r\n                        \"label\": \"Non Veg Package 2 ( 600 /- per plate)\",\r\n                        \"options\": [\r\n                          {\r\n                            \"Welcome Drink (3)\": \"Pepsi / Coke / Jaljeera /\"\r\n                          },\r\n                          {\r\n                            \"Starters (5)\": \"Veg manchurian / Hara bhara kabab / paneer pakoda\"\r\n                          },\r\n                          {\r\n                            \"Salads (5)\": \"Veg\"\r\n                          },\r\n                          {\r\n                            \"Soup (4)\": \"Veg\"\r\n                          },\r\n                          {\r\n                            \"Breads (4)\": \"Veg\"\r\n                          },\r\n                          {\r\n                            \"Main Courses (6)\": \"Veg\"\r\n                          },\r\n                          {\r\n                            \"Dal (2)\": \"Veg\"\r\n                          },\r\n                          {\r\n                            \"Rice (2)\": \"Veg\"\r\n                          },\r\n                          {\r\n                            \"Raita (1)\": \"Veg\"\r\n                          },\r\n                          {\r\n                            \"Desert (5)\": \"Veg\"\r\n                          },\r\n                          {\r\n                            \"Live Stations (2)\": \"Veg\"\r\n                          }\r\n                        ]\r\n                      }\r\n                    ]\r\n                  },\r\n                  \"Dinner\": {\r\n                    \"package_values\": [\r\n                      {\r\n                        \"quoted\": {\r\n                          \"Quoted Price\": \"1800\"\r\n                        },\r\n                        \"minimum\": {\r\n                          \"Minimum Price\": \"1600\"\r\n                        },\r\n                        \"label\": \"Veg Package 1 ( 600 /- per plate)\",\r\n                        \"options\": [\r\n                          {\r\n                            \"Welcome Drink (2)\": \"Pepsi / Coke /\"\r\n                          },\r\n                          {\r\n                            \"Starters (4)\": \"Veg manchurian / Hara bhara kabab / paneer pakoda\"\r\n                          },\r\n                          {\r\n                            \"Salads (4)\": \"Veg\"\r\n                          },\r\n                          {\r\n                            \"Soup (2)\": \"Veg\"\r\n                          },\r\n                          {\r\n                            \"Breads (4)\": \"Veg\"\r\n                          },\r\n                          {\r\n                            \"Main Courses (4)\": \"Veg\"\r\n                          },\r\n                          {\r\n                            \"Dal (1)\": \"Veg\"\r\n                          },\r\n                          {\r\n                            \"Rice (2)\": \"Veg\"\r\n                          },\r\n                          {\r\n                            \"Raita (1)\": \"Veg\"\r\n                          },\r\n                          {\r\n                            \"Desert (3)\": \"Veg\"\r\n                          },\r\n                          {\r\n                            \"Live Stations (1)\": \"Veg\"\r\n                          }\r\n                        ]\r\n                      },\r\n                      {\r\n                        \"quoted\": {\r\n                          \"Quoted Price\": \"2200\"\r\n                        },\r\n                        \"minimum\": {\r\n                          \"Minimum Price\": \"2000\"\r\n                        },\r\n                        \"label\": \"Veg Package 2 ( 600 /- per plate)\",\r\n                        \"options\": [\r\n                          {\r\n                            \"Welcome Drink (3)\": \"Pepsi / Coke / Jaljeera /\"\r\n                          },\r\n                          {\r\n                            \"Starters (5)\": \"Veg manchurian / Hara bhara kabab / paneer pakoda\"\r\n                          },\r\n                          {\r\n                            \"Salads (5)\": \"Veg\"\r\n                          },\r\n                          {\r\n                            \"Soup (4)\": \"Veg\"\r\n                          },\r\n                          {\r\n                            \"Breads (6)\": \"Veg\"\r\n                          },\r\n                          {\r\n                            \"Main Courses (6)\": \"Veg\"\r\n                          },\r\n                          {\r\n                            \"Dal (2)\": \"Veg\"\r\n                          },\r\n                          {\r\n                            \"Rice (2)\": \"Veg\"\r\n                          },\r\n                          {\r\n                            \"Raita (1)\": \"Veg\"\r\n                          },\r\n                          {\r\n                            \"Desert (5)\": \"Veg\"\r\n                          },\r\n                          {\r\n                            \"Live Stations (2)\": \"Veg\"\r\n                          }\r\n                        ]\r\n                      },\r\n                      {\r\n                        \"quoted\": {\r\n                          \"Quoted Price\": \"2300\"\r\n                        },\r\n                        \"minimum\": {\r\n                          \"Minimum Price\": \"2100\"\r\n                        },\r\n                        \"label\": \"Non Veg Package 1 ( 600 /- per plate)\",\r\n                        \"options\": [\r\n                          {\r\n                            \"Welcome Drink (2)\": \"Pepsi / Coke /\"\r\n                          },\r\n                          {\r\n                            \"Starters (4)\": \"Veg manchurian / Hara bhara kabab / paneer pakoda\"\r\n                          },\r\n                          {\r\n                            \"Salads (4)\": \"Veg\"\r\n                          },\r\n                          {\r\n                            \"Soup (2)\": \"Veg\"\r\n                          },\r\n                          {\r\n                            \"Breads (4)\": \"Veg\"\r\n                          },\r\n                          {\r\n                            \"Main Courses (4)\": \"Veg\"\r\n                          },\r\n                          {\r\n                            \"Dal (1)\": \"Veg\"\r\n                          },\r\n                          {\r\n                            \"Rice (2)\": \"Veg\"\r\n                          },\r\n                          {\r\n                            \"Raita (1)\": \"Veg\"\r\n                          },\r\n                          {\r\n                            \"Desert (3)\": \"Veg\"\r\n                          },\r\n                          {\r\n                            \"Live Stations (1)\": \"Veg\"\r\n                          }\r\n                        ]\r\n                      },\r\n                      {\r\n                        \"quoted\": {\r\n                          \"Quoted Price\": \"2500\"\r\n                        },\r\n                        \"minimum\": {\r\n                          \"Minimum Price\": \"2300\"\r\n                        },\r\n                        \"label\": \"Non Veg Package 2 ( 600 /- per plate)\",\r\n                        \"options\": [\r\n                          {\r\n                            \"Welcome Drink (3)\": \"Pepsi / Coke / Jaljeera /\"\r\n                          },\r\n                          {\r\n                            \"Starters (5)\": \"Veg manchurian / Hara bhara kabab / paneer pakoda\"\r\n                          },\r\n                          {\r\n                            \"Salads (5)\": \"Veg\"\r\n                          },\r\n                          {\r\n                            \"Soup (4)\": \"Veg\"\r\n                          },\r\n                          {\r\n                            \"Breads (4)\": \"Veg\"\r\n                          },\r\n                          {\r\n                            \"Main Courses (6)\": \"Veg\"\r\n                          },\r\n                          {\r\n                            \"Dal (2)\": \"Veg\"\r\n                          },\r\n                          {\r\n                            \"Rice (2)\": \"Veg\"\r\n                          },\r\n                          {\r\n                            \"Raita (1)\": \"Veg\"\r\n                          },\r\n                          {\r\n                            \"Desert (5)\": \"Veg\"\r\n                          },\r\n                          {\r\n                            \"Live Stations (2)\": \"Veg\"\r\n                          }\r\n                        ]\r\n                      }\r\n                    ]\r\n                  }\r\n                }\r\n              ]\r\n            }\r\n          ]\r\n        }\r\n      ]\r\n    },\r\n    {\r\n      \"heading\": \"Catering  Policies\",\r\n      \"data_display\": [\r\n        {\r\n          \"type\": \"key_value\",\r\n          \"key_values\": [\r\n            {\r\n              \"Veg\": \"Yes\"\r\n            },\r\n            {\r\n              \"Jain\": \"Yes\"\r\n            },\r\n            {\r\n              \"Non Veg\": \"No\"\r\n            }\r\n          ],\r\n          \"read_more\": [\r\n            {\r\n              \"heading\": \"Catering  Policies\",\r\n              \"data_display\": [\r\n                {\r\n                  \"type\": \"key_value\",\r\n                  \"key_values\": [\r\n                    {\r\n                      \"Veg\": \"Yes\"\r\n                    },\r\n                    {\r\n                      \"Jain\": \"Yes\"\r\n                    },\r\n                    {\r\n                      \"Non Veg\": \"No\"\r\n                    },\r\n                    {\r\n                      \"General Outside Catering\": \"Yes\"\r\n                    },\r\n                    {\r\n                      \"Specialist Outside Catering\": \"Yes\"\r\n                    },\r\n                    {\r\n                      \"Outside Alchohol\": \"Yes\"\r\n                    }\r\n                  ]\r\n                }\r\n              ]\r\n            }\r\n          ]\r\n        }\r\n      ]\r\n    },\r\n    {\r\n      \"heading\": \"Other Information\",\r\n      \"data_display\": [\r\n        {\r\n          \"type\": \"key_value\",\r\n          \"key_values\": [\r\n            {\r\n              \"Valet Service\": \"Yes\"\r\n            },\r\n            {\r\n              \"Music System\": \"Yes\"\r\n            },\r\n            {\r\n              \"DJ Booth\": \"No\"\r\n            }\r\n          ],\r\n          \"read_more\": [\r\n            {\r\n              \"heading\": \"Other Information\",\r\n              \"data_display\": [\r\n                {\r\n                  \"type\": \"key_value\",\r\n                  \"key_values\": [\r\n                    {\r\n                      \"Valet Service\": \"Yes\"\r\n                    },\r\n                    {\r\n                      \"Music System\": \"Yes\"\r\n                    },\r\n                    {\r\n                      \"DJ Booth\": \"No\"\r\n                    },\r\n                    {\r\n                      \"Power Back Up\": \"Yes\"\r\n                    },\r\n                    {\r\n                      \"Projector\": \"Yes\"\r\n                    },\r\n                    {\r\n                      \"\": \"\"\r\n                    },\r\n                    {\r\n                      \"Tie Ups\": \"\"\r\n                    },\r\n                    {\r\n                      \"Caterer-1\": \"Bhavik Caterer\"\r\n                    },\r\n                    {\r\n                      \"\": \"90292092000\"\r\n                    } ,\r\n                    {\r\n                      \"Caterer-2\": \"Ramesh Caterer\"\r\n                    },\r\n                    {\r\n                      \"\": \"9019019010\"\r\n                    },\r\n                    {\r\n                      \"Floorist\": \"Reema Flourist\"\r\n                    },\r\n                    {\r\n                      \"\": \"9109091090\"\r\n                    } \r\n                    \r\n                  ]\r\n                }\r\n\r\n              ]\r\n            }\r\n          ]\r\n        }\r\n      ]\r\n    },\r\n    {\r\n      \"heading\": \"Locate us on map\",\r\n      \"data_display\": [\r\n        {\r\n          \"lat\": \"19.1777352\",\r\n          \"type\": \"map\",\r\n          \"long\": \"72.8343873\"\r\n        }\r\n      ]\r\n    }\r\n  ]\r\n}','-1','-1',NULL,'',1),(21,'Jafer Bhai\'s Delhi Darbar','23715656','Noor Baug','Admin',81,2,'caterer_grand@wedwise.in:reExNuTFnIYDiqxbE4PnaBczEEI','{\r\n  \"bid\": {\r\n    \"type\": \"bid\",\r\n    \"event_date\": 1,\r\n    \"time_slot\": {\r\n      \"name\": \"Time Slot\",\r\n      \"value\": [\r\n        [\r\n          \"morning\",\r\n          \"Morning\"\r\n        ],\r\n        [\r\n          \"evening\",\r\n          \"Evening\"\r\n        ]\r\n      ]\r\n    },\r\n    \"package\": {\r\n      \"name\": \"Package\",\r\n      \"value\": \"500 Rs per plate minimum 100 persons required\"\r\n    },\r\n    \"quoted\": {\r\n      \"name\": \"Package\",\r\n      \"value\": \"450 Rs per plate minimum 100 persons required\"\r\n    },\r\n    \"bid_options\": {\r\n      \"name\": \"Bid Price\",\r\n      \"min_per_unit\": 430.5,\r\n      \"quantity\": {\r\n        \"label\": \"Persons\",\r\n        \"min\": {\r\n          \"value\": 50,\r\n          \"message\": \"Book for least 50 people\"\r\n        },\r\n        \"max\": 1500\r\n      },\r\n      \"item\": {\r\n        \"label\": \"Per plate\",\r\n        \"min\": 400,\r\n        \"max\": 500\r\n      }\r\n    },\r\n    \"text\": \"Some terms and conditions text at the end\",\r\n    \"button\": \"BID\"\r\n  },\r\n  \"book\": {\r\n    \"type\": \"book\",\r\n    \"event_date\": 1,\r\n    \"time_slot\": {\r\n      \"name\": \"Time Slot\",\r\n      \"value\": [\r\n        [\r\n          \"morning\",\r\n          \"Morning\"\r\n        ],\r\n        [\r\n          \"evening\",\r\n          \"Evening\"\r\n        ]\r\n      ]\r\n    },\r\n    \"package\": {\r\n      \"name\": \"Package\",\r\n      \"value\": \"500 Rs per plate minimum 100 persons required\"\r\n    },\r\n    \"button\": \"BOOK\"\r\n  },\r\n  \"info\": {\r\n    \"contact\": \"23715656\",\r\n    \"starting_price\": \"300 /-\",\r\n    \"top_name\": \"Jafer Bhai\'s Delhi Darbar\",\r\n    \"hero_imgs\": [\r\n      \"/media/apps/ios/2x/category/banquets.jpg\",\r\n      \"/media/apps/ios/2x/category/decorators.jpg\",\r\n      \"/media/apps/ios/2x/category/others.jpg\"\r\n    ],\r\n    \"360_imgs\": [\r\n      \"/media/apps/ios/2x/category/banquets.jpg\",\r\n      \"/media/apps/ios/2x/category/decorators.jpg\",\r\n      \"/media/apps/ios/2x/category/others.jpg\"\r\n    ],\r\n    \"top_address\": \"Noor Baug\",\r\n    \"video_links\": [\r\n      \"https://www.youtube.com/watch?v=75xp_31ET-U\",\r\n      \"https://www.youtube.com/watch?v=HwYKxmxU5NA\"\r\n    ],\r\n    \"email\": \"caterer_grand@wedwise.in\",\r\n    \"name\": \"Jafer Bhai\'s Delhi Darbar\"\r\n  },\r\n  \"sections\": [\r\n    {\r\n      \"heading\": \"Basic Info\",\r\n      \"data_display\": [\r\n        {\r\n          \"type\": \"key_value\",\r\n          \"key_values\": [\r\n            {\r\n              \"Veg\": \"YES\"\r\n            },\r\n            {\r\n              \"Jain only\": \"YES\"\r\n            },\r\n            {\r\n              \"Non-Veg\": \"YES\"\r\n            }\r\n          ],\r\n          \"read_more\": [\r\n            {\r\n              \"heading\": \"Basic Info\",\r\n              \"data_display\": [\r\n                {\r\n                  \"type\": \"key_value\",\r\n                  \"key_values\": [\r\n                    {\r\n                      \"Name\": \"Jafer Bhai\'s Delhi Darbar\"\r\n                    },\r\n                    {\r\n                      \"Address\": \"Noor Baug\"\r\n                    },\r\n                    {\r\n                      \"Phone\": 23715656\r\n                    },\r\n                    {\r\n                      \"Veg\": \"YES\"\r\n                    },\r\n                    {\r\n                      \"Jain only\": \"YES\"\r\n                    },\r\n                    {\r\n                      \"Non-Veg\": \"YES\"\r\n                    },\r\n                    {\r\n                      \"Speciliaty Cuisine\": \"Moughlai, Indian\"\r\n                    },\r\n                    {\r\n                      \"Years in Business\": \"35\"\r\n                    }\r\n                  ]\r\n                }\r\n              ]\r\n            }\r\n          ]\r\n        }\r\n      ]\r\n    },\r\n    {\r\n      \"heading\": \"Locate us on map\",\r\n      \"data_display\": [\r\n        {\r\n          \"lat\": [\r\n            \"75\",\r\n            \"58\",\r\n            \"E\"\r\n          ],\r\n          \"type\": \"map\",\r\n          \"long\": [\r\n            \"20\",\r\n            \"15\",\r\n            \"N\"\r\n          ]\r\n        },\r\n        {\r\n          \"text\": \"Description how to reach\",\r\n          \"type\": \"para\"\r\n        }\r\n      ]\r\n    },\r\n    {\r\n      \"heading\": \"Food Packages\",\r\n      \"data_display\": [\r\n        {\r\n          \"type\": \"key_value\",\r\n          \"key_values\": [\r\n            {\r\n              \"Package 1 (Lunch)\": \"600 /- per plate\"\r\n            },\r\n            {\r\n              \"Package 2 (Dinner)\": \"900 /- per plate\"\r\n            },\r\n            {\r\n              \"Package 3 (Lunch/Dinner)\": \"1100 /- per plate minimum 300 peoples\"\r\n            }\r\n          ],\r\n          \"read_more\": [\r\n            {\r\n              \"heading\": \"Food Packages\",\r\n              \"data_display\": [\r\n                {\r\n                  \"type\": \"packages\",\r\n                  \"Lunch\": {\r\n                    \"package_values\": [\r\n                      {\r\n                        \"quoted\": {\r\n                          \"Quoted Price\": \"1200\"\r\n                        },\r\n                        \"minimum\": {\r\n                          \"Minimum Price\": \"1100\"\r\n                        },\r\n                        \"label\": \"Veg Package 1 ( 600 /- per plate)\",\r\n                        \"options\": [\r\n                          {\r\n                            \"Welcome Drink (Any 3)\": \"Pepsi / Coke / Jaljeera /\"\r\n                          },\r\n                          {\r\n                            \"Starters (Any 4)\": \"Veg manchurian / Hara bhara kabab / paneer pakoda\"\r\n                          },\r\n                          {\r\n                            \"Salads (Any 4)\": \"Veg\"\r\n                          },\r\n                          {\r\n                            \"Soup (Any 2)\": \"Veg\"\r\n                          },\r\n                          {\r\n                            \"Breads (Any 4)\": \"Veg\"\r\n                          },\r\n                          {\r\n                            \"Main Courses (Any 3)\": \"Veg\"\r\n                          },\r\n                          {\r\n                            \"Dal (1)\": \"Veg\"\r\n                          },\r\n                          {\r\n                            \"Rice (2)\": \"Veg\"\r\n                          },\r\n                          {\r\n                            \"Raita (3)\": \"Veg\"\r\n                          },\r\n                          {\r\n                            \"Desert (4)\": \"Veg\"\r\n                          },\r\n                          {\r\n                            \"Live Stations (2)\": \"Veg\"\r\n                          }\r\n                        ]\r\n                      },\r\n                      {\r\n                        \"quoted\": {\r\n                          \"Quoted Price\": \"1500\"\r\n                        },\r\n                        \"minimum\": {\r\n                          \"Minimum Price\": \"1400\"\r\n                        },\r\n                        \"label\": \"Veg Package 2 ( 600 /- per plate)\",\r\n                        \"options\": [\r\n                          {\r\n                            \"Welcome Drink (Any 4)\": \"Pepsi / Coke / Jaljeera /\"\r\n                          },\r\n                          {\r\n                            \"Starters (Any 5)\": \"Veg manchurian / Hara bhara kabab / paneer pakoda\"\r\n                          },\r\n                          {\r\n                            \"Salads (Any 5)\": \"Veg\"\r\n                          },\r\n                          {\r\n                            \"Soup (Any 3)\": \"Veg\"\r\n                          },\r\n                          {\r\n                            \"Breads (Any 4)\": \"Veg\"\r\n                          },\r\n                          {\r\n                            \"Main Courses (Any 4)\": \"Veg\"\r\n                          },\r\n                          {\r\n                            \"Dal (2)\": \"Veg\"\r\n                          },\r\n                          {\r\n                            \"Rice (2)\": \"Veg\"\r\n                          },\r\n                          {\r\n                            \"Raita (4)\": \"Veg\"\r\n                          },\r\n                          {\r\n                            \"Desert (5)\": \"Veg\"\r\n                          },\r\n                          {\r\n                            \"Live Stations (3)\": \"Veg\"\r\n                          }\r\n                        ]\r\n                      },\r\n                      {\r\n                        \"quoted\": {\r\n                          \"Quoted Price\": \"1700\"\r\n                        },\r\n                        \"minimum\": {\r\n                          \"Minimum Price\": \"1600\"\r\n                        },\r\n                        \"label\": \"Non Veg Package 1 ( 600 /- per plate)\",\r\n                        \"options\": [\r\n                          {\r\n                            \"Welcome Drink (Any 3)\": \"Pepsi / Coke / Jaljeera /\"\r\n                          },\r\n                          {\r\n                            \"Starters (Any 4)\": \"Veg manchurian / Hara bhara kabab / paneer pakoda\"\r\n                          },\r\n                          {\r\n                            \"Salads (Any 4)\": \"Veg\"\r\n                          },\r\n                          {\r\n                            \"Soup (Any 2)\": \"Veg\"\r\n                          },\r\n                          {\r\n                            \"Breads (Any 4)\": \"Veg\"\r\n                          },\r\n                          {\r\n                            \"Main Courses (Any 3)\": \"Veg\"\r\n                          },\r\n                          {\r\n                            \"Dal (1)\": \"Veg\"\r\n                          },\r\n                          {\r\n                            \"Rice (2)\": \"Veg\"\r\n                          },\r\n                          {\r\n                            \"Raita (3)\": \"Veg\"\r\n                          },\r\n                          {\r\n                            \"Desert (4)\": \"Veg\"\r\n                          },\r\n                          {\r\n                            \"Live Stations (2)\": \"Veg\"\r\n                          }\r\n                        ]\r\n                      },\r\n                      {\r\n                        \"quoted\": {\r\n                          \"Quoted Price\": \"1900\"\r\n                        },\r\n                        \"minimum\": {\r\n                          \"Minimum Price\": \"1800\"\r\n                        },\r\n                        \"label\": \"Non Veg Package 2 ( 600 /- per plate)\",\r\n                        \"options\": [\r\n                          {\r\n                            \"Welcome Drink (Any 4)\": \"Pepsi / Coke / Jaljeera /\"\r\n                          },\r\n                          {\r\n                            \"Starters (Any 5)\": \"Veg manchurian / Hara bhara kabab / paneer pakoda\"\r\n                          },\r\n                          {\r\n                            \"Salads (Any 5)\": \"Veg\"\r\n                          },\r\n                          {\r\n                            \"Soup (Any 3)\": \"Veg\"\r\n                          },\r\n                          {\r\n                            \"Breads (Any 4)\": \"Veg\"\r\n                          },\r\n                          {\r\n                            \"Main Courses (Any 4)\": \"Veg\"\r\n                          },\r\n                          {\r\n                            \"Dal (2)\": \"Veg\"\r\n                          },\r\n                          {\r\n                            \"Rice (2)\": \"Veg\"\r\n                          },\r\n                          {\r\n                            \"Raita (4)\": \"Veg\"\r\n                          },\r\n                          {\r\n                            \"Desert (5)\": \"Veg\"\r\n                          },\r\n                          {\r\n                            \"Live Stations (3)\": \"Veg\"\r\n                          }\r\n                        ]\r\n                      }\r\n                    ]\r\n                  },\r\n                  \"Dinner\": {\r\n                    \"package_values\": [\r\n                      {\r\n                        \"quoted\": {\r\n                          \"Quoted Price\": \"1200\"\r\n                        },\r\n                        \"minimum\": {\r\n                          \"Minimum Price\": \"1100\"\r\n                        },\r\n                        \"label\": \"Veg Package 1 ( 600 /- per plate)\",\r\n                        \"options\": [\r\n                          {\r\n                            \"Welcome Drink (Any 3)\": \"Pepsi / Coke / Jaljeera /\"\r\n                          },\r\n                          {\r\n                            \"Starters (Any 4)\": \"Veg manchurian / Hara bhara kabab / paneer pakoda\"\r\n                          },\r\n                          {\r\n                            \"Salads (Any 4)\": \"Veg\"\r\n                          },\r\n                          {\r\n                            \"Soup (Any 2)\": \"Veg\"\r\n                          },\r\n                          {\r\n                            \"Breads (Any 4)\": \"Veg\"\r\n                          },\r\n                          {\r\n                            \"Main Courses (Any 3)\": \"Veg\"\r\n                          },\r\n                          {\r\n                            \"Dal (1)\": \"Veg\"\r\n                          },\r\n                          {\r\n                            \"Rice (2)\": \"Veg\"\r\n                          },\r\n                          {\r\n                            \"Raita (3)\": \"Veg\"\r\n                          },\r\n                          {\r\n                            \"Desert (4)\": \"Veg\"\r\n                          },\r\n                          {\r\n                            \"Live Stations (2)\": \"Veg\"\r\n                          }\r\n                        ]\r\n                      },\r\n                      {\r\n                        \"quoted\": {\r\n                          \"Quoted Price\": \"1500\"\r\n                        },\r\n                        \"minimum\": {\r\n                          \"Minimum Price\": \"1400\"\r\n                        },\r\n                        \"label\": \"Veg Package 2 ( 600 /- per plate)\",\r\n                        \"options\": [\r\n                          {\r\n                            \"Welcome Drink (Any 4)\": \"Pepsi / Coke / Jaljeera /\"\r\n                          },\r\n                          {\r\n                            \"Starters (Any 5)\": \"Veg manchurian / Hara bhara kabab / paneer pakoda\"\r\n                          },\r\n                          {\r\n                            \"Salads (Any 5)\": \"Veg\"\r\n                          },\r\n                          {\r\n                            \"Soup (Any 3)\": \"Veg\"\r\n                          },\r\n                          {\r\n                            \"Breads (Any 4)\": \"Veg\"\r\n                          },\r\n                          {\r\n                            \"Main Courses (Any 4)\": \"Veg\"\r\n                          },\r\n                          {\r\n                            \"Dal (2)\": \"Veg\"\r\n                          },\r\n                          {\r\n                            \"Rice (2)\": \"Veg\"\r\n                          },\r\n                          {\r\n                            \"Raita (4)\": \"Veg\"\r\n                          },\r\n                          {\r\n                            \"Desert (5)\": \"Veg\"\r\n                          },\r\n                          {\r\n                            \"Live Stations (3)\": \"Veg\"\r\n                          }\r\n                        ]\r\n                      },\r\n                      {\r\n                        \"quoted\": {\r\n                          \"Quoted Price\": \"1700\"\r\n                        },\r\n                        \"minimum\": {\r\n                          \"Minimum Price\": \"1600\"\r\n                        },\r\n                        \"label\": \"Non Veg Package 1 ( 600 /- per plate)\",\r\n                        \"options\": [\r\n                          {\r\n                            \"Welcome Drink (Any 3)\": \"Pepsi / Coke / Jaljeera /\"\r\n                          },\r\n                          {\r\n                            \"Starters (Any 4)\": \"Veg manchurian / Hara bhara kabab / paneer pakoda\"\r\n                          },\r\n                          {\r\n                            \"Salads (Any 4)\": \"Veg\"\r\n                          },\r\n                          {\r\n                            \"Soup (Any 2)\": \"Veg\"\r\n                          },\r\n                          {\r\n                            \"Breads (Any 4)\": \"Veg\"\r\n                          },\r\n                          {\r\n                            \"Main Courses (Any 3)\": \"Veg\"\r\n                          },\r\n                          {\r\n                            \"Dal (1)\": \"Veg\"\r\n                          },\r\n                          {\r\n                            \"Rice (2)\": \"Veg\"\r\n                          },\r\n                          {\r\n                            \"Raita (3)\": \"Veg\"\r\n                          },\r\n                          {\r\n                            \"Desert (4)\": \"Veg\"\r\n                          },\r\n                          {\r\n                            \"Live Stations (2)\": \"Veg\"\r\n                          }\r\n                        ]\r\n                      },\r\n                      {\r\n                        \"quoted\": {\r\n                          \"Quoted Price\": \"1900\"\r\n                        },\r\n                        \"minimum\": {\r\n                          \"Minimum Price\": \"1800\"\r\n                        },\r\n                        \"label\": \"Non Veg Package 2 ( 600 /- per plate)\",\r\n                        \"options\": [\r\n                          {\r\n                            \"Welcome Drink (Any 3)\": \"Pepsi / Coke / Jaljeera /\"\r\n                          },\r\n                          {\r\n                            \"Starters (Any 4)\": \"Veg manchurian / Hara bhara kabab / paneer pakoda\"\r\n                          },\r\n                          {\r\n                            \"Salads (Any 4)\": \"Veg\"\r\n                          },\r\n                          {\r\n                            \"Soup (Any 2)\": \"Veg\"\r\n                          },\r\n                          {\r\n                            \"Breads (Any 4)\": \"Veg\"\r\n                          },\r\n                          {\r\n                            \"Main Courses (Any 3)\": \"Veg\"\r\n                          },\r\n                          {\r\n                            \"Dal (1)\": \"Veg\"\r\n                          },\r\n                          {\r\n                            \"Rice (2)\": \"Veg\"\r\n                          },\r\n                          {\r\n                            \"Raita (3)\": \"Veg\"\r\n                          },\r\n                          {\r\n                            \"Desert (4)\": \"Veg\"\r\n                          },\r\n                          {\r\n                            \"Live Stations (2)\": \"Veg\"\r\n                          }\r\n                        ]\r\n                      }\r\n                    ]\r\n                  }\r\n                }\r\n              ]\r\n            }\r\n          ]\r\n        },\r\n        {\r\n          \"heading\": \"Payment Terms\",\r\n          \"data_display\": [\r\n            {\r\n              \"type\": \"key_value\",\r\n              \"key_values\": [\r\n                {\r\n                  \"Book Advance\": \"50% of total billing\"\r\n                },\r\n                {\r\n                  \"2nd Payment\": \"30 days before event\"\r\n                },\r\n                {\r\n                  \"Last Payment\": \"15 days before event\"\r\n                },\r\n                {\r\n                  \"Cancellation Policy\": \"Loses booking advance\"\r\n                }\r\n              ]\r\n            }\r\n          ]\r\n        },\r\n        {\r\n          \"heading\": \"Other Specialities\",\r\n          \"data_display\": [\r\n            {\r\n              \"type\": \"key_value\",\r\n              \"key_values\": [\r\n                {\r\n                  \"Juice Bar \": \"Availabe\"\r\n                },\r\n                {\r\n                  \"Imported Fruit Counter \": \"Availabe\"\r\n                },\r\n                {\r\n                  \"Dryfruit Counters \": \"NA\"\r\n                },\r\n                {\r\n                  \"Specila Kid Menus \": \"Available\"\r\n                }\r\n              ]\r\n            }\r\n          ]\r\n        }\r\n      ]\r\n    }\r\n  ]\r\n}\r\n','-1','-1',NULL,'',0),(22,'Grand Salver Hospitality Services ','22402179','Kalbadevi','Admin',82,2,'caterer_lakahani@wedwise.in','{\r\n  \"bid\": {\r\n    \"type\": \"bid\",\r\n    \"event_date\": \"1\",\r\n    \"flexible_date\": \"Flexible Date\",\r\n    \"time_slot\": {\r\n      \"name\": \"Time Slot\",\r\n      \"value\": [\r\n        [\r\n          \"all_day\",\r\n          \"All Day\"\r\n        ],\r\n        [\r\n          \"morning\",\r\n          \"Morning\"\r\n        ],\r\n        [\r\n          \"evening\",\r\n          \"Evening\"\r\n        ]\r\n      ]\r\n    },\r\n    \"package_ios\": {\r\n      \"name\": \"Package\",\r\n      \"value\": [\r\n        [\r\n          \"veg_package_1\",\r\n          \"Grand Salver special veg package\"\r\n        ],\r\n        [\r\n          \"veg_package_2\",\r\n          \"Grand Salver Chinese special\"\r\n        ]\r\n      ]\r\n    },\r\n    \"package\": {\r\n      \"name\": \"Package\",\r\n      \"value\": \"500 Rs per plate minimum 100 persons required\",\r\n      \"package_list\": {\r\n        \"veg_package_1\": {\r\n          \"select_val\": \"Grand Salver special veg package\",\r\n          \"description\": \"Authentic Rajasthani flavour\",\r\n          \"desscription_url\": \"http://seekersguru.github.io/wwhtml/Venues-details.html\",\r\n          \"pricing\": {\r\n            \"line1\": \"350 Rs for upto 300 people\",\r\n            \"line2\": \"Upto 10%discount for 300+\"\r\n          }\r\n        },\r\n        \"veg_package_2\": {\r\n          \"select_val\": \"Grand Salver Chinese special\",\r\n          \"description\": \"Chinees food with Indian Tadka ;) \",\r\n          \"pricing\": {\r\n            \"line1\": \"200/- for upto 300\",\r\n            \"line2\": \"For Kids party gift: Special Kungfu Panada Toy.\"\r\n          }\r\n        }\r\n      },\r\n      \"package_order\": [\r\n        \"veg_package_1\",\r\n        \"veg_package_2\"\r\n      ]\r\n    },\r\n    \"num_guests\": {\r\n      \"min\": 50,\r\n      \"max\": 500\r\n    },\r\n    \"notes\": \"Description(optional)\",\r\n    \"button\": \"Express Interest\"\r\n  },\r\n  \"info\": {\r\n    \"contact\": \"26510004\",\r\n    \"starting_price\": \"Starting @350 /- per plate\",\r\n    \"top_name\": \"Trupti Caterer (Vile Parle)\",\r\n    \"hero_imgs\": [\r\n      \"/media/vendor_image/22/1.jpg\"\r\n    ],\r\n    \"360_imgs\": \"http://sky.easypano.com/panoramic-images/bageecha-farm-360-by-ravi-sethi-www.lifeexpressions.in-20061.html\",\r\n    \"top_address\": \"Vile parle - east\",\r\n    \"video_links\": [\r\n      \"http://seekersguru.github.io/wwhtml/catring-video.html\"\r\n    ],\r\n    \"email\": \"caterer_trupti@wedwise.in\",\r\n    \"name\": \"Grand Salver Hospitality Services (Dadar)\"\r\n  },\r\n  \"sections\": [\r\n    {\r\n      \"heading\": \"General Information\",\r\n      \"data_display\": [\r\n        {\r\n          \"type\": \"key_value\",\r\n          \"key_values\": [\r\n            {\r\n              \"Pricing\": \"Rs. 600 to Rs. 700\"\r\n            },\r\n            {\r\n              \"Minimum Billing\": \"Rs. 60000\"\r\n            },\r\n            {\r\n              \"Cuisines\": \"Indian, Chinese, Mexican\"\r\n            }\r\n          ],\r\n          \"read_more\": [\r\n            {\r\n              \"heading\": \"Trupti Caterers\",\r\n              \"data_display\": [\r\n                {\r\n                  \"type\": \"key_value\",\r\n                  \"key_values\": [\r\n                    {\r\n                      \"Address\": \"Vile parle - east\"\r\n                    },\r\n                    {\r\n                      \"Phone\": 26510004\r\n                    },\r\n                    {\r\n                      \"Pricing\": \"Rs. 600 to Rs. 700\"\r\n                    },\r\n                    {\r\n                      \"Minimum Billing\": \"Rs. 60000\"\r\n                    },\r\n                    {\r\n                      \"Cuisines\": \"Indian, Chinese, Mexican\"\r\n                    },\r\n                    {\r\n                      \"Speciality\": \"Punjabi Cuisine\"\r\n                    },\r\n                    {\r\n                      \"Service Area\": \"All over Mumbai including the Suburbs and also in Pune\"\r\n                    },\r\n                    {\r\n                      \"Years in Business\": \"Since 1980\'s\"\r\n                    }\r\n                  ]\r\n                }\r\n              ]\r\n            }\r\n          ]\r\n        }\r\n      ]\r\n    },\r\n    {\r\n      \"heading\": \"Food Packages\",\r\n      \"data_display\": [\r\n        {\r\n          \"type\": \"key_value\",\r\n          \"key_values\": [\r\n            {\r\n              \"Silver Package\": \"Rs. 600\"\r\n            },\r\n            {\r\n              \"Gold Package\": \"Rs. 800\"\r\n            },\r\n            {\r\n              \"Platinum Package\": \"Rs. 900\"\r\n            }\r\n          ]\r\n        }\r\n      ]\r\n    },\r\n    {\r\n      \"heading\": \"Tie - Ups\",\r\n      \"data_display\": [\r\n        {\r\n          \"text\": \"Curry leaf Banquets\",\r\n          \"type\": \"para\"\r\n        },\r\n        {\r\n          \"text\": \"Sardar Patel Baug\",\r\n          \"type\": \"para\"\r\n        },\r\n        {\r\n          \"text\": \"Athiti Banquets\",\r\n          \"type\": \"para\"\r\n        }\r\n      ]\r\n    },\r\n    {\r\n      \"heading\": \"Locate us on map\",\r\n      \"data_display\": [\r\n        {\r\n          \"lat\": [\r\n            \"75\",\r\n            \"58\",\r\n            \"E\"\r\n          ],\r\n          \"type\": \"map\",\r\n          \"long\": [\r\n            \"20\",\r\n            \"15\",\r\n            \"N\"\r\n          ]\r\n        },\r\n        {\r\n          \"text\": \"Description how to reach\",\r\n          \"type\": \"para\"\r\n        }\r\n      ]\r\n    }\r\n  ]\r\n}','-1','-1',NULL,'',1),(23,'Trupti Caterers','26510004','Vile parle - east','Admin',80,2,'caterer_trupti@wedwise.in:Z5gr_x_Ts983Nkdh6sG3TVfH7ig','{\r\n  \"bid\": {\r\n    \"type\": \"bid\",\r\n    \"event_date\": \"1\",\r\n    \"flexible_date\": \"Flexible Date\",\r\n    \"time_slot\": {\r\n      \"name\": \"Time Slot\",\r\n      \"value\": [\r\n        [\r\n          \"all_day\",\r\n          \"All Day\"\r\n        ],\r\n        [\r\n          \"morning\",\r\n          \"Morning\"\r\n        ],\r\n        [\r\n          \"evening\",\r\n          \"Evening\"\r\n        ]\r\n      ]\r\n    },\r\n    \"package_ios\": {\r\n      \"name\": \"Package\",\r\n      \"value\": [\r\n        [\r\n          \"veg_package_1\",\r\n          \"Veg Pakackage 1\"\r\n        ],\r\n        [\r\n          \"veg_package_2\",\r\n          \"Veg Pakackage 2\"\r\n        ]\r\n      ]\r\n    },\r\n    \"package\": {\r\n      \"name\": \"Package\",\r\n      \"value\": \"500 Rs per plate minimum 100 persons required\",\r\n      \"package_list\": {\r\n        \"veg_package_1\": {\r\n          \"price\": 500,\r\n          \"select_val\": \"Veg Pakackage 1\",\r\n          \"description\": \"Description about veg package 1\",\r\n          \"desscription_url\": \"http://seekersguru.github.io/wwhtml/Venues-details.html\",\r\n          \"pricing\": {\r\n            \"line1\": \"pricing line 1 veg pkg 1\",\r\n            \"line2\": \"pricing line 2 veg pkg 1\"\r\n          }\r\n        },\r\n        \"veg_package_2\": {\r\n          \"price\": 700,\r\n          \"select_val\": \"Veg Pakackage 2\",\r\n          \"description\": \"Description about veg package 2\",\r\n          \"pricing\": {\r\n            \"line1\": \"pricing line 1 veg pkg 2\",\r\n            \"line2\": \"pricing line 2 veg pkg 2\"\r\n          }\r\n        }\r\n      },\r\n      \"package_order\": [\r\n        \"veg_package_1\",\r\n        \"veg_package_2\"\r\n      ]\r\n    },\r\n    \"num_guests\": {\r\n      \"min\": 50,\r\n      \"max\": 500\r\n    },\r\n    \"notes\": \"Description(optional)\",\r\n    \"button\": \"Express Interest\"\r\n  },\r\n  \"info\": {\r\n    \"contact\": \"26510004\",\r\n    \"starting_price\": \"Starting @350 /- per plate\",\r\n    \"top_name\": \"Trupti Caterer (Vile Parle)\",\r\n    \"hero_imgs\": [\r\n      \"/media/vendor_image/23/1.jpg\"\r\n    ],\r\n    \"360_imgs\": \"http://sky.easypano.com/panoramic-images/bageecha-farm-360-by-ravi-sethi-www.lifeexpressions.in-20061.html\",\r\n    \"top_address\": \"Vile parle - east\",\r\n    \"video_links\": [\r\n      \"http://seekersguru.github.io/wwhtml/catring-video.html\"\r\n    ],\r\n    \"email\": \"caterer_trupti@wedwise.in\",\r\n    \"name\": \"Trupti Caterers(Ville Parle)\"\r\n  },\r\n  \"sections\": [\r\n    {\r\n      \"heading\": \"General Information\",\r\n      \"data_display\": [\r\n        {\r\n          \"type\": \"key_value\",\r\n          \"key_values\": [\r\n            {\r\n              \"Pricing\": \"Rs. 600 to Rs. 700\"\r\n            },\r\n            {\r\n              \"Minimum Billing\": \"Rs. 60000\"\r\n            },\r\n            {\r\n              \"Cuisines\": \"Indian, Chinese, Mexican\"\r\n            }\r\n          ],\r\n          \"read_more\": [\r\n            {\r\n              \"heading\": \"Trupti Caterers\",\r\n              \"data_display\": [\r\n                {\r\n                  \"type\": \"key_value\",\r\n                  \"key_values\": [\r\n                    {\r\n                      \"Address\": \"Vile parle - east\"\r\n                    },\r\n                    {\r\n                      \"Phone\": 26510004\r\n                    },\r\n                    {\r\n                      \"Pricing\": \"Rs. 600 to Rs. 700\"\r\n                    },\r\n                    {\r\n                      \"Minimum Billing\": \"Rs. 60000\"\r\n                    },\r\n                    {\r\n                      \"Cuisines\": \"Indian, Chinese, Mexican\"\r\n                    },\r\n                    {\r\n                      \"Speciality\": \"Punjabi Cuisine\"\r\n                    },\r\n                    {\r\n                      \"Service Area\": \"All over Mumbai including the Suburbs and also in Pune\"\r\n                    },\r\n                    {\r\n                      \"Years in Business\": \"Since 1980\'s\"\r\n                    }\r\n                  ]\r\n                }\r\n              ]\r\n            }\r\n          ]\r\n        }\r\n      ]\r\n    },\r\n    {\r\n      \"heading\": \"Food Packages\",\r\n      \"data_display\": [\r\n        {\r\n          \"type\": \"key_value\",\r\n          \"key_values\": [\r\n            {\r\n              \"Silver Package\": \"Rs. 600\"\r\n            },\r\n            {\r\n              \"Gold Package\": \"Rs. 800\"\r\n            },\r\n            {\r\n              \"Platinum Package\": \"Rs. 900\"\r\n            }\r\n          ]\r\n        }\r\n      ]\r\n    },\r\n    {\r\n      \"heading\": \"Tie Ups\",\r\n      \"data_display\": [\r\n        {\r\n          \"type\": \"key_value\",\r\n          \"key_values\": [\r\n            {\r\n              \"Curry leaf Banquets\": \"\"\r\n            },\r\n            {\r\n              \"Sardar Patel Baug\": \"\"\r\n            },\r\n            {\r\n              \"Athiti Banquets\": \"\"\r\n            }\r\n          ]\r\n        }\r\n      ]\r\n    }\r\n  ]\r\n}','-1','-1',NULL,'',1),(30,'aa','2134567895','jaipur','',86,1,'customer@wedwise.in:fRITsf8kb60QSc6r3eAJqz0rqZA','','','',NULL,NULL,0),(31,'lokesh','9876543210','l.s321991@gmail.com','',90,1,'l.s321991@gmail.com:QPixfKLdfNGFNIb8-iI9TdrREao','','','',NULL,NULL,0),(32,'aa','96325874123','customer1@wedwise.in','',91,1,'customer1@wedwise.in:_6AiiOn5ovICF2i3o-GYUfabaac','','','',NULL,NULL,0),(33,'ad','9846543210','swapnil_jain05@yahoo.in','',92,1,'swapnil_jain05@yahoo.in:B7lfUfTD7lwT9C6bb9SV995uknc','','','',NULL,NULL,0),(34,'test','9602861761','vendortest@gmail.com','',94,1,'vendortest@gmail.com:r4GkloRJK4-z4vAUzfOGk6Fzfa0','','','',NULL,NULL,0),(35,'test vendor','2345678901','jaipur, rajasthan','',93,1,'test@gmail.com:HZ8I4kgzUG7PTeuTbunNn13CvX0','','','',NULL,NULL,0),(36,'test','123456','jaipur, rajasthan','',113,2,'vendor@gmail.com:7VTGao5tZMGH-1qPq_8kS2-cjwY','','','',NULL,NULL,0),(37,'deepak','2314567890','jaipur, rajasthan','',114,1,'deepak@vendor.com:l8L-b0ZRbRdeNdENxJDA2bCfKag','','','',NULL,NULL,0),(38,'vendor','1234567890','jaipur, rajasthan','',116,2,'vendor@gmail.in:ASN0K8h3tZR5AH7w4gl7JRdsNQY','','','',NULL,'',0),(39,'mukesh','55454544','jhjkfg jhfhjhfhjkf  gfdhjfh','',117,1,'mukesh.vijay3@gmail.com:MEGZtk9uR1UFEwMNda-JTakSGkQ','','','',NULL,'',0),(40,'xnfjgfi','5458686565','rksh_vijay@yahoo.com','',118,1,'rksh_vijay@yahoo.com:ckXfKlK5YzPevW9cHfNsT3taXPY','{\r\n  \"bid\": {\r\n    \"type\": \"bid\",\r\n    \"event_date\": \"1\",\r\n    \"flexible_date\": \"Flexible Date\",\r\n    \"time_slot\": {\r\n      \"name\": \"Time Slot\",\r\n      \"value\": [\r\n        [\r\n          \"all_day\",\r\n          \"All Day\"\r\n        ],\r\n        [\r\n          \"morning\",\r\n          \"Morning\"\r\n        ],\r\n        [\r\n          \"evening\",\r\n          \"Evening\"\r\n        ]\r\n      ]\r\n    },\r\n    \"package_ios\": {\r\n      \"name\": \"Package\",\r\n      \"value\": [\r\n        [\r\n          \"veg_package_1\",\r\n          \"Veg Pakackage 1\"\r\n        ],\r\n        [\r\n          \"veg_package_2\",\r\n          \"Veg Pakackage 2\"\r\n        ]\r\n      ]\r\n    },\r\n    \"package\": {\r\n      \"name\": \"Package\",\r\n      \"value\": \"500 Rs per plate minimum 100 persons required\",\r\n      \"package_list\": {\r\n        \"veg_package_1\": {\r\n          \"select_val\": \"Veg Pakackage 1\",\r\n          \"description\": \"Description about veg package 1\",\r\n          \"desscription_url\":\"http://seekersguru.github.io/wwhtml/Venues-details.html\",\r\n          \"pricing\":{\"line1\":\"pricing line 1 veg pkg 1\",\r\n            \"line2\":\"pricing line 2 veg pkg 1\"\r\n          }\r\n        },\r\n        \"veg_package_2\": {\r\n          \"select_val\": \"Veg Pakackage 2\",\r\n          \"description\": \"Description about veg package 2\",\r\n          \"pricing\":{\"line1\":\"pricing line 1 veg pkg 2\",\r\n            \"line2\":\"pricing line 2 veg pkg 2\"\r\n          }\r\n        }\r\n      },\r\n      \"package_order\": [\r\n        \"veg_package_1\",\r\n        \"veg_package_2\"\r\n      ]\r\n    },\r\n    \"num_guests\": {\r\n      \"min\": 50,\r\n      \"max\": 500\r\n    },\r\n    \"notes\":\"Description(optional)\",\r\n    \"button\": \"Express Interest\"\r\n  },\r\n  \"info\": {\r\n    \"contact\": \"8298298982\",\r\n    \"starting_price\": \"250000/-\",\r\n    \"Hall Rental (If Any)\": \"none /-\",\r\n    \"top_name\": \"Grand Homotel Malad\",\r\n    \"hero_imgs\": [\r\n      \"/media/apps/ios/2x/category/banquets.jpg\",\r\n      \"/media/apps/ios/2x/category/decorators.jpg\",\r\n      \"/media/apps/ios/2x/category/others.jpg\"\r\n    ],\r\n    \"360_imgs\": \"http://sky.easypano.com/panoramic-images/bageecha-farm-360-by-ravi-sethi-www.lifeexpressions.in-20061.html\",\r\n    \"top_address\": \"Sun-n-Sand Mumbai, 39, Juhu Beach, Mumbai - 400 049\",\r\n    \"video_links\": [\r\n      \"http://seekersguru.github.io/wwhtml/catring-video.html\",\r\n      \"https://www.youtube.com/watch?v=HwYKxmxU5NA\"\r\n    ],\r\n    \"email\": \"banquet_homotel@wedwise.in\",\r\n    \"name\": \"Grand Homotel Malad\"\r\n  },\r\n  \"sections\": [\r\n    {\r\n      \"heading\": \"General Information Changed\",\r\n      \"data_display\": [\r\n        {\r\n          \"type\": \"key_value\",\r\n          \"key_values\": [\r\n            {\r\n              \"Location\": \"Malad West\"\r\n            },\r\n            {\r\n              \"Capactiy\": \"200 - 400\"\r\n            },\r\n            {\r\n              \"Venue Type\": \"Hotel Banquet\"\r\n            }\r\n          ],\r\n          \"read_more\": [\r\n            {\r\n              \"heading\": \"General Information\",\r\n              \"data_display\": [\r\n                {\r\n                  \"type\": \"key_value\",\r\n                  \"key_values\": [\r\n                    {\r\n                      \"Name\": \"Grand Homotel\"\r\n                    },\r\n                    {\r\n                      \"Address\": \"Mind Space,Malad, Mumbai 4000064\"\r\n                    },\r\n                    {\r\n                      \"Phone\": \"42797979\"\r\n                    },\r\n                    {\r\n                      \"Neighbourhood\": \"\"\r\n                    },\r\n                    {\r\n                      \"GPS Co-Ordinates\": \"\"\r\n                    },\r\n                    {\r\n                      \"Capacity(floating)\": \"400\"\r\n                    },\r\n                    {\r\n                      \"Veg\": \"Available\"\r\n                    },\r\n                    {\r\n                      \"Jain\": \"Available\"\r\n                    },\r\n                    {\r\n                      \"Non-Veg\": \"Available\"\r\n                    },\r\n                    {\r\n                      \"Alcohol\": \"Available\"\r\n                    },\r\n                    {\r\n                      \"Parking Spots\": \"Available\"\r\n                    },\r\n                    {\r\n                      \"AC/Non-Ac\": \"AC/Non-Ac\"\r\n                    },\r\n                    {\r\n                      \"Speciliaty Cuisine\": \"Mexican, Italian, Chinese\"\r\n                    },\r\n                    {\r\n                      \"Venu Type\": \"Roof top Banquet and Hall  \"\r\n                    },\r\n                    {\r\n                      \"Outside Catering\": \"Not Allowed\"\r\n                    }\r\n                  ]\r\n                }\r\n              ]\r\n            }\r\n          ]\r\n        }\r\n      ]\r\n    },\r\n    {\r\n      \"heading\": \"Locate us on map\",\r\n      \"data_display\": [\r\n        {\r\n          \"lat\": \"19.1777352\",\r\n          \"type\": \"map\",\r\n          \"long\": \"72.8343873\"\r\n        }\r\n      ]\r\n    },\r\n    {\r\n      \"heading\": \"Food Packages\",\r\n      \"data_display\": [\r\n        {\r\n          \"type\": \"key_value\",\r\n          \"key_values\": [\r\n            {\r\n              \"Package 1 (Lunch)\": \"600 /- per plate\"\r\n            },\r\n            {\r\n              \"Package 2 (Dinner)\": \"900 /- per plate\"\r\n            },\r\n            {\r\n              \"Package 3 (Lunch/Dinner)\": \"1100 /- per plate minimum 300 peoples\"\r\n            }\r\n          ],\r\n          \"read_more\": [\r\n            {\r\n              \"heading\": \"Food Packages\",\r\n              \"data_display\": [\r\n                {\r\n                  \"type\": \"packages\",\r\n                  \"Lunch\": {\r\n                    \"package_values\": [\r\n                      {\r\n                        \"quoted\": {\r\n                          \"Quoted Price\": \"1800\"\r\n                        },\r\n                        \"minimum\": {\r\n                          \"Minimum Price\": \"1600\"\r\n                        },\r\n                        \"label\": \"Veg Package 1 ( 600 /- per plate)\",\r\n                        \"options\": [\r\n                          {\r\n                            \"Welcome Drink (2)\": \"Pepsi / Coke / Jaljeera /\"\r\n                          },\r\n                          {\r\n                            \"Starters (4)\": \"Veg manchurian / Hara bhara kabab / paneer pakoda\"\r\n                          },\r\n                          {\r\n                            \"Salads (4)\": \"Veg\"\r\n                          },\r\n                          {\r\n                            \"Soup (2)\": \"Veg\"\r\n                          },\r\n                          {\r\n                            \"Breads (4)\": \"Veg\"\r\n                          },\r\n                          {\r\n                            \"Main Courses (4)\": \"Veg\"\r\n                          },\r\n                          {\r\n                            \"Dal (1)\": \"Veg\"\r\n                          },\r\n                          {\r\n                            \"Rice (2)\": \"Veg\"\r\n                          },\r\n                          {\r\n                            \"Raita (1)\": \"Veg\"\r\n                          },\r\n                          {\r\n                            \"Desert (3)\": \"Veg\"\r\n                          },\r\n                          {\r\n                            \"Live Stations (1)\": \"Veg\"\r\n                          }\r\n                        ]\r\n                      },\r\n                      {\r\n                        \"quoted\": {\r\n                          \"Quoted Price\": \"2200\"\r\n                        },\r\n                        \"minimum\": {\r\n                          \"Minimum Price\": \"2000\"\r\n                        },\r\n                        \"label\": \"Veg Package 2 ( 900 /- per plate)\",\r\n                        \"options\": [\r\n                          {\r\n                            \"Welcome Drink (3)\": \"Pepsi / Coke / Jaljeera /\"\r\n                          },\r\n                          {\r\n                            \"Starters (5)\": \"Veg manchurian / Hara bhara kabab / paneer pakoda\"\r\n                          },\r\n                          {\r\n                            \"Salads (5)\": \"Veg\"\r\n                          },\r\n                          {\r\n                            \"Soup (4)\": \"Veg\"\r\n                          },\r\n                          {\r\n                            \"Breads (4)\": \"Veg\"\r\n                          },\r\n                          {\r\n                            \"Main Courses (6)\": \"Veg\"\r\n                          },\r\n                          {\r\n                            \"Dal (2)\": \"Veg\"\r\n                          },\r\n                          {\r\n                            \"Rice (2)\": \"Veg\"\r\n                          },\r\n                          {\r\n                            \"Raita (1)\": \"Veg\"\r\n                          },\r\n                          {\r\n                            \"Desert (5)\": \"Veg\"\r\n                          },\r\n                          {\r\n                            \"Live Stations (2)\": \"Veg\"\r\n                          }\r\n                        ]\r\n                      },\r\n                      {\r\n                        \"quoted\": {\r\n                          \"Quoted Price\": \"2300\"\r\n                        },\r\n                        \"minimum\": {\r\n                          \"Minimum Price\": \"2100\"\r\n                        },\r\n                        \"label\": \"Non Veg Package 1 ( 1100 /- per plate)\",\r\n                        \"options\": [\r\n                          {\r\n                            \"Welcome Drink (2)\": \"Pepsi / Coke / Jaljeera /\"\r\n                          },\r\n                          {\r\n                            \"Starters (4)\": \"Veg manchurian / Hara bhara kabab / paneer pakoda\"\r\n                          },\r\n                          {\r\n                            \"Salads (4)\": \"Veg\"\r\n                          },\r\n                          {\r\n                            \"Soup (2)\": \"Veg\"\r\n                          },\r\n                          {\r\n                            \"Breads (4)\": \"Veg\"\r\n                          },\r\n                          {\r\n                            \"Main Courses (4)\": \"Veg\"\r\n                          },\r\n                          {\r\n                            \"Dal (1)\": \"Veg\"\r\n                          },\r\n                          {\r\n                            \"Rice (2)\": \"Veg\"\r\n                          },\r\n                          {\r\n                            \"Raita (1)\": \"Veg\"\r\n                          },\r\n                          {\r\n                            \"Desert (3)\": \"Veg\"\r\n                          },\r\n                          {\r\n                            \"Live Stations (1)\": \"Veg\"\r\n                          }\r\n                        ]\r\n                      },\r\n                      {\r\n                        \"quoted\": {\r\n                          \"Quoted Price\": \"2500\"\r\n                        },\r\n                        \"minimum\": {\r\n                          \"Minimum Price\": \"2300\"\r\n                        },\r\n                        \"label\": \"Non Veg Package 2 ( 600 /- per plate)\",\r\n                        \"options\": [\r\n                          {\r\n                            \"Welcome Drink (3)\": \"Pepsi / Coke / Jaljeera /\"\r\n                          },\r\n                          {\r\n                            \"Starters (5)\": \"Veg manchurian / Hara bhara kabab / paneer pakoda\"\r\n                          },\r\n                          {\r\n                            \"Salads (5)\": \"Veg\"\r\n                          },\r\n                          {\r\n                            \"Soup (4)\": \"Veg\"\r\n                          },\r\n                          {\r\n                            \"Breads (4)\": \"Veg\"\r\n                          },\r\n                          {\r\n                            \"Main Courses (6)\": \"Veg\"\r\n                          },\r\n                          {\r\n                            \"Dal (2)\": \"Veg\"\r\n                          },\r\n                          {\r\n                            \"Rice (2)\": \"Veg\"\r\n                          },\r\n                          {\r\n                            \"Raita (1)\": \"Veg\"\r\n                          },\r\n                          {\r\n                            \"Desert (5)\": \"Veg\"\r\n                          },\r\n                          {\r\n                            \"Live Stations (2)\": \"Veg\"\r\n                          }\r\n                        ]\r\n                      }\r\n                    ]\r\n                  },\r\n                  \"Dinner\": {\r\n                    \"package_values\": [\r\n                      {\r\n                        \"quoted\": {\r\n                          \"Quoted Price\": \"1800\"\r\n                        },\r\n                        \"minimum\": {\r\n                          \"Minimum Price\": \"1600\"\r\n                        },\r\n                        \"label\": \"Veg Package 1 ( 600 /- per plate)\",\r\n                        \"options\": [\r\n                          {\r\n                            \"Welcome Drink (2)\": \"Pepsi / Coke /\"\r\n                          },\r\n                          {\r\n                            \"Starters (4)\": \"Veg manchurian / Hara bhara kabab / paneer pakoda\"\r\n                          },\r\n                          {\r\n                            \"Salads (4)\": \"Veg\"\r\n                          },\r\n                          {\r\n                            \"Soup (2)\": \"Veg\"\r\n                          },\r\n                          {\r\n                            \"Breads (4)\": \"Veg\"\r\n                          },\r\n                          {\r\n                            \"Main Courses (4)\": \"Veg\"\r\n                          },\r\n                          {\r\n                            \"Dal (1)\": \"Veg\"\r\n                          },\r\n                          {\r\n                            \"Rice (2)\": \"Veg\"\r\n                          },\r\n                          {\r\n                            \"Raita (1)\": \"Veg\"\r\n                          },\r\n                          {\r\n                            \"Desert (3)\": \"Veg\"\r\n                          },\r\n                          {\r\n                            \"Live Stations (1)\": \"Veg\"\r\n                          }\r\n                        ]\r\n                      },\r\n                      {\r\n                        \"quoted\": {\r\n                          \"Quoted Price\": \"2200\"\r\n                        },\r\n                        \"minimum\": {\r\n                          \"Minimum Price\": \"2000\"\r\n                        },\r\n                        \"label\": \"Veg Package 2 ( 600 /- per plate)\",\r\n                        \"options\": [\r\n                          {\r\n                            \"Welcome Drink (3)\": \"Pepsi / Coke / Jaljeera /\"\r\n                          },\r\n                          {\r\n                            \"Starters (5)\": \"Veg manchurian / Hara bhara kabab / paneer pakoda\"\r\n                          },\r\n                          {\r\n                            \"Salads (5)\": \"Veg\"\r\n                          },\r\n                          {\r\n                            \"Soup (4)\": \"Veg\"\r\n                          },\r\n                          {\r\n                            \"Breads (6)\": \"Veg\"\r\n                          },\r\n                          {\r\n                            \"Main Courses (6)\": \"Veg\"\r\n                          },\r\n                          {\r\n                            \"Dal (2)\": \"Veg\"\r\n                          },\r\n                          {\r\n                            \"Rice (2)\": \"Veg\"\r\n                          },\r\n                          {\r\n                            \"Raita (1)\": \"Veg\"\r\n                          },\r\n                          {\r\n                            \"Desert (5)\": \"Veg\"\r\n                          },\r\n                          {\r\n                            \"Live Stations (2)\": \"Veg\"\r\n                          }\r\n                        ]\r\n                      },\r\n                      {\r\n                        \"quoted\": {\r\n                          \"Quoted Price\": \"2300\"\r\n                        },\r\n                        \"minimum\": {\r\n                          \"Minimum Price\": \"2100\"\r\n                        },\r\n                        \"label\": \"Non Veg Package 1 ( 600 /- per plate)\",\r\n                        \"options\": [\r\n                          {\r\n                            \"Welcome Drink (2)\": \"Pepsi / Coke /\"\r\n                          },\r\n                          {\r\n                            \"Starters (4)\": \"Veg manchurian / Hara bhara kabab / paneer pakoda\"\r\n                          },\r\n                          {\r\n                            \"Salads (4)\": \"Veg\"\r\n                          },\r\n                          {\r\n                            \"Soup (2)\": \"Veg\"\r\n                          },\r\n                          {\r\n                            \"Breads (4)\": \"Veg\"\r\n                          },\r\n                          {\r\n                            \"Main Courses (4)\": \"Veg\"\r\n                          },\r\n                          {\r\n                            \"Dal (1)\": \"Veg\"\r\n                          },\r\n                          {\r\n                            \"Rice (2)\": \"Veg\"\r\n                          },\r\n                          {\r\n                            \"Raita (1)\": \"Veg\"\r\n                          },\r\n                          {\r\n                            \"Desert (3)\": \"Veg\"\r\n                          },\r\n                          {\r\n                            \"Live Stations (1)\": \"Veg\"\r\n                          }\r\n                        ]\r\n                      },\r\n                      {\r\n                        \"quoted\": {\r\n                          \"Quoted Price\": \"2500\"\r\n                        },\r\n                        \"minimum\": {\r\n                          \"Minimum Price\": \"2300\"\r\n                        },\r\n                        \"label\": \"Non Veg Package 2 ( 600 /- per plate)\",\r\n                        \"options\": [\r\n                          {\r\n                            \"Welcome Drink (3)\": \"Pepsi / Coke / Jaljeera /\"\r\n                          },\r\n                          {\r\n                            \"Starters (5)\": \"Veg manchurian / Hara bhara kabab / paneer pakoda\"\r\n                          },\r\n                          {\r\n                            \"Salads (5)\": \"Veg\"\r\n                          },\r\n                          {\r\n                            \"Soup (4)\": \"Veg\"\r\n                          },\r\n                          {\r\n                            \"Breads (4)\": \"Veg\"\r\n                          },\r\n                          {\r\n                            \"Main Courses (6)\": \"Veg\"\r\n                          },\r\n                          {\r\n                            \"Dal (2)\": \"Veg\"\r\n                          },\r\n                          {\r\n                            \"Rice (2)\": \"Veg\"\r\n                          },\r\n                          {\r\n                            \"Raita (1)\": \"Veg\"\r\n                          },\r\n                          {\r\n                            \"Desert (5)\": \"Veg\"\r\n                          },\r\n                          {\r\n                            \"Live Stations (2)\": \"Veg\"\r\n                          }\r\n                        ]\r\n                      }\r\n                    ]\r\n                  }\r\n                }\r\n              ]\r\n            }\r\n          ]\r\n        }\r\n      ]\r\n    },\r\n    {\r\n      \"heading\": \"Other Services\",\r\n      \"data_display\": [\r\n        {\r\n          \"type\": \"key_value\",\r\n          \"key_values\": [\r\n            {\r\n              \"Valet Service\": \"Availabe\"\r\n            },\r\n            {\r\n              \"Projector\": \"Availabe\"\r\n            },\r\n            {\r\n              \"Sound System\": \"Availabe\"\r\n            }\r\n          ],\r\n          \"read_more\": [\r\n            {\r\n              \"heading\": \"General Information\",\r\n              \"data_display\": [\r\n                {\r\n                  \"type\": \"key_value\",\r\n                  \"key_values\": [\r\n                    {\r\n                      \"Valet Service\": \"Availabe\"\r\n                    },\r\n                    {\r\n                      \"Projector\": \"Availabe\"\r\n                    },\r\n                    {\r\n                      \"Sound System\": \"Availabe\"\r\n                    },\r\n                    {\r\n                      \"Mike\": \"Available\"\r\n                    }\r\n                  ]\r\n                }\r\n              ]\r\n            }\r\n          ]\r\n        }\r\n      ]\r\n    },\r\n    {\r\n      \"heading\": \"Food & Drinks\",\r\n      \"data_display\": [\r\n        {\r\n          \"type\": \"key_value\",\r\n          \"key_values\": [\r\n            {\r\n              \"Jain Preperation\": \"YES\"\r\n            },\r\n            {\r\n              \"Non Veg\": \"YES\"\r\n            },\r\n            {\r\n              \"Outside General Catering\": \"NO\"\r\n            }\r\n          ],\r\n          \"read_more\": [\r\n            {\r\n              \"heading\": \"Food &  Drinks\",\r\n              \"data_display\": [\r\n                {\r\n                  \"type\": \"key_value\",\r\n                  \"key_values\": [\r\n                    {\r\n                      \"Valet Service\": \"Availabe\"\r\n                    },\r\n                    {\r\n                      \"Projector\": \"Availabe\"\r\n                    },\r\n                    {\r\n                      \"Sound System\": \"Availabe\"\r\n                    },\r\n                    {\r\n                      \"Mike\": \"Available\"\r\n                    }\r\n                  ]\r\n                }\r\n              ]\r\n            }\r\n          ]\r\n          \r\n        }\r\n      ]\r\n    },\r\n    {\r\n      \"heading\": \"Saftey\",\r\n      \"data_display\": [\r\n        {\r\n          \"type\": \"key_value\",\r\n          \"key_values\": [\r\n            {\r\n              \"First Aid Kit\": \"YES\"\r\n            },\r\n            {\r\n              \"Fire Fighting\": \"YES\"\r\n            },\r\n            {\r\n              \"Sprinkler\": \"YES\"\r\n            },\r\n            {\r\n              \"On Call Doctor\": \"YES\"\r\n            }\r\n          ]\r\n        }\r\n      ]\r\n    },\r\n    {\r\n      \"heading\": \"Capcity\",\r\n      \"data_display\": [\r\n        {\r\n          \"type\": \"key_value\",\r\n          \"key_values\": [\r\n            {\r\n              \"Floating\": \"400\"\r\n            },\r\n            {\r\n              \"U Shape\": \"60\"\r\n            },\r\n            {\r\n              \"Cluster\": \"125\"\r\n            },\r\n            {\r\n              \"Theater\": \"175\"\r\n            },\r\n            {\r\n              \"Class\": \"80\"\r\n            },\r\n            {\r\n              \"Car Park\": \"150\"\r\n            },\r\n            {\r\n              \"Bike Park\": \"50\"\r\n            },\r\n            {\r\n              \"Valet Parking\": \"YES\"\r\n            }\r\n          ]\r\n        }\r\n      ]\r\n    },\r\n    {\r\n      \"heading\": \"AV/Music\",\r\n      \"data_display\": [\r\n        {\r\n          \"type\": \"key_value\",\r\n          \"key_values\": [\r\n            {\r\n              \"Music System\": \"YES\"\r\n            },\r\n            {\r\n              \"DJ Setup\": \"NO\"\r\n            },\r\n            {\r\n              \"Party Lights\": \"NO\"\r\n            },\r\n            {\r\n              \"Mike\": \"NO\"\r\n            },\r\n            {\r\n              \"Projector\": \"YES\"\r\n            },\r\n            {\r\n              \"License Liasion\": \"YES\"\r\n            }\r\n          ]\r\n        }\r\n      ]\r\n    },\r\n    {\r\n      \"heading\": \"Facilities\",\r\n      \"data_display\": [\r\n        {\r\n          \"type\": \"key_value\",\r\n          \"key_values\": [\r\n            {\r\n              \"Venue Type\": \"Hotel\"\r\n            },\r\n            {\r\n              \"AC\": \"YES\"\r\n            },\r\n            {\r\n              \"Power Back Up\": \"YES\"\r\n            },\r\n            {\r\n              \"Restrooms\": \"YES\"\r\n            },\r\n            {\r\n              \"Shower\": \"YES\"\r\n            },\r\n            {\r\n              \"Bridal Room\": \"YES\"\r\n            },\r\n            {\r\n              \"Elevator\": \"YES\"\r\n            },\r\n            {\r\n              \"Ramp\": \"NO\"\r\n            },\r\n            {\r\n              \"Wheelchair\": \"YES\"\r\n            },\r\n            {\r\n              \"Chairs\": \"400\"\r\n            },\r\n            {\r\n              \"Chair Covers\": \"YES\"\r\n            },\r\n            {\r\n              \"Table\": \"200\"\r\n            },\r\n            {\r\n              \"Table Covers\": \"YES\"\r\n            },\r\n            {\r\n              \"Pool Side\": \"YES\"\r\n            },\r\n            {\r\n              \"Overnight Rooms\": \"YES\"\r\n            }\r\n          ]\r\n        }\r\n      ]\r\n    },\r\n    {\r\n      \"heading\": \"Payment Terms\",\r\n      \"data_display\": [\r\n        {\r\n          \"type\": \"key_value\",\r\n          \"key_values\": [\r\n            {\r\n              \"Book Advance\": \"50% of total billing\"\r\n            },\r\n            {\r\n              \"2nd Payment\": \"30 days before event\"\r\n            },\r\n            {\r\n              \"Last Payment\": \"15 days before event\"\r\n            },\r\n            {\r\n              \"Cancellation Policy\": \"Loses booking advance\"\r\n            }\r\n          ]\r\n        }\r\n      ]\r\n    },\r\n    {\r\n      \"heading\": \"Tie- Ups\",\r\n      \"data_display\": [\r\n        {\r\n          \"type\": \"key_value\",\r\n          \"key_values\": [\r\n            {\r\n              \"Decorators\": \"National(26183412),Samani(26133456)\"\r\n            },\r\n            {\r\n              \"Other Allowed\": \"NO\"\r\n            },\r\n            {\r\n              \"Caterers\": \"Hotel,Contact\"\r\n            },\r\n            {\r\n              \"Florists\": \"Florista(43449000/65260000),,Pooja Florists(26543789)\"\r\n            },\r\n            {\r\n              \"Other Allowed\": \"NO\"\r\n            }\r\n          ]\r\n        }\r\n      ]\r\n    }\r\n  ]\r\n}','','',NULL,'{u\'2015-08-13\': u\'booked_all_day\', u\'2015-08-12\': u\'booked_all_day\', u\'2015-08-11\': u\'booked_all_day\', u\'2015-08-10\': u\'booked_all_day\', u\'2015-08-05\': u\'booked_all_day\', u\'2015-08-19\': u\'available_morning\', u\'2015-08-07\': u\'booked_all_day\', u\'2015-08-26\': u\'booked_all_day\', u\'2015-08-28\': u\'booked_all_day\', u\'2015-08-03\': u\'booked_all_day\'}',0),(41,'ajit','1234567890','atest@ggh.com','',127,1,'atest@ggh.com:A1kUL0CL7b5T-GdQm7tANzaje6U','{}','','',NULL,'{u\'2015-08-28\': u\'available_morning\', u\'2015-08-29\': u\'available_morning\', u\'2015-08-08\': u\'available_morning\', u\'2015-08-04\': u\'available_morning\', u\'2015-08-05\': u\'available_morning\', u\'2015-08-20\': u\'available_morning\', u\'2015-08-07\': u\'available_morning\', u\'2015-08-26\': u\'available_morning\', u\'2015-08-27\': u\'available_morning\', u\'2015-08-02\': u\'booked_morning\', u\'2015-08-25\': u\'booked_morning\', u\'2014-12-20\': u\'available_morning\', u\'2015-08-22\': u\'available_morning\', u\'2015-08-06\': u\'available_morning\', u\'2015-08-13\': u\'available_morning\', u\'2015-08-12\': u\'available_morning\', u\'2015-08-11\': u\'available_morning\', u\'2015-08-21\': u\'available_morning\', u\'2015-08-15\': u\'available_morning\', u\'2015-08-14\': u\'available_morning\', u\'2015-08-19\': u\'available_morning\', u\'2015-08-18\': u\'available_morning\', u\'2015-08-01\': u\'booked_morning\', u\'2015-08-03\': u\'booked_morning\', u\'2014-12-19\': u\'available_morning\', u\'2014-12-18\': u\'available_morning\', u\'2014-12-11\': u\'available_morning\', u\'2014-12-10\': u\'available_morning\', u\'2014-12-13\': u\'available_morning\', u\'2014-12-12\': u\'available_morning\', u\'2014-12-17\': u\'available_morning\'}',0),(42,'fs Gs sg','64472779','sandeep@gmail.com','',146,1,'sandeep@gmail.com:Q6XYv2SrIHsKo-Nk8gvCsKJxtSQ','{}','','',NULL,'{}',0),(43,'sandeep','9000080847','sandeep1@gmail.com','',147,1,'sandeep1@gmail.com:sHZXz39rxkxpwlL8zPE_Ui_bysA','{}','','',NULL,'{}',0),(44,'sandy','9000080847','sndp123@gmail.com','',148,1,'sndp123@gmail.com:mJPZIWAYaU1qWoP7N4g_JEUQm7E','{}','','',NULL,'',0),(45,'jon','7586565242','exampleid100@gmail.com','',149,1,'exampleid100@gmail.com:-TxHrYTewFoI0mAB7DXTODXvfRw','{}','','',NULL,'',0),(46,'aa','7777777777','aa@aa.com','',156,1,'aa@aa.com:G5gijsaCDuUvnjcpO0Tyy8cIlQQ','{}','','',NULL,'',0);
/*!40000 ALTER TABLE `vendor_vendor` ENABLE KEYS */;
UNLOCK TABLES;

--
-- Table structure for table `vendor_vendorlead`
--

DROP TABLE IF EXISTS `vendor_vendorlead`;
/*!40101 SET @saved_cs_client     = @@character_set_client */;
/*!40101 SET character_set_client = utf8 */;
CREATE TABLE `vendor_vendorlead` (
  `id` int(11) NOT NULL AUTO_INCREMENT,
  `email` varchar(75) NOT NULL,
  `address` varchar(512) NOT NULL,
  `mobile` varchar(11) NOT NULL,
  `services` varchar(512) NOT NULL,
  `name` varchar(100) DEFAULT NULL,
  PRIMARY KEY (`id`)
) ENGINE=InnoDB AUTO_INCREMENT=3 DEFAULT CHARSET=latin1;
/*!40101 SET character_set_client = @saved_cs_client */;

--
-- Dumping data for table `vendor_vendorlead`
--

LOCK TABLES `vendor_vendorlead` WRITE;
/*!40000 ALTER TABLE `vendor_vendorlead` DISABLE KEYS */;
INSERT INTO `vendor_vendorlead` VALUES (1,'cc@gm.com','cc','9090909090','cc','cc'),(2,'ccaa@gm.com','cc','9090909090','cc','cc');
/*!40000 ALTER TABLE `vendor_vendorlead` ENABLE KEYS */;
UNLOCK TABLES;

--
-- Table structure for table `wedwise_messages_messages`
--

DROP TABLE IF EXISTS `wedwise_messages_messages`;
/*!40101 SET @saved_cs_client     = @@character_set_client */;
/*!40101 SET character_set_client = utf8 */;
CREATE TABLE `wedwise_messages_messages` (
  `id` int(11) NOT NULL AUTO_INCREMENT,
  `from_to` varchar(3) DEFAULT NULL,
  `message` longtext NOT NULL,
  `msg_time` datetime NOT NULL,
  `customer_id` int(11) NOT NULL,
  `vendor_id` int(11) NOT NULL,
  `bid_json` longtext,
  `num_guests` int(11) DEFAULT NULL,
  `package` varchar(500) DEFAULT '',
  `event_date` date DEFAULT NULL,
  `status` varchar(1) DEFAULT '',
  `time_slot` varchar(128) DEFAULT '',
  `msg_type` varchar(7) DEFAULT NULL,
  `self_booking` varchar(1) DEFAULT NULL,
  `notes` longtext,
  PRIMARY KEY (`id`),
  KEY `wedwise_messages_messages_cb24373b` (`customer_id`),
  KEY `wedwise_messages_messages_96b1f972` (`vendor_id`),
  CONSTRAINT `wedwise_messages__vendor_id_5a214c5fcbedd4d3_fk_vendor_vendor_id` FOREIGN KEY (`vendor_id`) REFERENCES `vendor_vendor` (`id`),
  CONSTRAINT `wedwis_customer_id_4d15317179ef6bc3_fk_customer_customer_user_id` FOREIGN KEY (`customer_id`) REFERENCES `customer_customer` (`user_id`)
) ENGINE=InnoDB AUTO_INCREMENT=181 DEFAULT CHARSET=latin1;
/*!40101 SET character_set_client = @saved_cs_client */;

--
-- Dumping data for table `wedwise_messages_messages`
--

LOCK TABLES `wedwise_messages_messages` WRITE;
/*!40000 ALTER TABLE `wedwise_messages_messages` DISABLE KEYS */;
INSERT INTO `wedwise_messages_messages` VALUES (37,'c2v','IOS creating bid','2015-08-22 09:06:35',125,18,'{\n  \"button\" : \"Express Interest\",\n  \"notes\" : \"Description(optional)\",\n  \"time_slot\" : {\n    \"name\" : \"Time Slot\",\n    \"value\" : [\n      [\n        \"all_day\",\n        \"All Day\"\n      ],\n      [\n        \"morning\",\n        \"Morning\"\n      ],\n      [\n        \"evening\",\n        \"Evening\"\n      ]\n    ]\n  },\n  \"package_ios\" : {\n    \"name\" : \"Package\",\n    \"value\" : [\n      [\n        \"veg_package_1\",\n        \"Veg Pakackage 1\"\n      ],\n      [\n        \"veg_package_2\",\n        \"Veg Pakackage 2\"\n      ]\n    ]\n  },\n  \"package\" : {\n    \"value\" : \"500 Rs per plate minimum 100 persons required\",\n    \"package_list\" : {\n      \"veg_package_2\" : {\n        \"pricing\" : {\n          \"line2\" : \"pricing line 2 veg pkg 2\",\n          \"line1\" : \"pricing line 1 veg pkg 2\"\n        },\n        \"select_val\" : \"Veg Pakackage 2\",\n        \"description\" : \"Description about veg package 2\"\n      },\n      \"veg_package_1\" : {\n        \"select_val\" : \"Veg Pakackage 1\",\n        \"desscription_url\" : \"http:\\/\\/seekersguru.github.io\\/wwhtml\\/Venues-details.html\",\n        \"pricing\" : {\n          \"line2\" : \"pricing line 2 veg pkg 1\",\n          \"line1\" : \"pricing line 1 veg pkg 1\"\n        },\n        \"description\" : \"Description about veg package 1\"\n      }\n    },\n    \"name\" : \"Package\",\n    \"package_order\" : [\n      \"veg_package_1\",\n      \"veg_package_2\"\n    ]\n  },\n  \"flexible_date\" : \"Flexible Date\",\n  \"num_guests\" : {\n    \"max\" : 500,\n    \"min\" : 50\n  },\n  \"event_date\" : \"1\",\n  \"type\" : \"bid\"\n}',-1,'morning','2015-09-30','0','all_day','bid','0',''),(38,'c2v','IOS creating bid','2015-08-22 09:18:52',125,18,'{\n  \"button\" : \"Express Interest\",\n  \"notes\" : \"Description(optional)\",\n  \"time_slot\" : {\n    \"name\" : \"Time Slot\",\n    \"value\" : [\n      [\n        \"all_day\",\n        \"All Day\"\n      ],\n      [\n        \"morning\",\n        \"Morning\"\n      ],\n      [\n        \"evening\",\n        \"Evening\"\n      ]\n    ]\n  },\n  \"package_ios\" : {\n    \"name\" : \"Package\",\n    \"value\" : [\n      [\n        \"veg_package_1\",\n        \"Veg Pakackage 1\"\n      ],\n      [\n        \"veg_package_2\",\n        \"Veg Pakackage 2\"\n      ]\n    ]\n  },\n  \"package\" : {\n    \"value\" : \"500 Rs per plate minimum 100 persons required\",\n    \"package_list\" : {\n      \"veg_package_2\" : {\n        \"pricing\" : {\n          \"line2\" : \"pricing line 2 veg pkg 2\",\n          \"line1\" : \"pricing line 1 veg pkg 2\"\n        },\n        \"select_val\" : \"Veg Pakackage 2\",\n        \"description\" : \"Description about veg package 2\"\n      },\n      \"veg_package_1\" : {\n        \"select_val\" : \"Veg Pakackage 1\",\n        \"desscription_url\" : \"http:\\/\\/seekersguru.github.io\\/wwhtml\\/Venues-details.html\",\n        \"pricing\" : {\n          \"line2\" : \"pricing line 2 veg pkg 1\",\n          \"line1\" : \"pricing line 1 veg pkg 1\"\n        },\n        \"description\" : \"Description about veg package 1\"\n      }\n    },\n    \"name\" : \"Package\",\n    \"package_order\" : [\n      \"veg_package_1\",\n      \"veg_package_2\"\n    ]\n  },\n  \"flexible_date\" : \"Flexible Date\",\n  \"num_guests\" : {\n    \"max\" : 500,\n    \"min\" : 50\n  },\n  \"event_date\" : \"1\",\n  \"type\" : \"bid\"\n}',-1,'all_day','2015-10-24','','evening','bid','0','Comments'),(42,'c2v','Test','2015-08-22 11:57:15',125,18,'',-1,NULL,NULL,'','','message','0',''),(43,'c2v','What the hell negro','2015-08-22 11:57:26',125,18,'',-1,NULL,NULL,'','','message','0',''),(44,'c2v','What the shit is going on with you','2015-08-22 11:57:39',125,18,'',-1,NULL,NULL,'','','message','0',''),(45,'c2v','Still here, where you at?','2015-08-22 12:10:11',125,18,'',-1,NULL,NULL,'','','message','0',''),(46,'c2v','This was sent at 5:42 pm','2015-08-22 12:10:59',125,18,'',-1,NULL,NULL,'','','message','0',''),(47,'c2v','Ok, maybe now it\'s 5:42 pm','2015-08-22 12:11:19',125,18,'',-1,NULL,NULL,'','','message','0',''),(48,'c2v','Ok, maybe now it\'s 5:42 pm','2015-08-22 12:11:33',125,18,'',-1,NULL,NULL,'','','message','0',''),(49,'c2v','Hello Trupti, do you cook seafood?','2015-08-22 12:17:54',125,23,'',-1,NULL,NULL,'','','message','0',''),(50,'c2v','I love masala swordfish and would really like to have a giant display of the same for our reception.','2015-08-22 12:18:39',125,23,'',-1,NULL,NULL,'','','message','0',''),(51,'c2v','Can you guys do that for us?','2015-08-22 12:18:51',125,23,'',-1,NULL,NULL,'','','message','0',''),(52,'c2v','I am getting water in my mouth just thinking about it.','2015-08-22 12:19:10',125,23,'',-1,NULL,NULL,'','','message','0',''),(53,'c2v','What is going on with the time stamps?','2015-08-22 12:22:01',125,23,'',-1,NULL,NULL,'','','message','0',''),(54,'c2v','Now no new time stamps?','2015-08-22 12:22:15',125,23,'',-1,NULL,NULL,'','','message','0',''),(58,'c2v','Jadhavji','2015-08-22 12:22:36',125,23,'',-1,NULL,NULL,'','','message','0',''),(59,'c2v','Hahshssh','2015-08-22 12:23:41',125,23,'',-1,NULL,NULL,'','','message','0',''),(60,'c2v','Shanshan','2015-08-22 12:23:43',125,23,'',-1,NULL,NULL,'','','message','0',''),(61,'c2v','Shaheed','2015-08-22 12:23:46',125,23,'',-1,NULL,NULL,'','','message','0',''),(62,'c2v','Ahshahshwh','2015-08-22 12:23:48',125,23,'',-1,NULL,NULL,'','','message','0',''),(63,'c2v','Shahs head','2015-08-22 12:23:49',125,23,'',-1,NULL,NULL,'','','message','0',''),(64,'c2v','She hedged','2015-08-22 12:23:51',125,23,'',-1,NULL,NULL,'','','message','0',''),(65,'c2v','|$~$\\!|$','2015-08-22 12:23:54',125,23,'',-1,NULL,NULL,'','','message','0',''),(66,'c2v','\\$|$~<$','2015-08-22 12:23:56',125,23,'',-1,NULL,NULL,'','','message','0',''),(68,'c2v','Shaheem','2015-08-22 12:24:13',125,23,'',-1,NULL,NULL,'','','message','0',''),(70,'v2c','What do you want?','2015-08-22 12:28:03',125,18,'',-1,NULL,NULL,'','','message','0',''),(71,'v2c','I don\'t have space for you','2015-08-22 12:28:10',125,18,'',-1,NULL,NULL,'','','message','0',''),(72,'v2c','So bugger off and don\'t came back asking for anything','2015-08-22 12:28:22',125,18,'',-1,NULL,NULL,'','','message','0',''),(76,'c2v','Hello','2015-08-22 18:22:02',125,23,'',-1,NULL,NULL,'','','message','0',''),(77,'c2v','Ahsdhanah','2015-08-22 18:22:08',125,23,'',-1,NULL,NULL,'','','message','0',''),(79,'c2v','\\\\$~$\\]$','2015-08-22 18:22:43',125,23,'',-1,NULL,NULL,'','','message','0',''),(80,'c2v','/\'shaken','2015-08-22 18:22:48',125,23,'',-1,NULL,NULL,'','','message','0',''),(81,'c2v','-','2015-08-22 18:22:54',125,23,'',-1,NULL,NULL,'','','message','0',''),(82,'c2v','/','2015-08-22 18:22:58',125,23,'',-1,NULL,NULL,'','','message','0',''),(83,'c2v',':','2015-08-22 18:23:01',125,23,'',-1,NULL,NULL,'','','message','0',''),(84,'c2v',';','2015-08-22 18:23:03',125,23,'',-1,NULL,NULL,'','','message','0',''),(85,'c2v','(','2015-08-22 18:23:06',125,23,'',-1,NULL,NULL,'','','message','0',''),(86,'c2v',')','2015-08-22 18:23:08',125,23,'',-1,NULL,NULL,'','','message','0',''),(87,'c2v','&','2015-08-22 18:23:10',125,23,'',-1,NULL,NULL,'','','message','0',''),(89,'c2v','@','2015-08-22 18:23:29',125,23,'',-1,NULL,NULL,'','','message','0',''),(90,'c2v','\"','2015-08-22 18:23:53',125,23,'',-1,NULL,NULL,'','','message','0',''),(91,'v2c','Hello','2015-08-23 07:10:47',125,18,'',-1,NULL,NULL,'','','message','0',''),(92,'c2v','Where are all of my messages?','2015-08-23 07:26:56',125,18,'',-1,NULL,NULL,'','','message','0',''),(93,'v2c','Ok, let\'s do some more time pass','2015-08-23 07:27:35',125,18,'',-1,NULL,NULL,'','','message','0',''),(94,'c2v','This is my second message','2015-08-23 07:27:56',125,18,'',-1,NULL,NULL,'','','message','0',''),(95,'c2v','What? ','2015-08-23 09:49:27',125,18,'',-1,NULL,NULL,'',NULL,'message','0',''),(96,'c2v','What? ','2015-08-23 09:49:28',125,18,'',-1,NULL,NULL,'',NULL,'message','0',''),(97,'c2v','He\'ll be able to get the best way of doing things that you can ever think of ','2015-08-23 11:14:03',125,18,'',-1,NULL,NULL,'',NULL,'message','0',''),(98,'c2v','Hi,  isn\'t is going  to show up','2015-08-23 11:20:58',125,23,'',-1,NULL,NULL,'',NULL,'message','0',''),(100,'c2v','Come to me','2015-08-23 11:45:58',125,18,'',-1,NULL,NULL,'',NULL,'message','0',''),(101,'v2c','No, I won\'t','2015-08-23 11:46:22',125,18,'',-1,NULL,NULL,'','','message','0',''),(102,'v2c','No I won\'t','2015-08-23 11:46:30',125,18,'',-1,NULL,NULL,'','','message','0',''),(103,'c2v','Bid by customer','2015-08-23 11:59:20',125,18,'{\"num_guests\":{\"min\":50,\"max\":500},\"button\":\"Express Interest\",\"event_date\":\"1\",\"package\":{\"value\":\"500 Rs per plate minimum 100 persons required\",\"package_list\":{\"veg_package_2\":{\"pricing\":{\"line1\":\"pricing line 1 veg pkg 2\",\"line2\":\"pricing line 2 veg pkg 2\"},\"select_val\":\"Veg Pakackage 2\",\"description\":\"Description about veg package 2\"},\"veg_package_1\":{\"pricing\":{\"line1\":\"pricing line 1 veg pkg 1\",\"line2\":\"pricing line 2 veg pkg 1\"},\"select_val\":\"Veg Pakackage 1\",\"description\":\"Description about veg package 1\",\"desscription_url\":\"http:\\/\\/seekersguru.github.io\\/wwhtml\\/Venues-details.html\"}},\"name\":\"Package\",\"package_order\":[\"veg_package_1\",\"veg_package_2\"]},\"time_slot\":{\"value\":[[\"all_day\",\"All Day\"],[\"morning\",\"Morning\"],[\"evening\",\"Evening\"]],\"name\":\"Time Slot\"},\"type\":\"bid\",\"notes\":\"Description(optional)\",\"package_ios\":{\"value\":[[\"veg_package_1\",\"Veg Pakackage 1\"],[\"veg_package_2\",\"Veg Pakackage 2\"]],\"name\":\"Package\"},\"flexible_date\":\"Flexible Date\"}',232,'veg_package_2','2015-09-24','','evening','bid','0',''),(104,'c2v','tyu','2015-08-23 17:58:59',125,18,'',-1,NULL,NULL,'',NULL,'message','0',''),(105,'c2v','Bid by customer','2015-08-23 18:56:01',125,18,'{\"package_ios\":{\"name\":\"Package\",\"value\":[[\"veg_package_1\",\"Veg Pakackage 1\"],[\"veg_package_2\",\"Veg Pakackage 2\"]]},\"num_guests\":{\"max\":500,\"min\":50},\"package\":{\"package_order\":[\"veg_package_1\",\"veg_package_2\"],\"name\":\"Package\",\"value\":\"500 Rs per plate minimum 100 persons required\",\"package_list\":{\"veg_package_2\":{\"description\":\"Description about veg package 2\",\"select_val\":\"Veg Pakackage 2\",\"pricing\":{\"line2\":\"pricing line 2 veg pkg 2\",\"line1\":\"pricing line 1 veg pkg 2\"}},\"veg_package_1\":{\"desscription_url\":\"http:\\/\\/seekersguru.github.io\\/wwhtml\\/Venues-details.html\",\"description\":\"Description about veg package 1\",\"select_val\":\"Veg Pakackage 1\",\"pricing\":{\"line2\":\"pricing line 2 veg pkg 1\",\"line1\":\"pricing line 1 veg pkg 1\"}}}},\"notes\":\"Description(optional)\",\"flexible_date\":\"Flexible Date\",\"event_date\":\"1\",\"time_slot\":{\"name\":\"Time Slot\",\"value\":[[\"all_day\",\"All Day\"],[\"morning\",\"Morning\"],[\"evening\",\"Evening\"]]},\"type\":\"bid\",\"button\":\"Express Interest\"}',45,'veg_package_2','2015-08-29','','evening','bid','0','yjjbh'),(106,'c2v','What','2015-08-23 20:37:31',125,18,'',-1,NULL,NULL,'','','message','0',''),(107,'v2c','Still showing labels!','2015-08-23 20:38:30',125,18,'',-1,NULL,NULL,'','','message','0',''),(108,'c2v','Still not showing time','2015-08-23 20:40:07',125,18,'',-1,NULL,NULL,'','','message','0',''),(109,'c2v','IOS creating bid','2015-08-25 10:14:11',125,18,'{\n  \"button\" : \"Express Interest\",\n  \"notes\" : \"Description(optional)\",\n  \"time_slot\" : {\n    \"name\" : \"Time Slot\",\n    \"value\" : [\n      [\n        \"all_day\",\n        \"All Day\"\n      ],\n      [\n        \"morning\",\n        \"Morning\"\n      ],\n      [\n        \"evening\",\n        \"Evening\"\n      ]\n    ]\n  },\n  \"package_ios\" : {\n    \"name\" : \"Package\",\n    \"value\" : [\n      [\n        \"veg_package_1\",\n        \"Veg Pakackage 1\"\n      ],\n      [\n        \"veg_package_2\",\n        \"Veg Pakackage 2\"\n      ]\n    ]\n  },\n  \"package\" : {\n    \"value\" : \"500 Rs per plate minimum 100 persons required\",\n    \"package_list\" : {\n      \"veg_package_2\" : {\n        \"pricing\" : {\n          \"line2\" : \"pricing line 2 veg pkg 2\",\n          \"line1\" : \"pricing line 1 veg pkg 2\"\n        },\n        \"select_val\" : \"Veg Pakackage 2\",\n        \"description\" : \"Description about veg package 2\"\n      },\n      \"veg_package_1\" : {\n        \"select_val\" : \"Veg Pakackage 1\",\n        \"desscription_url\" : \"http:\\/\\/seekersguru.github.io\\/wwhtml\\/Venues-details.html\",\n        \"pricing\" : {\n          \"line2\" : \"pricing line 2 veg pkg 1\",\n          \"line1\" : \"pricing line 1 veg pkg 1\"\n        },\n        \"description\" : \"Description about veg package 1\"\n      }\n    },\n    \"name\" : \"Package\",\n    \"package_order\" : [\n      \"veg_package_1\",\n      \"veg_package_2\"\n    ]\n  },\n  \"flexible_date\" : \"Flexible Date\",\n  \"num_guests\" : {\n    \"max\" : 500,\n    \"min\" : 50\n  },\n  \"event_date\" : \"1\",\n  \"type\" : \"bid\"\n}',500,'veg_package_1','2015-08-21','','morning','bid','0','Comments'),(110,'v2c','hi','2015-08-25 19:24:45',125,18,'',-1,NULL,NULL,'','','message','0',''),(111,'c2v','Will this show?','2015-08-26 07:47:45',125,18,'',-1,NULL,NULL,'','','message','0',''),(112,'c2v','Yes, but it\'s taking a while.','2015-08-26 07:51:40',125,18,'',-1,NULL,NULL,'','','message','0',''),(113,'c2v','IOS creating bid','2015-08-26 07:53:59',125,18,'{\n  \"button\" : \"Express Interest\",\n  \"notes\" : \"Description(optional)\",\n  \"time_slot\" : {\n    \"name\" : \"Time Slot\",\n    \"value\" : [\n      [\n        \"all_day\",\n        \"All Day\"\n      ],\n      [\n        \"morning\",\n        \"Morning\"\n      ],\n      [\n        \"evening\",\n        \"Evening\"\n      ]\n    ]\n  },\n  \"package_ios\" : {\n    \"name\" : \"Package\",\n    \"value\" : [\n      [\n        \"veg_package_1\",\n        \"Veg Pakackage 1\"\n      ],\n      [\n        \"veg_package_2\",\n        \"Veg Pakackage 2\"\n      ]\n    ]\n  },\n  \"package\" : {\n    \"value\" : \"500 Rs per plate minimum 100 persons required\",\n    \"package_list\" : {\n      \"veg_package_2\" : {\n        \"pricing\" : {\n          \"line2\" : \"pricing line 2 veg pkg 2\",\n          \"line1\" : \"pricing line 1 veg pkg 2\"\n        },\n        \"select_val\" : \"Veg Pakackage 2\",\n        \"description\" : \"Description about veg package 2\"\n      },\n      \"veg_package_1\" : {\n        \"select_val\" : \"Veg Pakackage 1\",\n        \"desscription_url\" : \"http:\\/\\/seekersguru.github.io\\/wwhtml\\/Venues-details.html\",\n        \"pricing\" : {\n          \"line2\" : \"pricing line 2 veg pkg 1\",\n          \"line1\" : \"pricing line 1 veg pkg 1\"\n        },\n        \"description\" : \"Description about veg package 1\"\n      }\n    },\n    \"name\" : \"Package\",\n    \"package_order\" : [\n      \"veg_package_1\",\n      \"veg_package_2\"\n    ]\n  },\n  \"flexible_date\" : \"Flexible Date\",\n  \"num_guests\" : {\n    \"max\" : 500,\n    \"min\" : 50\n  },\n  \"event_date\" : \"1\",\n  \"type\" : \"bid\"\n}',50,'veg_package_1','2015-09-13','0','morning','bid','0','Comments'),(114,'c2v','IOS creating bid','2015-08-26 08:37:04',125,18,'{\n  \"button\" : \"Express Interest\",\n  \"notes\" : \"Description(optional)\",\n  \"time_slot\" : {\n    \"name\" : \"Time Slot\",\n    \"value\" : [\n      [\n        \"all_day\",\n        \"All Day\"\n      ],\n      [\n        \"morning\",\n        \"Morning\"\n      ],\n      [\n        \"evening\",\n        \"Evening\"\n      ]\n    ]\n  },\n  \"package_ios\" : {\n    \"name\" : \"Package\",\n    \"value\" : [\n      [\n        \"veg_package_1\",\n        \"Veg Pakackage 1\"\n      ],\n      [\n        \"veg_package_2\",\n        \"Veg Pakackage 2\"\n      ]\n    ]\n  },\n  \"package\" : {\n    \"value\" : \"500 Rs per plate minimum 100 persons required\",\n    \"package_list\" : {\n      \"veg_package_2\" : {\n        \"select_val\" : \"Veg Pakackage 2\",\n        \"pricing\" : {\n          \"line2\" : \"pricing line 2 veg pkg 2\",\n          \"line1\" : \"pricing line 1 veg pkg 2\"\n        },\n        \"price\" : 700,\n        \"description\" : \"Description about veg package 2\"\n      },\n      \"veg_package_1\" : {\n        \"select_val\" : \"Veg Pakackage 1\",\n        \"desscription_url\" : \"http:\\/\\/seekersguru.github.io\\/wwhtml\\/Venues-details.html\",\n        \"pricing\" : {\n          \"line2\" : \"pricing line 2 veg pkg 1\",\n          \"line1\" : \"pricing line 1 veg pkg 1\"\n        },\n        \"price\" : 500,\n        \"description\" : \"Description about veg package 1\"\n      }\n    },\n    \"name\" : \"Package\",\n    \"package_order\" : [\n      \"veg_package_1\",\n      \"veg_package_2\"\n    ]\n  },\n  \"flexible_date\" : \"Flexible Date\",\n  \"num_guests\" : {\n    \"max\" : 500,\n    \"min\" : 50\n  },\n  \"event_date\" : \"1\",\n  \"type\" : \"bid\"\n}',500,'veg_package_2','2015-09-10','2','all_day','bid','0','Comments'),(115,'c2v','IOS creating bid','2015-08-27 10:27:01',125,19,'{\n  \"button\" : \"Express Interest\",\n  \"notes\" : \"Description(optional)\",\n  \"time_slot\" : {\n    \"name\" : \"Time Slot\",\n    \"value\" : [\n      [\n        \"all_day\",\n        \"All Day\"\n      ],\n      [\n        \"morning\",\n        \"Morning\"\n      ],\n      [\n        \"evening\",\n        \"Evening\"\n      ]\n    ]\n  },\n  \"package_ios\" : {\n    \"name\" : \"Package\",\n    \"value\" : [\n      [\n        \"veg_package_1\",\n        \"Veg Pakackage 1\"\n      ],\n      [\n        \"veg_package_2\",\n        \"Veg Pakackage 2\"\n      ]\n    ]\n  },\n  \"package\" : {\n    \"value\" : \"500 Rs per plate minimum 100 persons required\",\n    \"package_list\" : {\n      \"veg_package_2\" : {\n        \"select_val\" : \"Veg Pakackage 2\",\n        \"pricing\" : {\n          \"line2\" : \"pricing line 2 veg pkg 2\",\n          \"line1\" : \"pricing line 1 veg pkg 2\"\n        },\n        \"price\" : 700,\n        \"description\" : \"Description about veg package 2\"\n      },\n      \"veg_package_1\" : {\n        \"select_val\" : \"Veg Pakackage 1\",\n        \"desscription_url\" : \"http:\\/\\/seekersguru.github.io\\/wwhtml\\/Venues-details.html\",\n        \"pricing\" : {\n          \"line2\" : \"pricing line 2 veg pkg 1\",\n          \"line1\" : \"pricing line 1 veg pkg 1\"\n        },\n        \"price\" : 500,\n        \"description\" : \"Description about veg package 1\"\n      }\n    },\n    \"name\" : \"Package\",\n    \"package_order\" : [\n      \"veg_package_1\",\n      \"veg_package_2\"\n    ]\n  },\n  \"flexible_date\" : \"Flexible Date\",\n  \"num_guests\" : {\n    \"max\" : 500,\n    \"min\" : 50\n  },\n  \"event_date\" : \"1\",\n  \"type\" : \"bid\"\n}',99,'veg_package_1','2015-07-30','','all_day','bid','0','NNN'),(116,'c2v','IOS creating bid','2015-08-27 10:51:08',125,23,'{\n  \"button\" : \"Express Interest\",\n  \"notes\" : \"Description(optional)\",\n  \"time_slot\" : {\n    \"name\" : \"Time Slot\",\n    \"value\" : [\n      [\n        \"all_day\",\n        \"All Day\"\n      ],\n      [\n        \"morning\",\n        \"Morning\"\n      ],\n      [\n        \"evening\",\n        \"Evening\"\n      ]\n    ]\n  },\n  \"package_ios\" : {\n    \"name\" : \"Package\",\n    \"value\" : [\n      [\n        \"veg_package_1\",\n        \"Veg Pakackage 1\"\n      ],\n      [\n        \"veg_package_2\",\n        \"Veg Pakackage 2\"\n      ]\n    ]\n  },\n  \"package\" : {\n    \"value\" : \"500 Rs per plate minimum 100 persons required\",\n    \"package_list\" : {\n      \"veg_package_2\" : {\n        \"select_val\" : \"Veg Pakackage 2\",\n        \"pricing\" : {\n          \"line2\" : \"pricing line 2 veg pkg 2\",\n          \"line1\" : \"pricing line 1 veg pkg 2\"\n        },\n        \"price\" : 700,\n        \"description\" : \"Description about veg package 2\"\n      },\n      \"veg_package_1\" : {\n        \"select_val\" : \"Veg Pakackage 1\",\n        \"desscription_url\" : \"http:\\/\\/seekersguru.github.io\\/wwhtml\\/Venues-details.html\",\n        \"pricing\" : {\n          \"line2\" : \"pricing line 2 veg pkg 1\",\n          \"line1\" : \"pricing line 1 veg pkg 1\"\n        },\n        \"price\" : 500,\n        \"description\" : \"Description about veg package 1\"\n      }\n    },\n    \"name\" : \"Package\",\n    \"package_order\" : [\n      \"veg_package_1\",\n      \"veg_package_2\"\n    ]\n  },\n  \"flexible_date\" : \"Flexible Date\",\n  \"num_guests\" : {\n    \"max\" : 500,\n    \"min\" : 50\n  },\n  \"event_date\" : \"1\",\n  \"type\" : \"bid\"\n}',444,'veg_package_1','2015-07-29','','morning','bid','0','Comments'),(117,'c2v','hi','2015-08-27 12:08:25',125,19,'',-1,NULL,NULL,'','','message','0',''),(118,'c2v','hi','2015-08-27 12:08:59',125,18,'',-1,NULL,NULL,'','','message','0',''),(119,'c2v','IOS creating bid','2015-08-27 18:02:37',125,18,'{\n  \"button\" : \"Express Interest\",\n  \"notes\" : \"Description(optional)\",\n  \"time_slot\" : {\n    \"name\" : \"Time Slot\",\n    \"value\" : [\n      [\n        \"all_day\",\n        \"All Day\"\n      ],\n      [\n        \"morning\",\n        \"Morning\"\n      ],\n      [\n        \"evening\",\n        \"Evening\"\n      ]\n    ]\n  },\n  \"package_ios\" : {\n    \"name\" : \"Package\",\n    \"value\" : [\n      [\n        \"veg_package_1\",\n        \"Veg Pakackage 1\"\n      ],\n      [\n        \"veg_package_2\",\n        \"Veg Pakackage 2\"\n      ]\n    ]\n  },\n  \"package\" : {\n    \"value\" : \"500 Rs per plate minimum 100 persons required\",\n    \"package_list\" : {\n      \"veg_package_2\" : {\n        \"select_val\" : \"Veg Pakackage 2\",\n        \"pricing\" : {\n          \"line2\" : \"pricing line 2 veg pkg 2\",\n          \"line1\" : \"pricing line 1 veg pkg 2\"\n        },\n        \"price\" : 700,\n        \"description\" : \"Description about veg package 2\"\n      },\n      \"veg_package_1\" : {\n        \"select_val\" : \"Veg Pakackage 1\",\n        \"desscription_url\" : \"http:\\/\\/seekersguru.github.io\\/wwhtml\\/Venues-details.html\",\n        \"pricing\" : {\n          \"line2\" : \"pricing line 2 veg pkg 1\",\n          \"line1\" : \"pricing line 1 veg pkg 1\"\n        },\n        \"price\" : 500,\n        \"description\" : \"Description about veg package 1\"\n      }\n    },\n    \"name\" : \"Package\",\n    \"package_order\" : [\n      \"veg_package_1\",\n      \"veg_package_2\"\n    ]\n  },\n  \"flexible_date\" : \"Flexible Date\",\n  \"num_guests\" : {\n    \"max\" : 500,\n    \"min\" : 50\n  },\n  \"event_date\" : \"1\",\n  \"type\" : \"bid\"\n}',39,'veg_package_1','2015-07-02','','evening','bid','0','I have a party for vhilde'),(120,'c2v','IOS creating bid','2015-08-27 19:25:54',125,19,'{\n  \"button\" : \"Express Interest\",\n  \"notes\" : \"Description(optional)\",\n  \"time_slot\" : {\n    \"name\" : \"Time Slot\",\n    \"value\" : [\n      [\n        \"all_day\",\n        \"All Day\"\n      ],\n      [\n        \"morning\",\n        \"Morning\"\n      ],\n      [\n        \"evening\",\n        \"Evening\"\n      ]\n    ]\n  },\n  \"package_ios\" : {\n    \"name\" : \"Package\",\n    \"value\" : [\n      [\n        \"veg_package_1\",\n        \"Veg Pakackage 1\"\n      ],\n      [\n        \"veg_package_2\",\n        \"Veg Pakackage 2\"\n      ]\n    ]\n  },\n  \"package\" : {\n    \"value\" : \"500 Rs per plate minimum 100 persons required\",\n    \"package_list\" : {\n      \"veg_package_2\" : {\n        \"select_val\" : \"Veg Pakackage 2\",\n        \"pricing\" : {\n          \"line2\" : \"pricing line 2 veg pkg 2\",\n          \"line1\" : \"pricing line 1 veg pkg 2\"\n        },\n        \"price\" : 700,\n        \"description\" : \"Description about veg package 2\"\n      },\n      \"veg_package_1\" : {\n        \"select_val\" : \"Veg Pakackage 1\",\n        \"desscription_url\" : \"http:\\/\\/seekersguru.github.io\\/wwhtml\\/Venues-details.html\",\n        \"pricing\" : {\n          \"line2\" : \"pricing line 2 veg pkg 1\",\n          \"line1\" : \"pricing line 1 veg pkg 1\"\n        },\n        \"price\" : 500,\n        \"description\" : \"Description about veg package 1\"\n      }\n    },\n    \"name\" : \"Package\",\n    \"package_order\" : [\n      \"veg_package_1\",\n      \"veg_package_2\"\n    ]\n  },\n  \"flexible_date\" : \"Flexible Date\",\n  \"num_guests\" : {\n    \"max\" : 500,\n    \"min\" : 50\n  },\n  \"event_date\" : \"1\",\n  \"type\" : \"bid\"\n}',50,'veg_package_1','2015-07-29','','all_day','bid','0','nini'),(121,'c2v','IOS creating bid','2015-08-27 19:27:08',125,23,'{\n  \"button\" : \"Express Interest\",\n  \"notes\" : \"Description(optional)\",\n  \"time_slot\" : {\n    \"name\" : \"Time Slot\",\n    \"value\" : [\n      [\n        \"all_day\",\n        \"All Day\"\n      ],\n      [\n        \"morning\",\n        \"Morning\"\n      ],\n      [\n        \"evening\",\n        \"Evening\"\n      ]\n    ]\n  },\n  \"package_ios\" : {\n    \"name\" : \"Package\",\n    \"value\" : [\n      [\n        \"veg_package_1\",\n        \"Veg Pakackage 1\"\n      ],\n      [\n        \"veg_package_2\",\n        \"Veg Pakackage 2\"\n      ]\n    ]\n  },\n  \"package\" : {\n    \"value\" : \"500 Rs per plate minimum 100 persons required\",\n    \"package_list\" : {\n      \"veg_package_2\" : {\n        \"select_val\" : \"Veg Pakackage 2\",\n        \"pricing\" : {\n          \"line2\" : \"pricing line 2 veg pkg 2\",\n          \"line1\" : \"pricing line 1 veg pkg 2\"\n        },\n        \"price\" : 700,\n        \"description\" : \"Description about veg package 2\"\n      },\n      \"veg_package_1\" : {\n        \"select_val\" : \"Veg Pakackage 1\",\n        \"desscription_url\" : \"http:\\/\\/seekersguru.github.io\\/wwhtml\\/Venues-details.html\",\n        \"pricing\" : {\n          \"line2\" : \"pricing line 2 veg pkg 1\",\n          \"line1\" : \"pricing line 1 veg pkg 1\"\n        },\n        \"price\" : 500,\n        \"description\" : \"Description about veg package 1\"\n      }\n    },\n    \"name\" : \"Package\",\n    \"package_order\" : [\n      \"veg_package_1\",\n      \"veg_package_2\"\n    ]\n  },\n  \"flexible_date\" : \"Flexible Date\",\n  \"num_guests\" : {\n    \"max\" : 500,\n    \"min\" : 50\n  },\n  \"event_date\" : \"1\",\n  \"type\" : \"bid\"\n}',99,'veg_package_1','2015-07-30','','all_day','bid','0','Nnnn'),(122,'c2v','IOS creating bid','2015-08-27 19:27:30',125,22,'{\n  \"button\" : \"Express Interest\",\n  \"notes\" : \"Description(optional)\",\n  \"time_slot\" : {\n    \"name\" : \"Time Slot\",\n    \"value\" : [\n      [\n        \"all_day\",\n        \"All Day\"\n      ],\n      [\n        \"morning\",\n        \"Morning\"\n      ],\n      [\n        \"evening\",\n        \"Evening\"\n      ]\n    ]\n  },\n  \"package_ios\" : {\n    \"name\" : \"Package\",\n    \"value\" : [\n      [\n        \"veg_package_1\",\n        \"Grand Salver special veg package\"\n      ],\n      [\n        \"veg_package_2\",\n        \"Grand Salver Chinese special\"\n      ]\n    ]\n  },\n  \"package\" : {\n    \"value\" : \"500 Rs per plate minimum 100 persons required\",\n    \"package_list\" : {\n      \"veg_package_2\" : {\n        \"pricing\" : {\n          \"line2\" : \"For Kids party gift: Special Kungfu Panada Toy.\",\n          \"line1\" : \"200\\/- for upto 300\"\n        },\n        \"select_val\" : \"Grand Salver Chinese special\",\n        \"description\" : \"Chinees food with Indian Tadka ;) \"\n      },\n      \"veg_package_1\" : {\n        \"select_val\" : \"Grand Salver special veg package\",\n        \"desscription_url\" : \"http:\\/\\/seekersguru.github.io\\/wwhtml\\/Venues-details.html\",\n        \"pricing\" : {\n          \"line2\" : \"Upto 10%discount for 300+\",\n          \"line1\" : \"350 Rs for upto 300 people\"\n        },\n        \"description\" : \"Authentic Rajasthani flavour\"\n      }\n    },\n    \"name\" : \"Package\",\n    \"package_order\" : [\n      \"veg_package_1\",\n      \"veg_package_2\"\n    ]\n  },\n  \"flexible_date\" : \"Flexible Date\",\n  \"num_guests\" : {\n    \"max\" : 500,\n    \"min\" : 50\n  },\n  \"event_date\" : \"1\",\n  \"type\" : \"bid\"\n}',99,'veg_package_1','2015-07-30','','all_day','bid','0','hi'),(123,'c2v','IOS creating bid','2015-08-27 19:28:25',125,22,'{\n  \"button\" : \"Express Interest\",\n  \"notes\" : \"Description(optional)\",\n  \"time_slot\" : {\n    \"name\" : \"Time Slot\",\n    \"value\" : [\n      [\n        \"all_day\",\n        \"All Day\"\n      ],\n      [\n        \"morning\",\n        \"Morning\"\n      ],\n      [\n        \"evening\",\n        \"Evening\"\n      ]\n    ]\n  },\n  \"package_ios\" : {\n    \"name\" : \"Package\",\n    \"value\" : [\n      [\n        \"veg_package_1\",\n        \"Grand Salver special veg package\"\n      ],\n      [\n        \"veg_package_2\",\n        \"Grand Salver Chinese special\"\n      ]\n    ]\n  },\n  \"package\" : {\n    \"value\" : \"500 Rs per plate minimum 100 persons required\",\n    \"package_list\" : {\n      \"veg_package_2\" : {\n        \"pricing\" : {\n          \"line2\" : \"For Kids party gift: Special Kungfu Panada Toy.\",\n          \"line1\" : \"200\\/- for upto 300\"\n        },\n        \"select_val\" : \"Grand Salver Chinese special\",\n        \"description\" : \"Chinees food with Indian Tadka ;) \"\n      },\n      \"veg_package_1\" : {\n        \"select_val\" : \"Grand Salver special veg package\",\n        \"desscription_url\" : \"http:\\/\\/seekersguru.github.io\\/wwhtml\\/Venues-details.html\",\n        \"pricing\" : {\n          \"line2\" : \"Upto 10%discount for 300+\",\n          \"line1\" : \"350 Rs for upto 300 people\"\n        },\n        \"description\" : \"Authentic Rajasthani flavour\"\n      }\n    },\n    \"name\" : \"Package\",\n    \"package_order\" : [\n      \"veg_package_1\",\n      \"veg_package_2\"\n    ]\n  },\n  \"flexible_date\" : \"Flexible Date\",\n  \"num_guests\" : {\n    \"max\" : 500,\n    \"min\" : 50\n  },\n  \"event_date\" : \"1\",\n  \"type\" : \"bid\"\n}',60,'veg_package_2','2015-07-30','','all_day','bid','0','mmmm'),(124,'c2v','IOS creating bid','2015-08-27 19:36:47',125,19,'{\n  \"button\" : \"Express Interest\",\n  \"notes\" : \"Description(optional)\",\n  \"time_slot\" : {\n    \"name\" : \"Time Slot\",\n    \"value\" : [\n      [\n        \"all_day\",\n        \"All Day\"\n      ],\n      [\n        \"morning\",\n        \"Morning\"\n      ],\n      [\n        \"evening\",\n        \"Evening\"\n      ]\n    ]\n  },\n  \"package_ios\" : {\n    \"name\" : \"Package\",\n    \"value\" : [\n      [\n        \"veg_package_1\",\n        \"Veg Pakackage 1\"\n      ],\n      [\n        \"veg_package_2\",\n        \"Veg Pakackage 2\"\n      ]\n    ]\n  },\n  \"package\" : {\n    \"value\" : \"500 Rs per plate minimum 100 persons required\",\n    \"package_list\" : {\n      \"veg_package_2\" : {\n        \"select_val\" : \"Veg Pakackage 2\",\n        \"pricing\" : {\n          \"line2\" : \"pricing line 2 veg pkg 2\",\n          \"line1\" : \"pricing line 1 veg pkg 2\"\n        },\n        \"price\" : 700,\n        \"description\" : \"Description about veg package 2\"\n      },\n      \"veg_package_1\" : {\n        \"select_val\" : \"Veg Pakackage 1\",\n        \"desscription_url\" : \"http:\\/\\/seekersguru.github.io\\/wwhtml\\/Venues-details.html\",\n        \"pricing\" : {\n          \"line2\" : \"pricing line 2 veg pkg 1\",\n          \"line1\" : \"pricing line 1 veg pkg 1\"\n        },\n        \"price\" : 500,\n        \"description\" : \"Description about veg package 1\"\n      }\n    },\n    \"name\" : \"Package\",\n    \"package_order\" : [\n      \"veg_package_1\",\n      \"veg_package_2\"\n    ]\n  },\n  \"flexible_date\" : \"Flexible Date\",\n  \"num_guests\" : {\n    \"max\" : 500,\n    \"min\" : 50\n  },\n  \"event_date\" : \"1\",\n  \"type\" : \"bid\"\n}',889,'veg_package_1','2015-07-30','','all_day','bid','0','iii'),(125,'c2v','IOS creating bid','2015-08-27 19:37:43',125,22,'{\n  \"button\" : \"Express Interest\",\n  \"notes\" : \"Description(optional)\",\n  \"time_slot\" : {\n    \"name\" : \"Time Slot\",\n    \"value\" : [\n      [\n        \"all_day\",\n        \"All Day\"\n      ],\n      [\n        \"morning\",\n        \"Morning\"\n      ],\n      [\n        \"evening\",\n        \"Evening\"\n      ]\n    ]\n  },\n  \"package_ios\" : {\n    \"name\" : \"Package\",\n    \"value\" : [\n      [\n        \"veg_package_1\",\n        \"Grand Salver special veg package\"\n      ],\n      [\n        \"veg_package_2\",\n        \"Grand Salver Chinese special\"\n      ]\n    ]\n  },\n  \"package\" : {\n    \"value\" : \"500 Rs per plate minimum 100 persons required\",\n    \"package_list\" : {\n      \"veg_package_2\" : {\n        \"pricing\" : {\n          \"line2\" : \"For Kids party gift: Special Kungfu Panada Toy.\",\n          \"line1\" : \"200\\/- for upto 300\"\n        },\n        \"select_val\" : \"Grand Salver Chinese special\",\n        \"description\" : \"Chinees food with Indian Tadka ;) \"\n      },\n      \"veg_package_1\" : {\n        \"select_val\" : \"Grand Salver special veg package\",\n        \"desscription_url\" : \"http:\\/\\/seekersguru.github.io\\/wwhtml\\/Venues-details.html\",\n        \"pricing\" : {\n          \"line2\" : \"Upto 10%discount for 300+\",\n          \"line1\" : \"350 Rs for upto 300 people\"\n        },\n        \"description\" : \"Authentic Rajasthani flavour\"\n      }\n    },\n    \"name\" : \"Package\",\n    \"package_order\" : [\n      \"veg_package_1\",\n      \"veg_package_2\"\n    ]\n  },\n  \"flexible_date\" : \"Flexible Date\",\n  \"num_guests\" : {\n    \"max\" : 500,\n    \"min\" : 50\n  },\n  \"event_date\" : \"1\",\n  \"type\" : \"bid\"\n}',99,'veg_package_1','2015-07-30','','all_day','bid','0','nnn'),(126,'c2v','IOS creating bid','2015-08-27 19:38:03',125,23,'{\n  \"button\" : \"Express Interest\",\n  \"notes\" : \"Description(optional)\",\n  \"time_slot\" : {\n    \"name\" : \"Time Slot\",\n    \"value\" : [\n      [\n        \"all_day\",\n        \"All Day\"\n      ],\n      [\n        \"morning\",\n        \"Morning\"\n      ],\n      [\n        \"evening\",\n        \"Evening\"\n      ]\n    ]\n  },\n  \"package_ios\" : {\n    \"name\" : \"Package\",\n    \"value\" : [\n      [\n        \"veg_package_1\",\n        \"Veg Pakackage 1\"\n      ],\n      [\n        \"veg_package_2\",\n        \"Veg Pakackage 2\"\n      ]\n    ]\n  },\n  \"package\" : {\n    \"value\" : \"500 Rs per plate minimum 100 persons required\",\n    \"package_list\" : {\n      \"veg_package_2\" : {\n        \"select_val\" : \"Veg Pakackage 2\",\n        \"pricing\" : {\n          \"line2\" : \"pricing line 2 veg pkg 2\",\n          \"line1\" : \"pricing line 1 veg pkg 2\"\n        },\n        \"price\" : 700,\n        \"description\" : \"Description about veg package 2\"\n      },\n      \"veg_package_1\" : {\n        \"select_val\" : \"Veg Pakackage 1\",\n        \"desscription_url\" : \"http:\\/\\/seekersguru.github.io\\/wwhtml\\/Venues-details.html\",\n        \"pricing\" : {\n          \"line2\" : \"pricing line 2 veg pkg 1\",\n          \"line1\" : \"pricing line 1 veg pkg 1\"\n        },\n        \"price\" : 500,\n        \"description\" : \"Description about veg package 1\"\n      }\n    },\n    \"name\" : \"Package\",\n    \"package_order\" : [\n      \"veg_package_1\",\n      \"veg_package_2\"\n    ]\n  },\n  \"flexible_date\" : \"Flexible Date\",\n  \"num_guests\" : {\n    \"max\" : 500,\n    \"min\" : 50\n  },\n  \"event_date\" : \"1\",\n  \"type\" : \"bid\"\n}',99,'veg_package_1','2015-07-31','','all_day','bid','0','kk'),(127,'c2v','Bid by customer','2015-08-27 20:10:32',125,18,'{\"package_ios\":{\"name\":\"Package\",\"value\":[[\"veg_package_1\",\"Veg Pakackage 1\"],[\"veg_package_2\",\"Veg Pakackage 2\"]]},\"num_guests\":{\"max\":500,\"min\":50},\"package\":{\"package_order\":[\"veg_package_1\",\"veg_package_2\"],\"name\":\"Package\",\"value\":\"500 Rs per plate minimum 100 persons required\",\"package_list\":{\"veg_package_2\":{\"price\":700,\"description\":\"Description about veg package 2\",\"select_val\":\"Veg Pakackage 2\",\"pricing\":{\"line2\":\"pricing line 2 veg pkg 2\",\"line1\":\"pricing line 1 veg pkg 2\"}},\"veg_package_1\":{\"price\":500,\"desscription_url\":\"http:\\/\\/seekersguru.github.io\\/wwhtml\\/Venues-details.html\",\"description\":\"Description about veg package 1\",\"select_val\":\"Veg Pakackage 1\",\"pricing\":{\"line2\":\"pricing line 2 veg pkg 1\",\"line1\":\"pricing line 1 veg pkg 1\"}}}},\"notes\":\"Description(optional)\",\"flexible_date\":\"Flexible Date\",\"event_date\":\"1\",\"time_slot\":{\"name\":\"Time Slot\",\"value\":[[\"all_day\",\"All Day\"],[\"morning\",\"Morning\"],[\"evening\",\"Evening\"]]},\"type\":\"bid\",\"button\":\"Express Interest\"}',50,'veg_package_2','2015-07-28','','all_day','bid','0','bbnn'),(128,'c2v','hi','2015-08-27 20:11:01',125,23,'',-1,NULL,NULL,'',NULL,'message','0',''),(129,'c2v','hi','2015-08-27 20:11:03',125,23,'',-1,NULL,NULL,'',NULL,'message','0',''),(130,'c2v','Testing 29 aug','2015-08-28 08:23:53',125,19,'',-1,NULL,NULL,'','','message','0',''),(131,'c2v','Testing 29 aug','2015-08-28 08:28:19',125,18,'',-1,NULL,NULL,'','','message','0',''),(132,'v2c','Fuck you Sam','2015-08-28 08:28:53',125,18,'',-1,NULL,NULL,'','','message','0',''),(137,'c2v','dg','2015-08-28 17:50:53',158,18,'',-1,NULL,NULL,'',NULL,'message','0',''),(138,'c2v','bydgmdbgd','2015-08-28 17:51:03',158,18,'',-1,NULL,NULL,'',NULL,'message','0',''),(139,'c2v','chmf','2015-08-28 17:51:25',158,18,'',-1,NULL,NULL,'',NULL,'message','0',''),(140,'c2v','IOS creating bid','2015-08-28 17:53:15',125,18,'{\n  \"button\" : \"Express Interest\",\n  \"notes\" : \"Description(optional)\",\n  \"time_slot\" : {\n    \"name\" : \"Time Slot\",\n    \"value\" : [\n      [\n        \"all_day\",\n        \"All Day\"\n      ],\n      [\n        \"morning\",\n        \"Morning\"\n      ],\n      [\n        \"evening\",\n        \"Evening\"\n      ]\n    ]\n  },\n  \"package_ios\" : {\n    \"name\" : \"Package\",\n    \"value\" : [\n      [\n        \"veg_package_1\",\n        \"Veg Pakackage 1\"\n      ],\n      [\n        \"veg_package_2\",\n        \"Veg Pakackage 2\"\n      ]\n    ]\n  },\n  \"package\" : {\n    \"value\" : \"500 Rs per plate minimum 100 persons required\",\n    \"package_list\" : {\n      \"veg_package_2\" : {\n        \"select_val\" : \"Veg Pakackage 2\",\n        \"pricing\" : {\n          \"line2\" : \"pricing line 2 veg pkg 2\",\n          \"line1\" : \"pricing line 1 veg pkg 2\"\n        },\n        \"price\" : 700,\n        \"description\" : \"Description about veg package 2\"\n      },\n      \"veg_package_1\" : {\n        \"select_val\" : \"Veg Pakackage 1\",\n        \"desscription_url\" : \"http:\\/\\/seekersguru.github.io\\/wwhtml\\/Venues-details.html\",\n        \"pricing\" : {\n          \"line2\" : \"pricing line 2 veg pkg 1\",\n          \"line1\" : \"pricing line 1 veg pkg 1\"\n        },\n        \"price\" : 500,\n        \"description\" : \"Description about veg package 1\"\n      }\n    },\n    \"name\" : \"Package\",\n    \"package_order\" : [\n      \"veg_package_1\",\n      \"veg_package_2\"\n    ]\n  },\n  \"flexible_date\" : \"Flexible Date\",\n  \"num_guests\" : {\n    \"max\" : 500,\n    \"min\" : 50\n  },\n  \"event_date\" : \"1\",\n  \"type\" : \"bid\"\n}',450,'veg_package_1','2015-09-10','','evening','bid','0','\n'),(141,'c2v','Trying to make oculus work','2015-08-28 17:53:30',125,18,'',-1,NULL,NULL,'','','message','0',''),(142,'c2v','dggc','2015-08-28 18:03:02',158,22,'',-1,NULL,NULL,'',NULL,'message','0',''),(143,'c2v','cgd','2015-08-28 18:03:10',158,22,'',-1,NULL,NULL,'',NULL,'message','0',''),(144,'c2v','cgd','2015-08-28 18:03:11',158,22,'',-1,NULL,NULL,'',NULL,'message','0',''),(145,'c2v','df','2015-08-28 18:24:14',158,18,'',-1,NULL,NULL,'',NULL,'message','0',''),(146,'c2v','errt','2015-08-28 18:24:20',158,18,'',-1,NULL,NULL,'',NULL,'message','0',''),(147,'c2v','dd','2015-08-28 18:24:27',158,18,'',-1,NULL,NULL,'',NULL,'message','0',''),(148,'c2v','b','2015-08-28 18:25:00',158,18,'',-1,NULL,NULL,'',NULL,'message','0',''),(149,'c2v','g','2015-08-28 18:26:32',158,18,'',-1,NULL,NULL,'',NULL,'message','0',''),(150,'c2v','dge','2015-08-28 18:29:48',158,22,'',-1,NULL,NULL,'',NULL,'message','0',''),(151,'c2v','cyr','2015-08-28 18:29:51',158,22,'',-1,NULL,NULL,'',NULL,'message','0',''),(152,'c2v','grams chase GfK','2015-08-28 18:31:07',158,18,'',-1,NULL,NULL,'',NULL,'message','0',''),(153,'c2v','god as mfg','2015-08-28 18:31:15',158,18,'',-1,NULL,NULL,'',NULL,'message','0',''),(154,'c2v','this is not sure','2015-08-28 18:31:28',158,18,'',-1,NULL,NULL,'',NULL,'message','0',''),(155,'c2v','this is the other day and I am not sure you can be in a bit of a few weeks ago but I have a few days and I have to the way you are you can do not sure to see if you are you','2015-08-28 18:32:59',158,18,'',-1,NULL,NULL,'',NULL,'message','0',''),(156,'c2v','Bid by customer','2015-08-28 18:35:22',158,18,'{\"package_ios\":{\"name\":\"Package\",\"value\":[[\"veg_package_1\",\"Veg Pakackage 1\"],[\"veg_package_2\",\"Veg Pakackage 2\"]]},\"num_guests\":{\"max\":500,\"min\":50},\"package\":{\"package_order\":[\"veg_package_1\",\"veg_package_2\"],\"name\":\"Package\",\"value\":\"500 Rs per plate minimum 100 persons required\",\"package_list\":{\"veg_package_2\":{\"price\":700,\"description\":\"Description about veg package 2\",\"select_val\":\"Veg Pakackage 2\",\"pricing\":{\"line2\":\"pricing line 2 veg pkg 2\",\"line1\":\"pricing line 1 veg pkg 2\"}},\"veg_package_1\":{\"price\":500,\"desscription_url\":\"http:\\/\\/seekersguru.github.io\\/wwhtml\\/Venues-details.html\",\"description\":\"Description about veg package 1\",\"select_val\":\"Veg Pakackage 1\",\"pricing\":{\"line2\":\"pricing line 2 veg pkg 1\",\"line1\":\"pricing line 1 veg pkg 1\"}}}},\"notes\":\"Description(optional)\",\"flexible_date\":\"Flexible Date\",\"event_date\":\"1\",\"time_slot\":{\"name\":\"Time Slot\",\"value\":[[\"all_day\",\"All Day\"],[\"morning\",\"Morning\"],[\"evening\",\"Evening\"]]},\"type\":\"bid\",\"button\":\"Express Interest\"}',500,'veg_package_2','2015-08-30','','all_day','bid','0','this\'d the new York'),(157,'c2v','this is the new York and then','2015-08-28 18:59:11',158,22,'',-1,NULL,NULL,'',NULL,'message','0',''),(162,'c2v','hi','2015-09-01 09:22:59',162,18,'',-1,NULL,NULL,'',NULL,'message','0',''),(164,'c2v','IOS creating bid','2015-09-02 08:35:01',159,19,'{\n  \"button\" : \"Express Interest\",\n  \"notes\" : \"Description(optional)\",\n  \"time_slot\" : {\n    \"name\" : \"Time Slot\",\n    \"value\" : [\n      [\n        \"all_day\",\n        \"All Day\"\n      ],\n      [\n        \"morning\",\n        \"Morning\"\n      ],\n      [\n        \"evening\",\n        \"Evening\"\n      ]\n    ]\n  },\n  \"package_ios\" : {\n    \"name\" : \"Package\",\n    \"value\" : [\n      [\n        \"veg_package_1\",\n        \"Veg Pakackage 1\"\n      ],\n      [\n        \"veg_package_2\",\n        \"Veg Pakackage 2\"\n      ]\n    ]\n  },\n  \"package\" : {\n    \"value\" : \"500 Rs per plate minimum 100 persons required\",\n    \"package_list\" : {\n      \"veg_package_2\" : {\n        \"select_val\" : \"Veg Pakackage 2\",\n        \"pricing\" : {\n          \"line2\" : \"pricing line 2 veg pkg 2\",\n          \"line1\" : \"pricing line 1 veg pkg 2\"\n        },\n        \"price\" : 700,\n        \"description\" : \"Description about veg package 2\"\n      },\n      \"veg_package_1\" : {\n        \"select_val\" : \"Veg Pakackage 1\",\n        \"desscription_url\" : \"http:\\/\\/seekersguru.github.io\\/wwhtml\\/Venues-details.html\",\n        \"pricing\" : {\n          \"line2\" : \"pricing line 2 veg pkg 1\",\n          \"line1\" : \"pricing line 1 veg pkg 1\"\n        },\n        \"price\" : 500,\n        \"description\" : \"Description about veg package 1\"\n      }\n    },\n    \"name\" : \"Package\",\n    \"package_order\" : [\n      \"veg_package_1\",\n      \"veg_package_2\"\n    ]\n  },\n  \"flexible_date\" : \"Flexible Date\",\n  \"num_guests\" : {\n    \"max\" : 500,\n    \"min\" : 50\n  },\n  \"event_date\" : \"1\",\n  \"type\" : \"bid\"\n}',180,'veg_package_2','2015-09-18','','morning','bid','0','Comments'),(165,'c2v','hi','2015-09-02 09:06:29',159,18,'',-1,NULL,NULL,'','','message','0',''),(166,'c2v','hi test','2015-09-02 10:56:47',163,18,'',-1,NULL,NULL,'',NULL,'message','0',''),(167,'v2c','hello','2015-09-02 11:17:58',125,18,'',-1,NULL,NULL,'','','message','0',''),(168,'v2c','hello','2015-09-02 11:18:34',159,18,'',-1,NULL,NULL,'','','message','0',''),(169,'c2v','test2','2015-09-02 11:55:09',163,18,'',-1,NULL,NULL,'',NULL,'message','0',''),(170,'c2v','test1','2015-09-02 11:56:29',163,19,'',-1,NULL,NULL,'',NULL,'message','0',''),(171,'c2v','heli','2015-09-03 06:21:15',163,18,'',-1,NULL,NULL,'',NULL,'message','0',''),(172,'c2v','test','2015-09-03 09:06:26',163,19,'',-1,NULL,NULL,'',NULL,'message','0',''),(173,'c2v','test','2015-09-03 09:37:17',163,18,'',-1,NULL,NULL,'',NULL,'message','0',''),(174,'c2v','hello','2015-09-04 06:09:22',168,19,'',-1,NULL,NULL,'',NULL,'message','0',''),(175,'c2v','how r u?','2015-09-04 06:09:40',168,19,'',-1,NULL,NULL,'',NULL,'message','0',''),(176,'c2v','OK','2015-09-04 06:15:15',168,19,'',-1,NULL,NULL,'',NULL,'message','0',''),(177,'c2v','OK','2015-09-04 06:15:16',168,19,'',-1,NULL,NULL,'',NULL,'message','0',''),(178,'c2v','Bid by customer','2015-09-04 06:37:00',168,19,'{\"package_ios\":{\"name\":\"Package\",\"value\":[[\"veg_package_1\",\"Veg Pakackage 1\"],[\"veg_package_2\",\"Veg Pakackage 2\"]]},\"num_guests\":{\"max\":500,\"min\":50},\"package\":{\"package_order\":[\"veg_package_1\",\"veg_package_2\"],\"name\":\"Package\",\"value\":\"500 Rs per plate minimum 100 persons required\",\"package_list\":{\"veg_package_2\":{\"price\":700,\"description\":\"Description about veg package 2\",\"select_val\":\"Veg Pakackage 2\",\"pricing\":{\"line2\":\"pricing line 2 veg pkg 2\",\"line1\":\"pricing line 1 veg pkg 2\"}},\"veg_package_1\":{\"price\":500,\"desscription_url\":\"http:\\/\\/seekersguru.github.io\\/wwhtml\\/Venues-details.html\",\"description\":\"Description about veg package 1\",\"select_val\":\"Veg Pakackage 1\",\"pricing\":{\"line2\":\"pricing line 2 veg pkg 1\",\"line1\":\"pricing line 1 veg pkg 1\"}}}},\"notes\":\"Description(optional)\",\"flexible_date\":\"Flexible Date\",\"event_date\":\"1\",\"time_slot\":{\"name\":\"Time Slot\",\"value\":[[\"all_day\",\"All Day\"],[\"morning\",\"Morning\"],[\"evening\",\"Evening\"]]},\"type\":\"bid\",\"button\":\"Express Interest\"}',10000,'veg_package_2','2015-09-07','','morning','bid','0',''),(179,'c2v','sample','2015-09-04 09:09:17',163,19,'',-1,NULL,NULL,'',NULL,'message','0',''),(180,'c2v','Hi, do you allow outside alcohol?','2015-09-04 10:28:03',125,18,'',-1,NULL,NULL,'','','message','0','');
/*!40000 ALTER TABLE `wedwise_messages_messages` ENABLE KEYS */;
UNLOCK TABLES;

--
-- Table structure for table `wedwise_messages_schedulevisit`
--

DROP TABLE IF EXISTS `wedwise_messages_schedulevisit`;
/*!40101 SET @saved_cs_client     = @@character_set_client */;
/*!40101 SET character_set_client = utf8 */;
CREATE TABLE `wedwise_messages_schedulevisit` (
  `id` int(11) NOT NULL AUTO_INCREMENT,
  `history` longtext NOT NULL,
  `time` datetime NOT NULL,
  `customer_id` int(11) NOT NULL,
  `vendor_id` int(11) NOT NULL,
  PRIMARY KEY (`id`),
  KEY `wedwise_schedulevisit_cb24373b` (`customer_id`),
  KEY `wedwise_schedulevisit_96b1f972` (`vendor_id`),
  CONSTRAINT `wedwise_messages_sv_fk_vendor_vendor_id` FOREIGN KEY (`vendor_id`) REFERENCES `vendor_vendor` (`id`),
  CONSTRAINT `wedwis_sv_customer_id_customer_customer_user_id` FOREIGN KEY (`customer_id`) REFERENCES `customer_customer` (`user_id`)
) ENGINE=InnoDB AUTO_INCREMENT=11 DEFAULT CHARSET=latin1;
/*!40101 SET character_set_client = @saved_cs_client */;

--
-- Dumping data for table `wedwise_messages_schedulevisit`
--

LOCK TABLES `wedwise_messages_schedulevisit` WRITE;
/*!40000 ALTER TABLE `wedwise_messages_schedulevisit` DISABLE KEYS */;
INSERT INTO `wedwise_messages_schedulevisit` VALUES (8,'[\'2015-08-20 03:00\', \'2015-08-14 03:00\']','2015-08-14 03:00:00',158,23),(9,'[\'2015-09-02 00:00\', \'2015-09-17 00:00\']','2015-09-17 00:00:00',164,18),(10,'[\'2015-09-23 21:30\']','2015-09-23 21:30:00',168,19);
/*!40000 ALTER TABLE `wedwise_messages_schedulevisit` ENABLE KEYS */;
UNLOCK TABLES;
/*!40103 SET TIME_ZONE=@OLD_TIME_ZONE */;

/*!40101 SET SQL_MODE=@OLD_SQL_MODE */;
/*!40014 SET FOREIGN_KEY_CHECKS=@OLD_FOREIGN_KEY_CHECKS */;
/*!40014 SET UNIQUE_CHECKS=@OLD_UNIQUE_CHECKS */;
/*!40101 SET CHARACTER_SET_CLIENT=@OLD_CHARACTER_SET_CLIENT */;
/*!40101 SET CHARACTER_SET_RESULTS=@OLD_CHARACTER_SET_RESULTS */;
/*!40101 SET COLLATION_CONNECTION=@OLD_COLLATION_CONNECTION */;
/*!40111 SET SQL_NOTES=@OLD_SQL_NOTES */;

-- Dump completed on 2015-09-04 11:43:38
